sim_timestamp,sim_damage_timestamp,sim_name,sim_expected,Auto,Baneful Impaction (dot),Biolysis (dot),Broil IV,Energy Drain
-200,1500,Biolysis (dot),11258.0,0,0,11258,0,0
1500,2032,Auto,222.0,222,0,11258,0,0
3140,3940,Broil IV,44823.0,222,0,11258,44823,0
-200,4500,Biolysis (dot),11258.0,222,0,22516,44823,0
4620,5152,Auto,222.0,444,0,22516,44823,0
4600,5400,Broil IV,44823.0,444,0,22516,89646,0
-200,7500,Biolysis (dot),11258.0,444,0,33774,89646,0
7940,8740,Broil IV,57283.0,444,0,33774,146929,0
8440,8972,Auto,283.0,727,0,33774,146929,0
8543,9613,Energy Drain,17914.0,727,0,33774,146929,17914
-200,10500,Biolysis (dot),11258.0,727,0,45032,146929,17914
10340,11140,Broil IV,57283.0,727,0,45032,204212,17914
10943,12013,Energy Drain,17914.0,727,0,45032,204212,35828
11560,12092,Auto,283.0,1010,0,45032,204212,35828
-200,13500,Biolysis (dot),11258.0,1010,0,56290,204212,35828
12740,13540,Broil IV,57283.0,1010,0,56290,261495,35828
13343,14413,Energy Drain,17914.0,1010,0,56290,261495,53742
15140,15940,Broil IV,57283.0,1010,0,56290,318778,53742
15640,16172,Auto,283.0,1293,0,56290,318778,53742
-200,16500,Biolysis (dot),11258.0,1293,0,67548,318778,53742
17540,18340,Broil IV,57283.0,1293,0,67548,376061,53742
18760,19292,Auto,283.0,1576,0,67548,376061,53742
-200,19500,Biolysis (dot),11258.0,1576,0,78806,376061,53742
18143,19500,Baneful Impaction (dot),26023.0,1576,26023,78806,376061,53742
19940,20740,Broil IV,57283.0,1576,26023,78806,433344,53742
20543,21613,Energy Drain,17914.0,1576,26023,78806,433344,71656
-200,22500,Biolysis (dot),11258.0,1576,26023,90064,433344,71656
18143,22500,Baneful Impaction (dot),26023.0,1576,52046,90064,433344,71656
22340,23140,Broil IV,57283.0,1576,52046,90064,490627,71656
22840,23372,Auto,283.0,1859,52046,90064,490627,71656
22943,24013,Energy Drain,17914.0,1859,52046,90064,490627,89570
24420,25490,Energy Drain,17914.0,1859,52046,90064,490627,107484
23800,25500,Biolysis (dot),15737.0,1859,52046,105801,490627,107484
18143,25500,Baneful Impaction (dot),26023.0,1859,78069,105801,490627,107484
25960,26492,Auto,238.0,2097,78069,105801,490627,107484
27140,27940,Broil IV,44823.0,2097,78069,105801,535450,107484
23800,28500,Biolysis (dot),15737.0,2097,78069,121538,535450,107484
18143,28500,Baneful Impaction (dot),26023.0,2097,104092,121538,535450,107484
29541,30341,Broil IV,44823.0,2097,104092,121538,580273,107484
30041,30573,Auto,222.0,2319,104092,121538,580273,107484
23800,31500,Biolysis (dot),15737.0,2319,104092,137275,580273,107484
18143,31500,Baneful Impaction (dot),26023.0,2319,130115,137275,580273,107484
31941,32741,Broil IV,41419.0,2319,130115,137275,621692,107484
33161,33693,Auto,222.0,2541,130115,137275,621692,107484
23800,34500,Biolysis (dot),15737.0,2541,130115,153012,621692,107484
34341,35141,Broil IV,41419.0,2541,130115,153012,663111,107484
23800,37500,Biolysis (dot),15737.0,2541,130115,168749,663111,107484
36741,37541,Broil IV,41419.0,2541,130115,168749,704530,107484
37241,37773,Auto,222.0,2763,130115,168749,704530,107484
39141,39941,Broil IV,41419.0,2763,130115,168749,745949,107484
23800,40500,Biolysis (dot),15737.0,2763,130115,184486,745949,107484
40361,40893,Auto,222.0,2985,130115,184486,745949,107484
41541,42341,Broil IV,41419.0,2985,130115,184486,787368,107484
23800,43500,Biolysis (dot),15737.0,2985,130115,200223,787368,107484
43941,44741,Broil IV,41396.0,2985,130115,200223,828764,107484
44441,44973,Auto,221.0,3206,130115,200223,828764,107484
23800,46500,Biolysis (dot),15737.0,3206,130115,215960,828764,107484
46341,47141,Broil IV,41396.0,3206,130115,215960,870160,107484
47561,48093,Auto,221.0,3427,130115,215960,870160,107484
23800,49500,Biolysis (dot),15737.0,3427,130115,231697,870160,107484
48741,49541,Broil IV,41396.0,3427,130115,231697,911556,107484
51141,51941,Broil IV,41396.0,3427,130115,231697,952952,107484
51641,52173,Auto,221.0,3648,130115,231697,952952,107484
23800,52500,Biolysis (dot),15737.0,3648,130115,247434,952952,107484
54761,55293,Auto,221.0,3869,130115,247434,952952,107484
52601,55500,Biolysis (dot),11370.0,3869,130115,258804,952952,107484
55941,56741,Broil IV,41396.0,3869,130115,258804,994348,107484
52601,58500,Biolysis (dot),11370.0,3869,130115,270174,994348,107484
58341,59141,Broil IV,41396.0,3869,130115,270174,1035744,107484
58841,59373,Auto,221.0,4090,130115,270174,1035744,107484
52601,61500,Biolysis (dot),11370.0,4090,130115,281544,1035744,107484
60741,61541,Broil IV,41396.0,4090,130115,281544,1077140,107484
61961,62493,Auto,221.0,4311,130115,281544,1077140,107484
63141,63941,Broil IV,41396.0,4311,130115,281544,1118536,107484
52601,64500,Biolysis (dot),11370.0,4311,130115,292914,1118536,107484
65541,66341,Broil IV,41396.0,4311,130115,292914,1159932,107484
66041,66573,Auto,221.0,4532,130115,292914,1159932,107484
52601,67500,Biolysis (dot),11370.0,4532,130115,304284,1159932,107484
67941,68741,Broil IV,41396.0,4532,130115,304284,1201328,107484
69161,69693,Auto,221.0,4753,130115,304284,1201328,107484
52601,70500,Biolysis (dot),11370.0,4753,130115,315654,1201328,107484
70341,71141,Broil IV,41396.0,4753,130115,315654,1242724,107484
52601,73500,Biolysis (dot),11370.0,4753,130115,327024,1242724,107484
72741,73541,Broil IV,41396.0,4753,130115,327024,1284120,107484
73241,73773,Auto,221.0,4974,130115,327024,1284120,107484
75141,75941,Broil IV,41396.0,4974,130115,327024,1325516,107484
52601,76500,Biolysis (dot),11370.0,4974,130115,338394,1325516,107484
76361,76893,Auto,221.0,5195,130115,338394,1325516,107484
77541,78341,Broil IV,41396.0,5195,130115,338394,1366912,107484
52601,79500,Biolysis (dot),11370.0,5195,130115,349764,1366912,107484
79941,80741,Broil IV,41396.0,5195,130115,349764,1408308,107484
80441,80973,Auto,221.0,5416,130115,349764,1408308,107484
52601,82500,Biolysis (dot),11370.0,5416,130115,361134,1408308,107484
82341,83141,Broil IV,41285.0,5416,130115,361134,1449593,107484
83561,84093,Auto,221.0,5637,130115,361134,1449593,107484
83801,85500,Biolysis (dot),11340.0,5637,130115,372474,1449593,107484
87141,87941,Broil IV,41285.0,5637,130115,372474,1490878,107484
87641,88173,Auto,221.0,5858,130115,372474,1490878,107484
83801,88500,Biolysis (dot),11340.0,5858,130115,383814,1490878,107484
89542,90342,Broil IV,41285.0,5858,130115,383814,1532163,107484
90761,91293,Auto,221.0,6079,130115,383814,1532163,107484
83801,91500,Biolysis (dot),11340.0,6079,130115,395154,1532163,107484
91942,92742,Broil IV,41285.0,6079,130115,395154,1573448,107484
83801,94500,Biolysis (dot),11340.0,6079,130115,406494,1573448,107484
94342,95142,Broil IV,41285.0,6079,130115,406494,1614733,107484
94842,95374,Auto,221.0,6300,130115,406494,1614733,107484
83801,97500,Biolysis (dot),11340.0,6300,130115,417834,1614733,107484
96742,97542,Broil IV,41285.0,6300,130115,417834,1656018,107484
97962,98494,Auto,221.0,6521,130115,417834,1656018,107484
99142,99942,Broil IV,41285.0,6521,130115,417834,1697303,107484
83801,100500,Biolysis (dot),11340.0,6521,130115,429174,1697303,107484
101542,102342,Broil IV,41285.0,6521,130115,429174,1738588,107484
102042,102574,Auto,221.0,6742,130115,429174,1738588,107484
83801,103500,Biolysis (dot),11340.0,6742,130115,440514,1738588,107484
103942,104742,Broil IV,41285.0,6742,130115,440514,1779873,107484
105162,105694,Auto,221.0,6963,130115,440514,1779873,107484
83801,106500,Biolysis (dot),11340.0,6963,130115,451854,1779873,107484
106342,107142,Broil IV,41285.0,6963,130115,451854,1821158,107484
83801,109500,Biolysis (dot),11340.0,6963,130115,463194,1821158,107484
108742,109542,Broil IV,41285.0,6963,130115,463194,1862443,107484
109242,109774,Auto,221.0,7184,130115,463194,1862443,107484
111142,111942,Broil IV,41285.0,7184,130115,463194,1903728,107484
83801,112500,Biolysis (dot),11340.0,7184,130115,474534,1903728,107484
112362,112894,Auto,221.0,7405,130115,474534,1903728,107484
113542,114342,Broil IV,41285.0,7405,130115,474534,1945013,107484
115482,116014,Auto,221.0,7626,130115,474534,1945013,107484
115002,118500,Biolysis (dot),11340.0,7626,130115,485874,1945013,107484
118342,119142,Broil IV,41285.0,7626,130115,485874,1986298,107484
118842,119374,Auto,221.0,7847,130115,485874,1986298,107484
115002,121500,Biolysis (dot),11340.0,7847,130115,497214,1986298,107484
120742,121542,Broil IV,41285.0,7847,130115,497214,2027583,107484
121962,122494,Auto,222.0,8069,130115,497214,2027583,107484
123142,123942,Broil IV,41419.0,8069,130115,497214,2069002,107484
115002,124500,Biolysis (dot),11340.0,8069,130115,508554,2069002,107484
124602,125402,Broil IV,41419.0,8069,130115,508554,2110421,107484
125082,125614,Auto,222.0,8291,130115,508554,2110421,107484
115002,127500,Biolysis (dot),11340.0,8291,130115,519894,2110421,107484
127942,128742,Broil IV,55009.0,8291,130115,519894,2165430,107484
128442,128974,Auto,294.0,8585,130115,519894,2165430,107484
128544,129614,Energy Drain,17203.0,8585,130115,519894,2165430,124687
115002,130500,Biolysis (dot),11340.0,8585,130115,531234,2165430,124687
130341,131141,Broil IV,55009.0,8585,130115,531234,2220439,124687
130945,132015,Energy Drain,17203.0,8585,130115,531234,2220439,141890
131562,132094,Auto,294.0,8879,130115,531234,2220439,141890
115002,133500,Biolysis (dot),11340.0,8879,130115,542574,2220439,141890
132742,133542,Broil IV,55009.0,8879,130115,542574,2275448,141890
133345,134415,Energy Drain,17203.0,8879,130115,542574,2275448,159093
135142,135942,Broil IV,55009.0,8879,130115,542574,2330457,159093
135642,136174,Auto,294.0,9173,130115,542574,2330457,159093
115002,136500,Biolysis (dot),11340.0,9173,130115,553914,2330457,159093
137542,138342,Broil IV,55009.0,9173,130115,553914,2385466,159093
138762,139294,Auto,294.0,9467,130115,553914,2385466,159093
138145,139500,Baneful Impaction (dot),24985.0,9467,155100,553914,2385466,159093
115002,139500,Biolysis (dot),11340.0,9467,155100,565254,2385466,159093
139942,140742,Broil IV,55009.0,9467,155100,565254,2440475,159093
140545,141615,Energy Drain,17203.0,9467,155100,565254,2440475,176296
115002,142500,Biolysis (dot),11340.0,9467,155100,576594,2440475,176296
138145,142500,Baneful Impaction (dot),24985.0,9467,180085,576594,2440475,176296
142342,143142,Broil IV,55009.0,9467,180085,576594,2495484,176296
142842,143374,Auto,294.0,9761,180085,576594,2495484,176296
142945,144015,Energy Drain,17203.0,9761,180085,576594,2495484,193499
144422,145492,Energy Drain,17203.0,9761,180085,576594,2495484,210702
138145,145500,Baneful Impaction (dot),24985.0,9761,205070,576594,2495484,210702
143802,145500,Biolysis (dot),15109.0,9761,205070,591703,2495484,210702
145962,146494,Auto,281.0,10042,205070,591703,2495484,210702
147142,147942,Broil IV,41419.0,10042,205070,591703,2536903,210702
143802,148500,Biolysis (dot),15109.0,10042,205070,606812,2536903,210702
138145,148500,Baneful Impaction (dot),24985.0,10042,230055,606812,2536903,210702
149543,150343,Broil IV,41419.0,10042,230055,606812,2578322,210702
150043,150575,Auto,222.0,10264,230055,606812,2578322,210702
138145,151500,Baneful Impaction (dot),24985.0,10264,255040,606812,2578322,210702
143802,151500,Biolysis (dot),15109.0,10264,255040,621921,2578322,210702
151943,152743,Broil IV,41419.0,10264,255040,621921,2619741,210702
153163,153695,Auto,222.0,10486,255040,621921,2619741,210702
143802,154500,Biolysis (dot),15109.0,10486,255040,637030,2619741,210702
154343,155143,Broil IV,41419.0,10486,255040,637030,2661160,210702
143802,157500,Biolysis (dot),15109.0,10486,255040,652139,2661160,210702
156743,157543,Broil IV,41419.0,10486,255040,652139,2702579,210702
157243,157775,Auto,222.0,10708,255040,652139,2702579,210702
159143,159943,Broil IV,41419.0,10708,255040,652139,2743998,210702
143802,160500,Biolysis (dot),15109.0,10708,255040,667248,2743998,210702
160363,160895,Auto,222.0,10930,255040,667248,2743998,210702
161543,162343,Broil IV,41419.0,10930,255040,667248,2785417,210702
143802,163500,Biolysis (dot),15109.0,10930,255040,682357,2785417,210702
163943,164743,Broil IV,41419.0,10930,255040,682357,2826836,210702
164443,164975,Auto,222.0,11152,255040,682357,2826836,210702
143802,166500,Biolysis (dot),15109.0,11152,255040,697466,2826836,210702
166343,167143,Broil IV,41396.0,11152,255040,697466,2868232,210702
167563,168095,Auto,221.0,11373,255040,697466,2868232,210702
143802,169500,Biolysis (dot),15109.0,11373,255040,712575,2868232,210702
168743,169543,Broil IV,41396.0,11373,255040,712575,2909628,210702
171143,171943,Broil IV,41396.0,11373,255040,712575,2951024,210702
171643,172175,Auto,221.0,11594,255040,712575,2951024,210702
143802,172500,Biolysis (dot),15109.0,11594,255040,727684,2951024,210702
173543,174343,Broil IV,41396.0,11594,255040,727684,2992420,210702
174763,175295,Auto,221.0,11815,255040,727684,2992420,210702
175003,178500,Biolysis (dot),11370.0,11815,255040,739054,2992420,210702
178343,179143,Broil IV,41396.0,11815,255040,739054,3033816,210702
178843,179375,Auto,221.0,12036,255040,739054,3033816,210702
175003,181500,Biolysis (dot),11370.0,12036,255040,750424,3033816,210702
180743,181543,Broil IV,41396.0,12036,255040,750424,3075212,210702
181963,182495,Auto,221.0,12257,255040,750424,3075212,210702
183143,183943,Broil IV,41396.0,12257,255040,750424,3116608,210702
175003,184500,Biolysis (dot),11370.0,12257,255040,761794,3116608,210702
183746,184816,Energy Drain,12945.0,12257,255040,761794,3116608,223647
185543,186343,Broil IV,41396.0,12257,255040,761794,3158004,223647
186043,186575,Auto,221.0,12478,255040,761794,3158004,223647
186146,187216,Energy Drain,12945.0,12478,255040,761794,3158004,236592
175003,187500,Biolysis (dot),11370.0,12478,255040,773164,3158004,236592
187943,188743,Broil IV,41396.0,12478,255040,773164,3199400,236592
188546,189616,Energy Drain,12945.0,12478,255040,773164,3199400,249537
189163,189695,Auto,221.0,12699,255040,773164,3199400,249537
175003,190500,Biolysis (dot),11370.0,12699,255040,784534,3199400,249537
190343,191143,Broil IV,41396.0,12699,255040,784534,3240796,249537
175003,193500,Biolysis (dot),11370.0,12699,255040,795904,3240796,249537
192743,193543,Broil IV,41396.0,12699,255040,795904,3282192,249537
193243,193775,Auto,221.0,12920,255040,795904,3282192,249537
195143,195943,Broil IV,41396.0,12920,255040,795904,3323588,249537
175003,196500,Biolysis (dot),11370.0,12920,255040,807274,3323588,249537
196363,196895,Auto,221.0,13141,255040,807274,3323588,249537
197543,198343,Broil IV,41396.0,13141,255040,807274,3364984,249537
175003,199500,Biolysis (dot),11370.0,13141,255040,818644,3364984,249537
199943,200743,Broil IV,41396.0,13141,255040,818644,3406380,249537
200443,200975,Auto,221.0,13362,255040,818644,3406380,249537
175003,202500,Biolysis (dot),11370.0,13362,255040,830014,3406380,249537
202343,203143,Broil IV,41396.0,13362,255040,830014,3447776,249537
203563,204095,Auto,221.0,13583,255040,830014,3447776,249537
175003,205500,Biolysis (dot),11370.0,13583,255040,841384,3447776,249537
204743,205543,Broil IV,41285.0,13583,255040,841384,3489061,249537
206683,207215,Auto,221.0,13804,255040,841384,3489061,249537
206203,208500,Biolysis (dot),11340.0,13804,255040,852724,3489061,249537
209544,210344,Broil IV,41285.0,13804,255040,852724,3530346,249537
210044,210576,Auto,221.0,14025,255040,852724,3530346,249537
206203,211500,Biolysis (dot),11340.0,14025,255040,864064,3530346,249537
211944,212744,Broil IV,41285.0,14025,255040,864064,3571631,249537
213164,213696,Auto,221.0,14246,255040,864064,3571631,249537
206203,214500,Biolysis (dot),11340.0,14246,255040,875404,3571631,249537
214344,215144,Broil IV,41285.0,14246,255040,875404,3612916,249537
206203,217500,Biolysis (dot),11340.0,14246,255040,886744,3612916,249537
216744,217544,Broil IV,41285.0,14246,255040,886744,3654201,249537
217244,217776,Auto,221.0,14467,255040,886744,3654201,249537
219144,219944,Broil IV,41285.0,14467,255040,886744,3695486,249537
206203,220500,Biolysis (dot),11340.0,14467,255040,898084,3695486,249537
220364,220896,Auto,221.0,14688,255040,898084,3695486,249537
221544,222344,Broil IV,41285.0,14688,255040,898084,3736771,249537
206203,223500,Biolysis (dot),11340.0,14688,255040,909424,3736771,249537
223944,224744,Broil IV,41285.0,14688,255040,909424,3778056,249537
224444,224976,Auto,221.0,14909,255040,909424,3778056,249537
206203,226500,Biolysis (dot),11340.0,14909,255040,920764,3778056,249537
226344,227144,Broil IV,41285.0,14909,255040,920764,3819341,249537
227564,228096,Auto,221.0,15130,255040,920764,3819341,249537
206203,229500,Biolysis (dot),11340.0,15130,255040,932104,3819341,249537
228744,229544,Broil IV,41285.0,15130,255040,932104,3860626,249537
231144,231944,Broil IV,41285.0,15130,255040,932104,3901911,249537
231644,232176,Auto,221.0,15351,255040,932104,3901911,249537
206203,232500,Biolysis (dot),11340.0,15351,255040,943444,3901911,249537
233544,234344,Broil IV,41285.0,15351,255040,943444,3943196,249537
234764,235296,Auto,221.0,15572,255040,943444,3943196,249537
206203,235500,Biolysis (dot),11340.0,15572,255040,954784,3943196,249537
235004,238500,Biolysis (dot),11340.0,15572,255040,966124,3943196,249537
238344,239144,Broil IV,41285.0,15572,255040,966124,3984481,249537
238844,239376,Auto,221.0,15793,255040,966124,3984481,249537
235004,241500,Biolysis (dot),11340.0,15793,255040,977464,3984481,249537
240744,241544,Broil IV,41285.0,15793,255040,977464,4025766,249537
241964,242496,Auto,222.0,16015,255040,977464,4025766,249537
243144,243944,Broil IV,41419.0,16015,255040,977464,4067185,249537
235004,244500,Biolysis (dot),11340.0,16015,255040,988804,4067185,249537
244604,245404,Broil IV,41419.0,16015,255040,988804,4108604,249537
245084,245616,Auto,222.0,16237,255040,988804,4108604,249537
235004,247500,Biolysis (dot),11340.0,16237,255040,1000144,4108604,249537
247944,248744,Broil IV,55009.0,16237,255040,1000144,4163613,249537
248444,248976,Auto,294.0,16531,255040,1000144,4163613,249537
248547,249617,Energy Drain,17203.0,16531,255040,1000144,4163613,266740
235004,250500,Biolysis (dot),11340.0,16531,255040,1011484,4163613,266740
250344,251144,Broil IV,55009.0,16531,255040,1011484,4218622,266740
250947,252017,Energy Drain,17203.0,16531,255040,1011484,4218622,283943
251564,252096,Auto,294.0,16825,255040,1011484,4218622,283943
235004,253500,Biolysis (dot),11340.0,16825,255040,1022824,4218622,283943
252744,253544,Broil IV,55009.0,16825,255040,1022824,4273631,283943
253347,254417,Energy Drain,17203.0,16825,255040,1022824,4273631,301146
255144,255944,Broil IV,55009.0,16825,255040,1022824,4328640,301146
255644,256176,Auto,294.0,17119,255040,1022824,4328640,301146
235004,256500,Biolysis (dot),11340.0,17119,255040,1034164,4328640,301146
257543,258343,Broil IV,55009.0,17119,255040,1034164,4383649,301146
258764,259296,Auto,294.0,17413,255040,1034164,4383649,301146
235004,259500,Biolysis (dot),11340.0,17413,255040,1045504,4383649,301146
258147,259500,Baneful Impaction (dot),24985.0,17413,280025,1045504,4383649,301146
259944,260744,Broil IV,55009.0,17413,280025,1045504,4438658,301146
260547,261617,Energy Drain,17203.0,17413,280025,1045504,4438658,318349
235004,262500,Biolysis (dot),11340.0,17413,280025,1056844,4438658,318349
258147,262500,Baneful Impaction (dot),24985.0,17413,305010,1056844,4438658,318349
262344,263144,Broil IV,55009.0,17413,305010,1056844,4493667,318349
262844,263376,Auto,294.0,17707,305010,1056844,4493667,318349
262947,264017,Energy Drain,17203.0,17707,305010,1056844,4493667,335552
264424,265494,Energy Drain,17203.0,17707,305010,1056844,4493667,352755
263804,265500,Biolysis (dot),15109.0,17707,305010,1071953,4493667,352755
258147,265500,Baneful Impaction (dot),24985.0,17707,329995,1071953,4493667,352755
265964,266496,Auto,294.0,18001,329995,1071953,4493667,352755
267144,267944,Broil IV,41419.0,18001,329995,1071953,4535086,352755
258147,268500,Baneful Impaction (dot),24985.0,18001,354980,1071953,4535086,352755
263804,268500,Biolysis (dot),15109.0,18001,354980,1087062,4535086,352755
269545,270345,Broil IV,41419.0,18001,354980,1087062,4576505,352755
270045,270577,Auto,222.0,18223,354980,1087062,4576505,352755
263804,271500,Biolysis (dot),15109.0,18223,354980,1102171,4576505,352755
258147,271500,Baneful Impaction (dot),24985.0,18223,379965,1102171,4576505,352755
271945,272745,Broil IV,41419.0,18223,379965,1102171,4617924,352755
273165,273697,Auto,222.0,18445,379965,1102171,4617924,352755
263804,274500,Biolysis (dot),15109.0,18445,379965,1117280,4617924,352755
274345,275145,Broil IV,41419.0,18445,379965,1117280,4659343,352755
263804,277500,Biolysis (dot),15109.0,18445,379965,1132389,4659343,352755
276745,277545,Broil IV,41419.0,18445,379965,1132389,4700762,352755
277245,277777,Auto,222.0,18667,379965,1132389,4700762,352755
279145,279945,Broil IV,41419.0,18667,379965,1132389,4742181,352755
263804,280500,Biolysis (dot),15109.0,18667,379965,1147498,4742181,352755
280365,280897,Auto,222.0,18889,379965,1147498,4742181,352755
281545,282345,Broil IV,41419.0,18889,379965,1147498,4783600,352755
263804,283500,Biolysis (dot),15109.0,18889,379965,1162607,4783600,352755
283945,284745,Broil IV,41419.0,18889,379965,1162607,4825019,352755
284445,284977,Auto,222.0,19111,379965,1162607,4825019,352755
263804,286500,Biolysis (dot),15109.0,19111,379965,1177716,4825019,352755
286345,287145,Broil IV,41396.0,19111,379965,1177716,4866415,352755
287565,288097,Auto,221.0,19332,379965,1177716,4866415,352755
263804,289500,Biolysis (dot),15109.0,19332,379965,1192825,4866415,352755
288745,289545,Broil IV,41396.0,19332,379965,1192825,4907811,352755
291145,291945,Broil IV,41396.0,19332,379965,1192825,4949207,352755
291645,292177,Auto,221.0,19553,379965,1192825,4949207,352755
263804,292500,Biolysis (dot),15109.0,19553,379965,1207934,4949207,352755
293545,294345,Broil IV,41396.0,19553,379965,1207934,4990603,352755
294765,295297,Auto,221.0,19774,379965,1207934,4990603,352755
295005,298500,Biolysis (dot),11370.0,19774,379965,1219304,4990603,352755
298345,299145,Broil IV,41396.0,19774,379965,1219304,5031999,352755
298845,299377,Auto,221.0,19995,379965,1219304,5031999,352755
295005,301500,Biolysis (dot),11370.0,19995,379965,1230674,5031999,352755
300745,301545,Broil IV,41396.0,19995,379965,1230674,5073395,352755
301965,302497,Auto,221.0,20216,379965,1230674,5073395,352755
303145,303945,Broil IV,41396.0,20216,379965,1230674,5114791,352755
295005,304500,Biolysis (dot),11370.0,20216,379965,1242044,5114791,352755
305545,306345,Broil IV,41396.0,20216,379965,1242044,5156187,352755
306045,306577,Auto,221.0,20437,379965,1242044,5156187,352755
295005,307500,Biolysis (dot),11370.0,20437,379965,1253414,5156187,352755
307945,308745,Broil IV,41396.0,20437,379965,1253414,5197583,352755
309165,309697,Auto,221.0,20658,379965,1253414,5197583,352755
295005,310500,Biolysis (dot),11370.0,20658,379965,1264784,5197583,352755
310345,311145,Broil IV,41396.0,20658,379965,1264784,5238979,352755
295005,313500,Biolysis (dot),11370.0,20658,379965,1276154,5238979,352755
312745,313545,Broil IV,41396.0,20658,379965,1276154,5280375,352755
313245,313777,Auto,221.0,20879,379965,1276154,5280375,352755
315145,315945,Broil IV,41396.0,20879,379965,1276154,5321771,352755
295005,316500,Biolysis (dot),11370.0,20879,379965,1287524,5321771,352755
316365,316897,Auto,221.0,21100,379965,1287524,5321771,352755
317545,318345,Broil IV,41396.0,21100,379965,1287524,5363167,352755
295005,319500,Biolysis (dot),11370.0,21100,379965,1298894,5363167,352755
319945,320745,Broil IV,41396.0,21100,379965,1298894,5404563,352755
320445,320977,Auto,221.0,21321,379965,1298894,5404563,352755
295005,322500,Biolysis (dot),11370.0,21321,379965,1310264,5404563,352755
322345,323145,Broil IV,41396.0,21321,379965,1310264,5445959,352755
323565,324097,Auto,221.0,21542,379965,1310264,5445959,352755
295005,325500,Biolysis (dot),11370.0,21542,379965,1321634,5445959,352755
324745,325545,Broil IV,41285.0,21542,379965,1321634,5487244,352755
326685,327217,Auto,221.0,21763,379965,1321634,5487244,352755
326205,328500,Biolysis (dot),11340.0,21763,379965,1332974,5487244,352755
329546,330346,Broil IV,41285.0,21763,379965,1332974,5528529,352755
330046,330578,Auto,221.0,21984,379965,1332974,5528529,352755
326205,331500,Biolysis (dot),11340.0,21984,379965,1344314,5528529,352755
331946,332746,Broil IV,41285.0,21984,379965,1344314,5569814,352755
333166,333698,Auto,221.0,22205,379965,1344314,5569814,352755
326205,334500,Biolysis (dot),11340.0,22205,379965,1355654,5569814,352755
334346,335146,Broil IV,41285.0,22205,379965,1355654,5611099,352755
326205,337500,Biolysis (dot),11340.0,22205,379965,1366994,5611099,352755
336746,337546,Broil IV,41285.0,22205,379965,1366994,5652384,352755
337246,337778,Auto,221.0,22426,379965,1366994,5652384,352755
339146,339946,Broil IV,41285.0,22426,379965,1366994,5693669,352755
326205,340500,Biolysis (dot),11340.0,22426,379965,1378334,5693669,352755
340366,340898,Auto,221.0,22647,379965,1378334,5693669,352755
341546,342346,Broil IV,41285.0,22647,379965,1378334,5734954,352755
326205,343500,Biolysis (dot),11340.0,22647,379965,1389674,5734954,352755
343946,344746,Broil IV,41285.0,22647,379965,1389674,5776239,352755
344446,344978,Auto,221.0,22868,379965,1389674,5776239,352755
326205,346500,Biolysis (dot),11340.0,22868,379965,1401014,5776239,352755
346346,347146,Broil IV,41285.0,22868,379965,1401014,5817524,352755
347566,348098,Auto,221.0,23089,379965,1401014,5817524,352755
326205,349500,Biolysis (dot),11340.0,23089,379965,1412354,5817524,352755
348746,349546,Broil IV,41285.0,23089,379965,1412354,5858809,352755
351146,351946,Broil IV,41285.0,23089,379965,1412354,5900094,352755
351646,352178,Auto,221.0,23310,379965,1412354,5900094,352755
326205,352500,Biolysis (dot),11340.0,23310,379965,1423694,5900094,352755
353546,354346,Broil IV,41285.0,23310,379965,1423694,5941379,352755
354766,355298,Auto,221.0,23531,379965,1423694,5941379,352755
326205,355500,Biolysis (dot),11340.0,23531,379965,1435034,5941379,352755
355626,356696,Energy Drain,13972.0,23531,379965,1435034,5941379,366727
356626,357696,Energy Drain,13972.0,23531,379965,1435034,5941379,380699
355006,358500,Biolysis (dot),12274.0,23531,379965,1447308,5941379,380699
358346,359146,Broil IV,44678.0,23531,379965,1447308,5986057,380699
358846,359378,Auto,221.0,23752,379965,1447308,5986057,380699
358949,360019,Energy Drain,13972.0,23752,379965,1447308,5986057,394671
355006,361500,Biolysis (dot),12274.0,23752,379965,1459582,5986057,394671
360746,361546,Broil IV,44678.0,23752,379965,1459582,6030735,394671
361966,362498,Auto,222.0,23974,379965,1459582,6030735,394671
363146,363946,Broil IV,44823.0,23974,379965,1459582,6075558,394671
355006,364500,Biolysis (dot),12274.0,23974,379965,1471856,6075558,394671
364606,365406,Broil IV,44823.0,23974,379965,1471856,6120381,394671
365086,365618,Auto,222.0,24196,379965,1471856,6120381,394671
355006,367500,Biolysis (dot),12274.0,24196,379965,1484130,6120381,394671
367946,368746,Broil IV,59529.0,24196,379965,1484130,6179910,394671
368446,368978,Auto,294.0,24490,379965,1484130,6179910,394671
368549,369619,Energy Drain,18617.0,24490,379965,1484130,6179910,413288
355006,370500,Biolysis (dot),12274.0,24490,379965,1496404,6179910,413288
370346,371146,Broil IV,59529.0,24490,379965,1496404,6239439,413288
370949,372019,Energy Drain,18617.0,24490,379965,1496404,6239439,431905
371566,372098,Auto,294.0,24784,379965,1496404,6239439,431905
355006,373500,Biolysis (dot),12274.0,24784,379965,1508678,6239439,431905
372746,373546,Broil IV,59529.0,24784,379965,1508678,6298968,431905
373349,374419,Energy Drain,18617.0,24784,379965,1508678,6298968,450522
375146,375946,Broil IV,59529.0,24784,379965,1508678,6358497,450522
375646,376178,Auto,294.0,25078,379965,1508678,6358497,450522
355006,376500,Biolysis (dot),12274.0,25078,379965,1520952,6358497,450522
377546,378346,Broil IV,59529.0,25078,379965,1520952,6418026,450522
378766,379298,Auto,294.0,25372,379965,1520952,6418026,450522
355006,379500,Biolysis (dot),12274.0,25372,379965,1533226,6418026,450522
378149,379500,Baneful Impaction (dot),27043.0,25372,407008,1533226,6418026,450522
379946,380746,Broil IV,59529.0,25372,407008,1533226,6477555,450522
380549,381619,Energy Drain,18617.0,25372,407008,1533226,6477555,469139
378149,382500,Baneful Impaction (dot),27043.0,25372,434051,1533226,6477555,469139
355006,382500,Biolysis (dot),12274.0,25372,434051,1545500,6477555,469139
382346,383146,Broil IV,59529.0,25372,434051,1545500,6537084,469139
382846,383378,Auto,294.0,25666,434051,1545500,6537084,469139
382949,384019,Energy Drain,18617.0,25666,434051,1545500,6537084,487756
384426,385496,Energy Drain,18617.0,25666,434051,1545500,6537084,506373
383806,385500,Biolysis (dot),16354.0,25666,434051,1561854,6537084,506373
378149,385500,Baneful Impaction (dot),27043.0,25666,461094,1561854,6537084,506373
385966,386498,Auto,294.0,25960,461094,1561854,6537084,506373
387146,387946,Broil IV,41419.0,25960,461094,1561854,6578503,506373
383806,388500,Biolysis (dot),16354.0,25960,461094,1578208,6578503,506373
378149,388500,Baneful Impaction (dot),27043.0,25960,488137,1578208,6578503,506373
389547,390347,Broil IV,41419.0,25960,488137,1578208,6619922,506373
390047,390579,Auto,222.0,26182,488137,1578208,6619922,506373
378149,391500,Baneful Impaction (dot),27043.0,26182,515180,1578208,6619922,506373
383806,391500,Biolysis (dot),16354.0,26182,515180,1594562,6619922,506373
391947,392747,Broil IV,41419.0,26182,515180,1594562,6661341,506373
393167,393699,Auto,222.0,26404,515180,1594562,6661341,506373
383806,394500,Biolysis (dot),16354.0,26404,515180,1610916,6661341,506373
394347,395147,Broil IV,41419.0,26404,515180,1610916,6702760,506373
383806,397500,Biolysis (dot),16354.0,26404,515180,1627270,6702760,506373
396747,397547,Broil IV,41419.0,26404,515180,1627270,6744179,506373
397247,397779,Auto,222.0,26626,515180,1627270,6744179,506373
399147,399947,Broil IV,41419.0,26626,515180,1627270,6785598,506373
383806,400500,Biolysis (dot),16354.0,26626,515180,1643624,6785598,506373
400367,400899,Auto,222.0,26848,515180,1643624,6785598,506373
401547,402347,Broil IV,41419.0,26848,515180,1643624,6827017,506373
383806,403500,Biolysis (dot),16354.0,26848,515180,1659978,6827017,506373
403947,404747,Broil IV,41419.0,26848,515180,1659978,6868436,506373
404447,404979,Auto,222.0,27070,515180,1659978,6868436,506373
383806,406500,Biolysis (dot),16354.0,27070,515180,1676332,6868436,506373
406347,407147,Broil IV,41396.0,27070,515180,1676332,6909832,506373
407567,408099,Auto,221.0,27291,515180,1676332,6909832,506373
383806,409500,Biolysis (dot),16354.0,27291,515180,1692686,6909832,506373
408747,409547,Broil IV,41396.0,27291,515180,1692686,6951228,506373
411147,411947,Broil IV,41396.0,27291,515180,1692686,6992624,506373
411647,412179,Auto,221.0,27512,515180,1692686,6992624,506373
383806,412500,Biolysis (dot),16354.0,27512,515180,1709040,6992624,506373
413547,414347,Broil IV,41396.0,27512,515180,1709040,7034020,506373
414767,415299,Auto,221.0,27733,515180,1709040,7034020,506373
415007,418500,Biolysis (dot),11370.0,27733,515180,1720410,7034020,506373
418347,419147,Broil IV,41396.0,27733,515180,1720410,7075416,506373
418847,419379,Auto,221.0,27954,515180,1720410,7075416,506373
415007,421500,Biolysis (dot),11370.0,27954,515180,1731780,7075416,506373
420747,421547,Broil IV,41396.0,27954,515180,1731780,7116812,506373
421967,422499,Auto,221.0,28175,515180,1731780,7116812,506373
423147,423947,Broil IV,41396.0,28175,515180,1731780,7158208,506373
415007,424500,Biolysis (dot),11370.0,28175,515180,1743150,7158208,506373
425547,426347,Broil IV,41396.0,28175,515180,1743150,7199604,506373
426047,426579,Auto,221.0,28396,515180,1743150,7199604,506373
415007,427500,Biolysis (dot),11370.0,28396,515180,1754520,7199604,506373
427947,428747,Broil IV,41396.0,28396,515180,1754520,7241000,506373
429167,429699,Auto,221.0,28617,515180,1754520,7241000,506373
415007,430500,Biolysis (dot),11370.0,28617,515180,1765890,7241000,506373
430347,431147,Broil IV,41396.0,28617,515180,1765890,7282396,506373
415007,433500,Biolysis (dot),11370.0,28617,515180,1777260,7282396,506373
432747,433547,Broil IV,41396.0,28617,515180,1777260,7323792,506373
433247,433779,Auto,221.0,28838,515180,1777260,7323792,506373
435147,435947,Broil IV,41396.0,28838,515180,1777260,7365188,506373
415007,436500,Biolysis (dot),11370.0,28838,515180,1788630,7365188,506373
436367,436899,Auto,221.0,29059,515180,1788630,7365188,506373
437547,438347,Broil IV,41396.0,29059,515180,1788630,7406584,506373
415007,439500,Biolysis (dot),11370.0,29059,515180,1800000,7406584,506373
439947,440747,Broil IV,41396.0,29059,515180,1800000,7447980,506373
440447,440979,Auto,221.0,29280,515180,1800000,7447980,506373
415007,442500,Biolysis (dot),11370.0,29280,515180,1811370,7447980,506373
442347,443147,Broil IV,41396.0,29280,515180,1811370,7489376,506373
443567,444099,Auto,221.0,29501,515180,1811370,7489376,506373
443807,445500,Biolysis (dot),11340.0,29501,515180,1822710,7489376,506373
447147,447947,Broil IV,41285.0,29501,515180,1822710,7530661,506373
447647,448179,Auto,221.0,29722,515180,1822710,7530661,506373
443807,448500,Biolysis (dot),11340.0,29722,515180,1834050,7530661,506373
449548,450348,Broil IV,41285.0,29722,515180,1834050,7571946,506373
450767,451299,Auto,221.0,29943,515180,1834050,7571946,506373
443807,451500,Biolysis (dot),11340.0,29943,515180,1845390,7571946,506373
451948,452748,Broil IV,41285.0,29943,515180,1845390,7613231,506373
443807,454500,Biolysis (dot),11340.0,29943,515180,1856730,7613231,506373
454348,455148,Broil IV,41285.0,29943,515180,1856730,7654516,506373
454848,455380,Auto,221.0,30164,515180,1856730,7654516,506373
443807,457500,Biolysis (dot),11340.0,30164,515180,1868070,7654516,506373
456748,457548,Broil IV,41285.0,30164,515180,1868070,7695801,506373
457968,458500,Auto,221.0,30385,515180,1868070,7695801,506373
459148,459948,Broil IV,41285.0,30385,515180,1868070,7737086,506373
443807,460500,Biolysis (dot),11340.0,30385,515180,1879410,7737086,506373
461548,462348,Broil IV,41285.0,30385,515180,1879410,7778371,506373
462048,462580,Auto,221.0,30606,515180,1879410,7778371,506373
443807,463500,Biolysis (dot),11340.0,30606,515180,1890750,7778371,506373
463948,464748,Broil IV,41285.0,30606,515180,1890750,7819656,506373
465168,465700,Auto,221.0,30827,515180,1890750,7819656,506373
443807,466500,Biolysis (dot),11340.0,30827,515180,1902090,7819656,506373
466348,467148,Broil IV,41285.0,30827,515180,1902090,7860941,506373
443807,469500,Biolysis (dot),11340.0,30827,515180,1913430,7860941,506373
468748,469548,Broil IV,41285.0,30827,515180,1913430,7902226,506373
469248,469780,Auto,221.0,31048,515180,1913430,7902226,506373
471148,471948,Broil IV,41285.0,31048,515180,1913430,7943511,506373
443807,472500,Biolysis (dot),11340.0,31048,515180,1924770,7943511,506373
472368,472900,Auto,221.0,31269,515180,1924770,7943511,506373
473548,474348,Broil IV,41285.0,31269,515180,1924770,7984796,506373
475488,476020,Auto,221.0,31490,515180,1924770,7984796,506373
475008,478500,Biolysis (dot),11340.0,31490,515180,1936110,7984796,506373
478348,479148,Broil IV,41285.0,31490,515180,1936110,8026081,506373
478848,479380,Auto,221.0,31711,515180,1936110,8026081,506373
475008,481500,Biolysis (dot),11340.0,31711,515180,1947450,8026081,506373
480748,481548,Broil IV,41285.0,31711,515180,1947450,8067366,506373
481968,482500,Auto,222.0,31933,515180,1947450,8067366,506373
483148,483948,Broil IV,41419.0,31933,515180,1947450,8108785,506373
475008,484500,Biolysis (dot),11340.0,31933,515180,1958790,8108785,506373
484608,485408,Broil IV,41419.0,31933,515180,1958790,8150204,506373
485088,485620,Auto,222.0,32155,515180,1958790,8150204,506373
475008,487500,Biolysis (dot),11340.0,32155,515180,1970130,8150204,506373
487948,488748,Broil IV,55009.0,32155,515180,1970130,8205213,506373
488448,488980,Auto,294.0,32449,515180,1970130,8205213,506373
488551,489621,Energy Drain,17203.0,32449,515180,1970130,8205213,523576
475008,490500,Biolysis (dot),11340.0,32449,515180,1981470,8205213,523576
490348,491148,Broil IV,55009.0,32449,515180,1981470,8260222,523576
490951,492021,Energy Drain,17203.0,32449,515180,1981470,8260222,540779
491568,492100,Auto,294.0,32743,515180,1981470,8260222,540779
475008,493500,Biolysis (dot),11340.0,32743,515180,1992810,8260222,540779
492748,493548,Broil IV,55009.0,32743,515180,1992810,8315231,540779
493351,494421,Energy Drain,17203.0,32743,515180,1992810,8315231,557982
495148,495948,Broil IV,55009.0,32743,515180,1992810,8370240,557982
495648,496180,Auto,294.0,33037,515180,1992810,8370240,557982
475008,496500,Biolysis (dot),11340.0,33037,515180,2004150,8370240,557982
497548,498348,Broil IV,55009.0,33037,515180,2004150,8425249,557982
498768,499300,Auto,294.0,33331,515180,2004150,8425249,557982
475008,499500,Biolysis (dot),11340.0,33331,515180,2015490,8425249,557982
495751,499500,Baneful Impaction (dot),24985.0,33331,540165,2015490,8425249,557982
499948,500748,Broil IV,55009.0,33331,540165,2015490,8480258,557982
500551,501621,Energy Drain,17203.0,33331,540165,2015490,8480258,575185
475008,502500,Biolysis (dot),11340.0,33331,540165,2026830,8480258,575185
495751,502500,Baneful Impaction (dot),24985.0,33331,565150,2026830,8480258,575185
502348,503148,Broil IV,55009.0,33331,565150,2026830,8535267,575185
502848,503380,Auto,294.0,33625,565150,2026830,8535267,575185
502951,504021,Energy Drain,17203.0,33625,565150,2026830,8535267,592388
504428,505498,Energy Drain,17203.0,33625,565150,2026830,8535267,609591
495751,505500,Baneful Impaction (dot),24985.0,33625,590135,2026830,8535267,609591
503808,505500,Biolysis (dot),15109.0,33625,590135,2041939,8535267,609591
505968,506500,Auto,294.0,33919,590135,2041939,8535267,609591
507148,507948,Broil IV,41419.0,33919,590135,2041939,8576686,609591
495751,508500,Baneful Impaction (dot),24985.0,33919,615120,2041939,8576686,609591
503808,508500,Biolysis (dot),15109.0,33919,615120,2057048,8576686,609591
509549,510349,Broil IV,41419.0,33919,615120,2057048,8618105,609591
510049,510581,Auto,222.0,34141,615120,2057048,8618105,609591
503808,511500,Biolysis (dot),15109.0,34141,615120,2072157,8618105,609591
495751,511500,Baneful Impaction (dot),24985.0,34141,640105,2072157,8618105,609591
511949,512749,Broil IV,41419.0,34141,640105,2072157,8659524,609591
513169,513701,Auto,222.0,34363,640105,2072157,8659524,609591
503808,514500,Biolysis (dot),15109.0,34363,640105,2087266,8659524,609591
514349,515149,Broil IV,41419.0,34363,640105,2087266,8700943,609591
503808,517500,Biolysis (dot),15109.0,34363,640105,2102375,8700943,609591
516748,517548,Broil IV,41419.0,34363,640105,2102375,8742362,609591
517248,517780,Auto,222.0,34585,640105,2102375,8742362,609591
519148,519948,Broil IV,41419.0,34585,640105,2102375,8783781,609591
503808,520500,Biolysis (dot),15109.0,34585,640105,2117484,8783781,609591
520368,520900,Auto,222.0,34807,640105,2117484,8783781,609591
521549,522349,Broil IV,41419.0,34807,640105,2117484,8825200,609591
503808,523500,Biolysis (dot),15109.0,34807,640105,2132593,8825200,609591
523949,524749,Broil IV,41419.0,34807,640105,2132593,8866619,609591
524449,524981,Auto,222.0,35029,640105,2132593,8866619,609591
503808,526500,Biolysis (dot),15109.0,35029,640105,2147702,8866619,609591
526349,527149,Broil IV,41396.0,35029,640105,2147702,8908015,609591
527569,528101,Auto,221.0,35250,640105,2147702,8908015,609591
503808,529500,Biolysis (dot),15109.0,35250,640105,2162811,8908015,609591
528749,529549,Broil IV,41396.0,35250,640105,2162811,8949411,609591
531149,531949,Broil IV,41396.0,35250,640105,2162811,8990807,609591
531649,532181,Auto,221.0,35471,640105,2162811,8990807,609591
503808,532500,Biolysis (dot),15109.0,35471,640105,2177920,8990807,609591
534769,535301,Auto,221.0,35692,640105,2177920,8990807,609591
532609,535500,Biolysis (dot),11370.0,35692,640105,2189290,8990807,609591
535949,536749,Broil IV,41396.0,35692,640105,2189290,9032203,609591
532609,538500,Biolysis (dot),11370.0,35692,640105,2200660,9032203,609591
538349,539149,Broil IV,41396.0,35692,640105,2200660,9073599,609591
538849,539381,Auto,221.0,35913,640105,2200660,9073599,609591
532609,541500,Biolysis (dot),11370.0,35913,640105,2212030,9073599,609591
540749,541549,Broil IV,41396.0,35913,640105,2212030,9114995,609591
541969,542501,Auto,221.0,36134,640105,2212030,9114995,609591
543149,543949,Broil IV,41396.0,36134,640105,2212030,9156391,609591
532609,544500,Biolysis (dot),11370.0,36134,640105,2223400,9156391,609591
543752,544822,Energy Drain,12945.0,36134,640105,2223400,9156391,622536
545549,546349,Broil IV,41396.0,36134,640105,2223400,9197787,622536
546049,546581,Auto,221.0,36355,640105,2223400,9197787,622536
546152,547222,Energy Drain,12945.0,36355,640105,2223400,9197787,635481
532609,547500,Biolysis (dot),11370.0,36355,640105,2234770,9197787,635481
547949,548749,Broil IV,41396.0,36355,640105,2234770,9239183,635481
548552,549622,Energy Drain,12945.0,36355,640105,2234770,9239183,648426
549169,549701,Auto,221.0,36576,640105,2234770,9239183,648426
532609,550500,Biolysis (dot),11370.0,36576,640105,2246140,9239183,648426
550349,551149,Broil IV,41396.0,36576,640105,2246140,9280579,648426
532609,553500,Biolysis (dot),11370.0,36576,640105,2257510,9280579,648426
552749,553549,Broil IV,41396.0,36576,640105,2257510,9321975,648426
553249,553781,Auto,221.0,36797,640105,2257510,9321975,648426
555149,555949,Broil IV,41396.0,36797,640105,2257510,9363371,648426
532609,556500,Biolysis (dot),11370.0,36797,640105,2268880,9363371,648426
556369,556901,Auto,221.0,37018,640105,2268880,9363371,648426
557549,558349,Broil IV,41396.0,37018,640105,2268880,9404767,648426
532609,559500,Biolysis (dot),11370.0,37018,640105,2280250,9404767,648426
559949,560749,Broil IV,41396.0,37018,640105,2280250,9446163,648426
560449,560981,Auto,221.0,37239,640105,2280250,9446163,648426
532609,562500,Biolysis (dot),11370.0,37239,640105,2291620,9446163,648426
562349,563149,Broil IV,41396.0,37239,640105,2291620,9487559,648426
563569,564101,Auto,221.0,37460,640105,2291620,9487559,648426
563809,565500,Biolysis (dot),11340.0,37460,640105,2302960,9487559,648426
567149,567949,Broil IV,41285.0,37460,640105,2302960,9528844,648426
567649,568181,Auto,221.0,37681,640105,2302960,9528844,648426
563809,568500,Biolysis (dot),11340.0,37681,640105,2314300,9528844,648426
569550,570350,Broil IV,41285.0,37681,640105,2314300,9570129,648426
570769,571301,Auto,221.0,37902,640105,2314300,9570129,648426
563809,571500,Biolysis (dot),11340.0,37902,640105,2325640,9570129,648426
571950,572750,Broil IV,41285.0,37902,640105,2325640,9611414,648426
563809,574500,Biolysis (dot),11340.0,37902,640105,2336980,9611414,648426
574350,575150,Broil IV,41285.0,37902,640105,2336980,9652699,648426
574850,575382,Auto,221.0,38123,640105,2336980,9652699,648426
563809,577500,Biolysis (dot),11340.0,38123,640105,2348320,9652699,648426
576750,577550,Broil IV,41285.0,38123,640105,2348320,9693984,648426
577970,578502,Auto,221.0,38344,640105,2348320,9693984,648426
579150,579950,Broil IV,41285.0,38344,640105,2348320,9735269,648426
563809,580500,Biolysis (dot),11340.0,38344,640105,2359660,9735269,648426
581550,582350,Broil IV,41285.0,38344,640105,2359660,9776554,648426
582050,582582,Auto,221.0,38565,640105,2359660,9776554,648426
563809,583500,Biolysis (dot),11340.0,38565,640105,2371000,9776554,648426
583950,584750,Broil IV,41285.0,38565,640105,2371000,9817839,648426
585170,585702,Auto,221.0,38786,640105,2371000,9817839,648426
563809,586500,Biolysis (dot),11340.0,38786,640105,2382340,9817839,648426
586350,587150,Broil IV,41285.0,38786,640105,2382340,9859124,648426
563809,589500,Biolysis (dot),11340.0,38786,640105,2393680,9859124,648426
588750,589550,Broil IV,41285.0,38786,640105,2393680,9900409,648426
589250,589782,Auto,221.0,39007,640105,2393680,9900409,648426
591150,591950,Broil IV,41285.0,39007,640105,2393680,9941694,648426
563809,592500,Biolysis (dot),11340.0,39007,640105,2405020,9941694,648426
592370,592902,Auto,221.0,39228,640105,2405020,9941694,648426
593550,594350,Broil IV,41285.0,39228,640105,2405020,9982979,648426
595490,596022,Auto,221.0,39449,640105,2405020,9982979,648426
595010,598500,Biolysis (dot),11340.0,39449,640105,2416360,9982979,648426
598350,599150,Broil IV,41285.0,39449,640105,2416360,10024264,648426
598850,599382,Auto,221.0,39670,640105,2416360,10024264,648426
595010,601500,Biolysis (dot),11340.0,39670,640105,2427700,10024264,648426
600750,601550,Broil IV,41285.0,39670,640105,2427700,10065549,648426
601970,602502,Auto,222.0,39892,640105,2427700,10065549,648426
603150,603950,Broil IV,41419.0,39892,640105,2427700,10106968,648426
595010,604500,Biolysis (dot),11340.0,39892,640105,2439040,10106968,648426
604610,605410,Broil IV,41419.0,39892,640105,2439040,10148387,648426
605090,605622,Auto,222.0,40114,640105,2439040,10148387,648426
595010,607500,Biolysis (dot),11340.0,40114,640105,2450380,10148387,648426
607950,608750,Broil IV,55009.0,40114,640105,2450380,10203396,648426
608450,608982,Auto,294.0,40408,640105,2450380,10203396,648426
608553,609623,Energy Drain,17203.0,40408,640105,2450380,10203396,665629
595010,610500,Biolysis (dot),11340.0,40408,640105,2461720,10203396,665629
610350,611150,Broil IV,55009.0,40408,640105,2461720,10258405,665629
610953,612023,Energy Drain,17203.0,40408,640105,2461720,10258405,682832
611570,612102,Auto,294.0,40702,640105,2461720,10258405,682832
595010,613500,Biolysis (dot),11340.0,40702,640105,2473060,10258405,682832
612750,613550,Broil IV,55009.0,40702,640105,2473060,10313414,682832
613353,614423,Energy Drain,17203.0,40702,640105,2473060,10313414,700035
615150,615950,Broil IV,55009.0,40702,640105,2473060,10368423,700035
615650,616182,Auto,294.0,40996,640105,2473060,10368423,700035
595010,616500,Biolysis (dot),11340.0,40996,640105,2484400,10368423,700035
617550,618350,Broil IV,55009.0,40996,640105,2484400,10423432,700035
618770,619302,Auto,294.0,41290,640105,2484400,10423432,700035
595010,619500,Biolysis (dot),11340.0,41290,640105,2495740,10423432,700035
615753,619500,Baneful Impaction (dot),24985.0,41290,665090,2495740,10423432,700035
619950,620750,Broil IV,55009.0,41290,665090,2495740,10478441,700035
620553,621623,Energy Drain,17203.0,41290,665090,2495740,10478441,717238
595010,622500,Biolysis (dot),11340.0,41290,665090,2507080,10478441,717238
615753,622500,Baneful Impaction (dot),24985.0,41290,690075,2507080,10478441,717238
622350,623150,Broil IV,55009.0,41290,690075,2507080,10533450,717238
622850,623382,Auto,294.0,41584,690075,2507080,10533450,717238
622953,624023,Energy Drain,17203.0,41584,690075,2507080,10533450,734441
615753,625500,Baneful Impaction (dot),24985.0,41584,715060,2507080,10533450,734441
623810,625500,Biolysis (dot),15109.0,41584,715060,2522189,10533450,734441
624430,625500,Energy Drain,17203.0,41584,715060,2522189,10533450,751644
625970,626502,Auto,294.0,41878,715060,2522189,10533450,751644
627150,627950,Broil IV,46099.0,41878,715060,2522189,10579549,751644
623810,628500,Biolysis (dot),15109.0,41878,715060,2537298,10579549,751644
615753,628500,Baneful Impaction (dot),24985.0,41878,740045,2537298,10579549,751644
629551,630351,Broil IV,41419.0,41878,740045,2537298,10620968,751644
630051,630583,Auto,222.0,42100,740045,2537298,10620968,751644
623810,631500,Biolysis (dot),15109.0,42100,740045,2552407,10620968,751644
615753,631500,Baneful Impaction (dot),24985.0,42100,765030,2552407,10620968,751644
631951,632751,Broil IV,41419.0,42100,765030,2552407,10662387,751644
633171,633703,Auto,222.0,42322,765030,2552407,10662387,751644
623810,634500,Biolysis (dot),15109.0,42322,765030,2567516,10662387,751644
634351,635151,Broil IV,41419.0,42322,765030,2567516,10703806,751644
623810,637500,Biolysis (dot),15109.0,42322,765030,2582625,10703806,751644
636751,637551,Broil IV,41419.0,42322,765030,2582625,10745225,751644
637251,637783,Auto,222.0,42544,765030,2582625,10745225,751644
639151,639951,Broil IV,41419.0,42544,765030,2582625,10786644,751644
623810,640500,Biolysis (dot),15109.0,42544,765030,2597734,10786644,751644
640371,640903,Auto,222.0,42766,765030,2597734,10786644,751644
641551,642351,Broil IV,41419.0,42766,765030,2597734,10828063,751644
623810,643500,Biolysis (dot),15109.0,42766,765030,2612843,10828063,751644
643951,644751,Broil IV,41419.0,42766,765030,2612843,10869482,751644
644451,644983,Auto,222.0,42988,765030,2612843,10869482,751644
623810,646500,Biolysis (dot),15109.0,42988,765030,2627952,10869482,751644
646351,647151,Broil IV,41396.0,42988,765030,2627952,10910878,751644
647571,648103,Auto,221.0,43209,765030,2627952,10910878,751644
623810,649500,Biolysis (dot),15109.0,43209,765030,2643061,10910878,751644
648751,649551,Broil IV,41396.0,43209,765030,2643061,10952274,751644
651151,651951,Broil IV,41396.0,43209,765030,2643061,10993670,751644
651651,652183,Auto,221.0,43430,765030,2643061,10993670,751644
623810,652500,Biolysis (dot),15109.0,43430,765030,2658170,10993670,751644
653551,654351,Broil IV,41396.0,43430,765030,2658170,11035066,751644
654771,655303,Auto,221.0,43651,765030,2658170,11035066,751644
655011,658500,Biolysis (dot),11370.0,43651,765030,2669540,11035066,751644
658351,659151,Broil IV,41396.0,43651,765030,2669540,11076462,751644
658851,659383,Auto,221.0,43872,765030,2669540,11076462,751644
655011,661500,Biolysis (dot),11370.0,43872,765030,2680910,11076462,751644
660751,661551,Broil IV,41396.0,43872,765030,2680910,11117858,751644
661971,662503,Auto,221.0,44093,765030,2680910,11117858,751644
663151,663951,Broil IV,41396.0,44093,765030,2680910,11159254,751644
655011,664500,Biolysis (dot),11370.0,44093,765030,2692280,11159254,751644
665551,666351,Broil IV,41396.0,44093,765030,2692280,11200650,751644
666051,666583,Auto,221.0,44314,765030,2692280,11200650,751644
655011,667500,Biolysis (dot),11370.0,44314,765030,2703650,11200650,751644
667951,668751,Broil IV,41396.0,44314,765030,2703650,11242046,751644
669171,669703,Auto,221.0,44535,765030,2703650,11242046,751644
655011,670500,Biolysis (dot),11370.0,44535,765030,2715020,11242046,751644
670351,671151,Broil IV,41396.0,44535,765030,2715020,11283442,751644
655011,673500,Biolysis (dot),11370.0,44535,765030,2726390,11283442,751644
672751,673551,Broil IV,41396.0,44535,765030,2726390,11324838,751644
673251,673783,Auto,221.0,44756,765030,2726390,11324838,751644
675151,675951,Broil IV,41396.0,44756,765030,2726390,11366234,751644
655011,676500,Biolysis (dot),11370.0,44756,765030,2737760,11366234,751644
676371,676903,Auto,221.0,44977,765030,2737760,11366234,751644
677551,678351,Broil IV,41396.0,44977,765030,2737760,11407630,751644
655011,679500,Biolysis (dot),11370.0,44977,765030,2749130,11407630,751644
679951,680751,Broil IV,41396.0,44977,765030,2749130,11449026,751644
680451,680983,Auto,221.0,45198,765030,2749130,11449026,751644
655011,682500,Biolysis (dot),11370.0,45198,765030,2760500,11449026,751644
682351,683151,Broil IV,41396.0,45198,765030,2760500,11490422,751644
683571,684103,Auto,221.0,45419,765030,2760500,11490422,751644
655011,685500,Biolysis (dot),11370.0,45419,765030,2771870,11490422,751644
684751,685551,Broil IV,41285.0,45419,765030,2771870,11531707,751644
686691,687223,Auto,221.0,45640,765030,2771870,11531707,751644
686211,688500,Biolysis (dot),11340.0,45640,765030,2783210,11531707,751644
689552,690352,Broil IV,41285.0,45640,765030,2783210,11572992,751644
690052,690584,Auto,221.0,45861,765030,2783210,11572992,751644
686211,691500,Biolysis (dot),11340.0,45861,765030,2794550,11572992,751644
691952,692752,Broil IV,41285.0,45861,765030,2794550,11614277,751644
693172,693704,Auto,221.0,46082,765030,2794550,11614277,751644
686211,694500,Biolysis (dot),11340.0,46082,765030,2805890,11614277,751644
694352,695152,Broil IV,41285.0,46082,765030,2805890,11655562,751644
686211,697500,Biolysis (dot),11340.0,46082,765030,2817230,11655562,751644
696752,697552,Broil IV,41285.0,46082,765030,2817230,11696847,751644
697252,697784,Auto,221.0,46303,765030,2817230,11696847,751644
699152,699952,Broil IV,41285.0,46303,765030,2817230,11738132,751644
686211,700500,Biolysis (dot),11340.0,46303,765030,2828570,11738132,751644
700372,700904,Auto,221.0,46524,765030,2828570,11738132,751644
701552,702352,Broil IV,41285.0,46524,765030,2828570,11779417,751644
686211,703500,Biolysis (dot),11340.0,46524,765030,2839910,11779417,751644
703952,704752,Broil IV,41285.0,46524,765030,2839910,11820702,751644
704452,704984,Auto,221.0,46745,765030,2839910,11820702,751644
686211,706500,Biolysis (dot),11340.0,46745,765030,2851250,11820702,751644
706352,707152,Broil IV,41285.0,46745,765030,2851250,11861987,751644
707572,708104,Auto,221.0,46966,765030,2851250,11861987,751644
686211,709500,Biolysis (dot),11340.0,46966,765030,2862590,11861987,751644
708752,709552,Broil IV,41285.0,46966,765030,2862590,11903272,751644
711152,711952,Broil IV,41285.0,46966,765030,2862590,11944557,751644
711652,712184,Auto,221.0,47187,765030,2862590,11944557,751644
686211,712500,Biolysis (dot),11340.0,47187,765030,2873930,11944557,751644
713552,714352,Broil IV,41285.0,47187,765030,2873930,11985842,751644
714772,715304,Auto,221.0,47408,765030,2873930,11985842,751644
686211,715500,Biolysis (dot),11340.0,47408,765030,2885270,11985842,751644
715952,716752,Broil IV,41285.0,47408,765030,2885270,12027127,751644
717892,718424,Auto,221.0,47629,765030,2885270,12027127,751644
717412,718500,Biolysis (dot),12274.0,47629,765030,2897544,12027127,751644
718032,719102,Energy Drain,13972.0,47629,765030,2897544,12027127,765616
719032,720102,Energy Drain,13972.0,47629,765030,2897544,12027127,779588
717412,721500,Biolysis (dot),12274.0,47629,765030,2909818,12027127,779588
720752,721552,Broil IV,44678.0,47629,765030,2909818,12071805,779588
721252,721784,Auto,221.0,47850,765030,2909818,12071805,779588
721355,722425,Energy Drain,13972.0,47850,765030,2909818,12071805,793560
723152,723952,Broil IV,44823.0,47850,765030,2909818,12116628,793560
717412,724500,Biolysis (dot),12274.0,47850,765030,2922092,12116628,793560
724372,724904,Auto,222.0,48072,765030,2922092,12116628,793560
724612,725412,Broil IV,44823.0,48072,765030,2922092,12161451,793560
717412,727500,Biolysis (dot),12274.0,48072,765030,2934366,12161451,793560
727952,728752,Broil IV,59529.0,48072,765030,2934366,12220980,793560
728452,728984,Auto,294.0,48366,765030,2934366,12220980,793560
728555,730500,Baneful Impaction (dot),27043.0,48366,792073,2934366,12220980,793560
717412,730500,Biolysis (dot),12274.0,48366,792073,2946640,12220980,793560
730352,731152,Broil IV,59529.0,48366,792073,2946640,12280509,793560
730955,732025,Energy Drain,18617.0,48366,792073,2946640,12280509,812177
731572,732104,Auto,294.0,48660,792073,2946640,12280509,812177
728555,733500,Baneful Impaction (dot),27043.0,48660,819116,2946640,12280509,812177
717412,733500,Biolysis (dot),12274.0,48660,819116,2958914,12280509,812177
732752,733552,Broil IV,59529.0,48660,819116,2958914,12340038,812177
733355,734425,Energy Drain,18617.0,48660,819116,2958914,12340038,830794
735152,735952,Broil IV,59529.0,48660,819116,2958914,12399567,830794
735652,736184,Auto,294.0,48954,819116,2958914,12399567,830794
717412,736500,Biolysis (dot),12274.0,48954,819116,2971188,12399567,830794
728555,736500,Baneful Impaction (dot),27043.0,48954,846159,2971188,12399567,830794
735755,736825,Energy Drain,18617.0,48954,846159,2971188,12399567,849411
737552,738352,Broil IV,59529.0,48954,846159,2971188,12459096,849411
738772,739304,Auto,294.0,49248,846159,2971188,12459096,849411
728555,739500,Baneful Impaction (dot),27043.0,49248,873202,2971188,12459096,849411
717412,739500,Biolysis (dot),12274.0,49248,873202,2983462,12459096,849411
739952,740752,Broil IV,59529.0,49248,873202,2983462,12518625,849411
740555,741625,Energy Drain,18617.0,49248,873202,2983462,12518625,868028
717412,742500,Biolysis (dot),12274.0,49248,873202,2995736,12518625,868028
728555,742500,Baneful Impaction (dot),27043.0,49248,900245,2995736,12518625,868028
742352,743152,Broil IV,59529.0,49248,900245,2995736,12578154,868028
742852,743384,Auto,294.0,49542,900245,2995736,12578154,868028
742955,744025,Energy Drain,18617.0,49542,900245,2995736,12578154,886645
717412,745500,Biolysis (dot),12274.0,49542,900245,3008010,12578154,886645
744752,745552,Broil IV,59529.0,49542,900245,3008010,12637683,886645
745355,746425,Energy Drain,18617.0,49542,900245,3008010,12637683,905262
745972,746504,Auto,294.0,49836,900245,3008010,12637683,905262
747152,747952,Broil IV,48404.0,49836,900245,3008010,12686087,905262
749553,750353,Broil IV,41419.0,49836,900245,3008010,12727506,905262
750053,750585,Auto,222.0,50058,900245,3008010,12727506,905262
751953,752753,Broil IV,41419.0,50058,900245,3008010,12768925,905262
