sim_timestamp,sim_damage_timestamp,sim_name,sim_expected,Auto,Fell Cleave,Heavy Swing,Inner Chaos,Maim,Onslaught,Primal Rend,Primal Ruination,Primal Wrath,Storm's Eye,Storm's Path,Upheaval
-630,37,Onslaught,12126.0,0,0,0,0,0,12126,0,0,0,0,0,0
37,569,Auto,8128.0,8128,0,0,0,0,12126,0,0,0,0,0,0
170,702,Heavy Swing,19401.0,8128,0,19401,0,0,12126,0,0,0,0,0,0
2670,3293,Maim,27490.0,8128,0,19401,0,27490,12126,0,0,0,0,0,0
3397,3929,Auto,8128.0,16256,0,19401,0,27490,12126,0,0,0,0,0,0
5170,6819,Storm's Eye,40431.0,16256,0,19401,0,27490,12126,0,0,0,40431,0,0
6757,7289,Auto,9477.0,25733,0,19401,0,27490,12126,0,0,0,40431,0,0
7670,8607,Inner Chaos,123158.0,25733,0,19401,123158,27490,12126,0,0,0,40431,0,0
8295,8918,Upheaval,42841.0,25733,0,19401,123158,27490,12126,0,0,0,40431,0,42841
8920,9587,Onslaught,15296.0,25733,0,19401,123158,27490,27422,0,0,0,40431,0,42841
10117,10649,Auto,10256.0,35989,0,19401,123158,27490,27422,0,0,0,40431,0,42841
10170,10793,Fell Cleave,102044.0,35989,102044,19401,123158,27490,27422,0,0,0,40431,0,42841
10795,11462,Onslaught,15296.0,35989,102044,19401,123158,27490,42718,0,0,0,40431,0,42841
12670,13293,Fell Cleave,102044.0,35989,204088,19401,123158,27490,42718,0,0,0,40431,0,42841
13477,14009,Auto,10256.0,46245,204088,19401,123158,27490,42718,0,0,0,40431,0,42841
15170,15793,Fell Cleave,102044.0,46245,306132,19401,123158,27490,42718,0,0,0,40431,0,42841
15795,16945,Primal Wrath,71410.0,46245,306132,19401,123158,27490,42718,0,0,71410,40431,0,42841
16837,17369,Auto,10256.0,56501,306132,19401,123158,27490,42718,0,0,71410,40431,0,42841
17670,18830,Primal Rend,126676.0,56501,306132,19401,123158,27490,42718,126676,0,71410,40431,0,42841
20197,20729,Auto,10256.0,66757,306132,19401,123158,27490,42718,126676,0,71410,40431,0,42841
20170,21230,Primal Ruination,140754.0,66757,306132,19401,123158,27490,42718,126676,140754,71410,40431,0,42841
22670,23607,Inner Chaos,123158.0,66757,306132,19401,246316,27490,42718,126676,140754,71410,40431,0,42841
23557,24089,Auto,10256.0,77013,306132,19401,246316,27490,42718,126676,140754,71410,40431,0,42841
25171,25703,Heavy Swing,24474.0,77013,306132,43875,246316,27490,42718,126676,140754,71410,40431,0,42841
26917,27449,Auto,9676.0,86689,306132,43875,246316,27490,42718,126676,140754,71410,40431,0,42841
27671,28294,Maim,32714.0,86689,306132,43875,246316,60204,42718,126676,140754,71410,40431,0,42841
30277,30809,Auto,9676.0,96365,306132,43875,246316,60204,42718,126676,140754,71410,40431,0,42841
30796,31463,Onslaught,14430.0,96365,306132,43875,246316,60204,57148,126676,140754,71410,40431,0,42841
30171,31686,Storm's Path,48117.0,96365,306132,43875,246316,60204,57148,126676,140754,71410,40431,48117,42841
32671,33294,Fell Cleave,55814.0,96365,361946,43875,246316,60204,57148,126676,140754,71410,40431,48117,42841
33637,34169,Auto,9676.0,106041,361946,43875,246316,60204,57148,126676,140754,71410,40431,48117,42841
35171,36108,Inner Chaos,116187.0,106041,361946,43875,362503,60204,57148,126676,140754,71410,40431,48117,42841
36997,37529,Auto,9676.0,115717,361946,43875,362503,60204,57148,126676,140754,71410,40431,48117,42841
37671,38203,Heavy Swing,21341.0,115717,361946,65216,362503,60204,57148,126676,140754,71410,40431,48117,42841
38296,38919,Upheaval,37355.0,115717,361946,65216,362503,60204,57148,126676,140754,71410,40431,48117,80196
40171,40794,Maim,30239.0,115717,361946,65216,362503,90443,57148,126676,140754,71410,40431,48117,80196
40357,40889,Auto,8941.0,124658,361946,65216,362503,90443,57148,126676,140754,71410,40431,48117,80196
43717,44249,Auto,8941.0,133599,361946,65216,362503,90443,57148,126676,140754,71410,40431,48117,80196
42671,44320,Storm's Eye,44474.0,133599,361946,65216,362503,90443,57148,126676,140754,71410,84905,48117,80196
45171,45703,Heavy Swing,21341.0,133599,361946,86557,362503,90443,57148,126676,140754,71410,84905,48117,80196
47077,47609,Auto,8941.0,142540,361946,86557,362503,90443,57148,126676,140754,71410,84905,48117,80196
47671,48294,Maim,30239.0,142540,361946,86557,362503,120682,57148,126676,140754,71410,84905,48117,80196
50437,50969,Auto,8941.0,151481,361946,86557,362503,120682,57148,126676,140754,71410,84905,48117,80196
50171,51820,Storm's Eye,44474.0,151481,361946,86557,362503,120682,57148,126676,140754,71410,129379,48117,80196
52671,53203,Heavy Swing,21341.0,151481,361946,107898,362503,120682,57148,126676,140754,71410,129379,48117,80196
53797,54329,Auto,8941.0,160422,361946,107898,362503,120682,57148,126676,140754,71410,129379,48117,80196
55171,55794,Maim,30239.0,160422,361946,107898,362503,150921,57148,126676,140754,71410,129379,48117,80196
57157,57689,Auto,8941.0,169363,361946,107898,362503,150921,57148,126676,140754,71410,129379,48117,80196
57671,58294,Fell Cleave,51589.0,169363,413535,107898,362503,150921,57148,126676,140754,71410,129379,48117,80196
60517,61049,Auto,8941.0,178304,413535,107898,362503,150921,57148,126676,140754,71410,129379,48117,80196
60171,61686,Storm's Path,44474.0,178304,413535,107898,362503,150921,57148,126676,140754,71410,129379,92591,80196
62671,63203,Heavy Swing,21341.0,178304,413535,129239,362503,150921,57148,126676,140754,71410,129379,92591,80196
63877,64409,Auto,8941.0,187245,413535,129239,362503,150921,57148,126676,140754,71410,129379,92591,80196
65171,65794,Maim,30239.0,187245,413535,129239,362503,181160,57148,126676,140754,71410,129379,92591,80196
67237,67769,Auto,8941.0,196186,413535,129239,362503,181160,57148,126676,140754,71410,129379,92591,80196
67671,68294,Fell Cleave,88980.0,196186,502515,129239,362503,181160,57148,126676,140754,71410,129379,92591,80196
68296,68919,Upheaval,37355.0,196186,502515,129239,362503,181160,57148,126676,140754,71410,129379,92591,117551
70171,70794,Fell Cleave,88980.0,196186,591495,129239,362503,181160,57148,126676,140754,71410,129379,92591,117551
70597,71129,Auto,8941.0,205127,591495,129239,362503,181160,57148,126676,140754,71410,129379,92591,117551
72671,73294,Fell Cleave,88980.0,205127,680475,129239,362503,181160,57148,126676,140754,71410,129379,92591,117551
73296,74446,Primal Wrath,62264.0,205127,680475,129239,362503,181160,57148,126676,140754,133674,129379,92591,117551
73957,74489,Auto,8941.0,214068,680475,129239,362503,181160,57148,126676,140754,133674,129379,92591,117551
75172,76332,Primal Rend,110452.0,214068,680475,129239,362503,181160,57148,237128,140754,133674,129379,92591,117551
77317,77849,Auto,8941.0,223009,680475,129239,362503,181160,57148,237128,140754,133674,129379,92591,117551
77672,78732,Primal Ruination,122736.0,223009,680475,129239,362503,181160,57148,237128,263490,133674,129379,92591,117551
80172,81109,Inner Chaos,107391.0,223009,680475,129239,469894,181160,57148,237128,263490,133674,129379,92591,117551
80677,81209,Auto,8941.0,231950,680475,129239,469894,181160,57148,237128,263490,133674,129379,92591,117551
82672,84187,Storm's Path,44474.0,231950,680475,129239,469894,181160,57148,237128,263490,133674,129379,137065,117551
84037,84569,Auto,8941.0,240891,680475,129239,469894,181160,57148,237128,263490,133674,129379,137065,117551
85172,85795,Fell Cleave,51589.0,240891,732064,129239,469894,181160,57148,237128,263490,133674,129379,137065,117551
87397,87929,Auto,8941.0,249832,732064,129239,469894,181160,57148,237128,263490,133674,129379,137065,117551
87672,88204,Heavy Swing,21341.0,249832,732064,150580,469894,181160,57148,237128,263490,133674,129379,137065,117551
90172,90795,Maim,30239.0,249832,732064,150580,469894,211399,57148,237128,263490,133674,129379,137065,117551
90757,91289,Auto,8941.0,258773,732064,150580,469894,211399,57148,237128,263490,133674,129379,137065,117551
92672,94321,Storm's Eye,44474.0,258773,732064,150580,469894,211399,57148,237128,263490,133674,173853,137065,117551
94117,94649,Auto,8941.0,267714,732064,150580,469894,211399,57148,237128,263490,133674,173853,137065,117551
95172,95704,Heavy Swing,21341.0,267714,732064,171921,469894,211399,57148,237128,263490,133674,173853,137065,117551
97477,98009,Auto,8941.0,276655,732064,171921,469894,211399,57148,237128,263490,133674,173853,137065,117551
97672,98295,Maim,30239.0,276655,732064,171921,469894,241638,57148,237128,263490,133674,173853,137065,117551
98297,98920,Upheaval,37355.0,276655,732064,171921,469894,241638,57148,237128,263490,133674,173853,137065,154906
100837,101369,Auto,8941.0,285596,732064,171921,469894,241638,57148,237128,263490,133674,173853,137065,154906
100172,101687,Storm's Path,44474.0,285596,732064,171921,469894,241638,57148,237128,263490,133674,173853,181539,154906
102672,103204,Heavy Swing,21341.0,285596,732064,193262,469894,241638,57148,237128,263490,133674,173853,181539,154906
104197,104729,Auto,8941.0,294537,732064,193262,469894,241638,57148,237128,263490,133674,173853,181539,154906
105172,105795,Maim,30239.0,294537,732064,193262,469894,271877,57148,237128,263490,133674,173853,181539,154906
107557,108089,Auto,8941.0,303478,732064,193262,469894,271877,57148,237128,263490,133674,173853,181539,154906
107672,109187,Storm's Path,44474.0,303478,732064,193262,469894,271877,57148,237128,263490,133674,173853,226013,154906
110172,110704,Heavy Swing,21341.0,303478,732064,214603,469894,271877,57148,237128,263490,133674,173853,226013,154906
110917,111449,Auto,8941.0,312419,732064,214603,469894,271877,57148,237128,263490,133674,173853,226013,154906
112672,113295,Maim,30239.0,312419,732064,214603,469894,302116,57148,237128,263490,133674,173853,226013,154906
114277,114809,Auto,8941.0,321360,732064,214603,469894,302116,57148,237128,263490,133674,173853,226013,154906
115172,115795,Fell Cleave,51589.0,321360,783653,214603,469894,302116,57148,237128,263490,133674,173853,226013,154906
117637,118169,Auto,8941.0,330301,783653,214603,469894,302116,57148,237128,263490,133674,173853,226013,154906
117672,119187,Storm's Path,44474.0,330301,783653,214603,469894,302116,57148,237128,263490,133674,173853,270487,154906
120172,120704,Heavy Swing,21341.0,330301,783653,235944,469894,302116,57148,237128,263490,133674,173853,270487,154906
120997,121529,Auto,8941.0,339242,783653,235944,469894,302116,57148,237128,263490,133674,173853,270487,154906
122672,123295,Maim,30239.0,339242,783653,235944,469894,332355,57148,237128,263490,133674,173853,270487,154906
124357,124889,Auto,8941.0,348183,783653,235944,469894,332355,57148,237128,263490,133674,173853,270487,154906
125173,125796,Fell Cleave,51589.0,348183,835242,235944,469894,332355,57148,237128,263490,133674,173853,270487,154906
127717,128249,Auto,9477.0,357660,835242,235944,469894,332355,57148,237128,263490,133674,173853,270487,154906
127673,128610,Inner Chaos,113835.0,357660,835242,235944,583729,332355,57148,237128,263490,133674,173853,270487,154906
128298,128921,Upheaval,39596.0,357660,835242,235944,583729,332355,57148,237128,263490,133674,173853,270487,194502
128923,129590,Onslaught,14139.0,357660,835242,235944,583729,332355,71287,237128,263490,133674,173853,270487,194502
130173,131333,Primal Rend,117078.0,357660,835242,235944,583729,332355,71287,354206,263490,133674,173853,270487,194502
131077,131609,Auto,9477.0,367137,835242,235944,583729,332355,71287,354206,263490,133674,173853,270487,194502
131373,132040,Onslaught,14139.0,367137,835242,235944,583729,332355,85426,354206,263490,133674,173853,270487,194502
132673,133296,Fell Cleave,94319.0,367137,929561,235944,583729,332355,85426,354206,263490,133674,173853,270487,194502
133298,133965,Onslaught,14139.0,367137,929561,235944,583729,332355,99565,354206,263490,133674,173853,270487,194502
134437,134969,Auto,9477.0,376614,929561,235944,583729,332355,99565,354206,263490,133674,173853,270487,194502
135173,135796,Fell Cleave,94319.0,376614,1023880,235944,583729,332355,99565,354206,263490,133674,173853,270487,194502
137673,138296,Fell Cleave,94319.0,376614,1118199,235944,583729,332355,99565,354206,263490,133674,173853,270487,194502
137797,138329,Auto,9477.0,386091,1118199,235944,583729,332355,99565,354206,263490,133674,173853,270487,194502
138298,139448,Primal Wrath,65999.0,386091,1118199,235944,583729,332355,99565,354206,263490,199673,173853,270487,194502
140173,141233,Primal Ruination,130101.0,386091,1118199,235944,583729,332355,99565,354206,393591,199673,173853,270487,194502
141157,141689,Auto,9477.0,395568,1118199,235944,583729,332355,99565,354206,393591,199673,173853,270487,194502
142673,144322,Storm's Eye,47142.0,395568,1118199,235944,583729,332355,99565,354206,393591,199673,220995,270487,194502
144517,145049,Auto,9477.0,405045,1118199,235944,583729,332355,99565,354206,393591,199673,220995,270487,194502
145173,145705,Heavy Swing,22621.0,405045,1118199,258565,583729,332355,99565,354206,393591,199673,220995,270487,194502
147877,148409,Auto,8941.0,413986,1118199,258565,583729,332355,99565,354206,393591,199673,220995,270487,194502
147673,148610,Inner Chaos,107391.0,413986,1118199,258565,691120,332355,99565,354206,393591,199673,220995,270487,194502
150173,150796,Maim,30239.0,413986,1118199,258565,691120,362594,99565,354206,393591,199673,220995,270487,194502
151237,151769,Auto,8941.0,422927,1118199,258565,691120,362594,99565,354206,393591,199673,220995,270487,194502
152673,154188,Storm's Path,44474.0,422927,1118199,258565,691120,362594,99565,354206,393591,199673,220995,314961,194502
154597,155129,Auto,8941.0,431868,1118199,258565,691120,362594,99565,354206,393591,199673,220995,314961,194502
155173,155796,Fell Cleave,51589.0,431868,1169788,258565,691120,362594,99565,354206,393591,199673,220995,314961,194502
157673,158205,Heavy Swing,21341.0,431868,1169788,279906,691120,362594,99565,354206,393591,199673,220995,314961,194502
157957,158489,Auto,8941.0,440809,1169788,279906,691120,362594,99565,354206,393591,199673,220995,314961,194502
158298,158921,Upheaval,37355.0,440809,1169788,279906,691120,362594,99565,354206,393591,199673,220995,314961,231857
160173,160796,Maim,30239.0,440809,1169788,279906,691120,392833,99565,354206,393591,199673,220995,314961,231857
161317,161849,Auto,8941.0,449750,1169788,279906,691120,392833,99565,354206,393591,199673,220995,314961,231857
162673,164322,Storm's Eye,44474.0,449750,1169788,279906,691120,392833,99565,354206,393591,199673,265469,314961,231857
164677,165209,Auto,8941.0,458691,1169788,279906,691120,392833,99565,354206,393591,199673,265469,314961,231857
165173,165705,Heavy Swing,21341.0,458691,1169788,301247,691120,392833,99565,354206,393591,199673,265469,314961,231857
167673,168296,Maim,30239.0,458691,1169788,301247,691120,423072,99565,354206,393591,199673,265469,314961,231857
168037,168569,Auto,8941.0,467632,1169788,301247,691120,423072,99565,354206,393591,199673,265469,314961,231857
170173,171688,Storm's Path,44474.0,467632,1169788,301247,691120,423072,99565,354206,393591,199673,265469,359435,231857
171397,171929,Auto,8941.0,476573,1169788,301247,691120,423072,99565,354206,393591,199673,265469,359435,231857
172673,173296,Fell Cleave,51589.0,476573,1221377,301247,691120,423072,99565,354206,393591,199673,265469,359435,231857
174757,175289,Auto,8941.0,485514,1221377,301247,691120,423072,99565,354206,393591,199673,265469,359435,231857
175174,175706,Heavy Swing,21341.0,485514,1221377,322588,691120,423072,99565,354206,393591,199673,265469,359435,231857
177674,178297,Maim,30239.0,485514,1221377,322588,691120,453311,99565,354206,393591,199673,265469,359435,231857
178117,178649,Auto,8941.0,494455,1221377,322588,691120,453311,99565,354206,393591,199673,265469,359435,231857
180174,181689,Storm's Path,44474.0,494455,1221377,322588,691120,453311,99565,354206,393591,199673,265469,403909,231857
181477,182009,Auto,8941.0,503396,1221377,322588,691120,453311,99565,354206,393591,199673,265469,403909,231857
182674,183206,Heavy Swing,21341.0,503396,1221377,343929,691120,453311,99565,354206,393591,199673,265469,403909,231857
184837,185369,Auto,8941.0,512337,1221377,343929,691120,453311,99565,354206,393591,199673,265469,403909,231857
185174,185797,Maim,30239.0,512337,1221377,343929,691120,483550,99565,354206,393591,199673,265469,403909,231857
187674,188297,Fell Cleave,88980.0,512337,1310357,343929,691120,483550,99565,354206,393591,199673,265469,403909,231857
188197,188729,Auto,8941.0,521278,1310357,343929,691120,483550,99565,354206,393591,199673,265469,403909,231857
188299,188922,Upheaval,37355.0,521278,1310357,343929,691120,483550,99565,354206,393591,199673,265469,403909,269212
188924,189591,Onslaught,13339.0,521278,1310357,343929,691120,483550,112904,354206,393591,199673,265469,403909,269212
190174,190797,Fell Cleave,88980.0,521278,1399337,343929,691120,483550,112904,354206,393591,199673,265469,403909,269212
191557,192089,Auto,8941.0,530219,1399337,343929,691120,483550,112904,354206,393591,199673,265469,403909,269212
192674,193297,Fell Cleave,88980.0,530219,1488317,343929,691120,483550,112904,354206,393591,199673,265469,403909,269212
193299,194449,Primal Wrath,62264.0,530219,1488317,343929,691120,483550,112904,354206,393591,261937,265469,403909,269212
194917,195449,Auto,8941.0,539160,1488317,343929,691120,483550,112904,354206,393591,261937,265469,403909,269212
195174,196334,Primal Rend,110452.0,539160,1488317,343929,691120,483550,112904,464658,393591,261937,265469,403909,269212
197674,198734,Primal Ruination,122736.0,539160,1488317,343929,691120,483550,112904,464658,516327,261937,265469,403909,269212
198277,198809,Auto,8941.0,548101,1488317,343929,691120,483550,112904,464658,516327,261937,265469,403909,269212
200174,201111,Inner Chaos,107391.0,548101,1488317,343929,798511,483550,112904,464658,516327,261937,265469,403909,269212
201637,202169,Auto,8941.0,557042,1488317,343929,798511,483550,112904,464658,516327,261937,265469,403909,269212
202674,203297,Fell Cleave,51589.0,557042,1539906,343929,798511,483550,112904,464658,516327,261937,265469,403909,269212
204997,205529,Auto,8941.0,565983,1539906,343929,798511,483550,112904,464658,516327,261937,265469,403909,269212
205174,206823,Storm's Eye,44474.0,565983,1539906,343929,798511,483550,112904,464658,516327,261937,309943,403909,269212
207674,208206,Heavy Swing,21341.0,565983,1539906,365270,798511,483550,112904,464658,516327,261937,309943,403909,269212
208357,208889,Auto,8941.0,574924,1539906,365270,798511,483550,112904,464658,516327,261937,309943,403909,269212
210174,210797,Maim,30239.0,574924,1539906,365270,798511,513789,112904,464658,516327,261937,309943,403909,269212
211717,212249,Auto,8941.0,583865,1539906,365270,798511,513789,112904,464658,516327,261937,309943,403909,269212
212674,214189,Storm's Path,44474.0,583865,1539906,365270,798511,513789,112904,464658,516327,261937,309943,448383,269212
215077,215609,Auto,8941.0,592806,1539906,365270,798511,513789,112904,464658,516327,261937,309943,448383,269212
215174,215706,Heavy Swing,21341.0,592806,1539906,386611,798511,513789,112904,464658,516327,261937,309943,448383,269212
217674,218297,Maim,30239.0,592806,1539906,386611,798511,544028,112904,464658,516327,261937,309943,448383,269212
218299,218922,Upheaval,37355.0,592806,1539906,386611,798511,544028,112904,464658,516327,261937,309943,448383,306567
218437,218969,Auto,8941.0,601747,1539906,386611,798511,544028,112904,464658,516327,261937,309943,448383,306567
220174,221689,Storm's Path,44474.0,601747,1539906,386611,798511,544028,112904,464658,516327,261937,309943,492857,306567
221797,222329,Auto,8941.0,610688,1539906,386611,798511,544028,112904,464658,516327,261937,309943,492857,306567
222674,223206,Heavy Swing,21341.0,610688,1539906,407952,798511,544028,112904,464658,516327,261937,309943,492857,306567
225157,225689,Auto,8941.0,619629,1539906,407952,798511,544028,112904,464658,516327,261937,309943,492857,306567
225175,225798,Maim,30239.0,619629,1539906,407952,798511,574267,112904,464658,516327,261937,309943,492857,306567
228517,229049,Auto,8941.0,628570,1539906,407952,798511,574267,112904,464658,516327,261937,309943,492857,306567
227675,229324,Storm's Eye,44474.0,628570,1539906,407952,798511,574267,112904,464658,516327,261937,354417,492857,306567
230175,230707,Heavy Swing,21341.0,628570,1539906,429293,798511,574267,112904,464658,516327,261937,354417,492857,306567
231877,232409,Auto,8941.0,637511,1539906,429293,798511,574267,112904,464658,516327,261937,354417,492857,306567
232675,233298,Maim,30239.0,637511,1539906,429293,798511,604506,112904,464658,516327,261937,354417,492857,306567
235237,235769,Auto,8941.0,646452,1539906,429293,798511,604506,112904,464658,516327,261937,354417,492857,306567
235175,235798,Fell Cleave,51589.0,646452,1591495,429293,798511,604506,112904,464658,516327,261937,354417,492857,306567
238597,239129,Auto,8941.0,655393,1591495,429293,798511,604506,112904,464658,516327,261937,354417,492857,306567
237675,239190,Storm's Path,44474.0,655393,1591495,429293,798511,604506,112904,464658,516327,261937,354417,537331,306567
240175,240707,Heavy Swing,21341.0,655393,1591495,450634,798511,604506,112904,464658,516327,261937,354417,537331,306567
241957,242489,Auto,8941.0,664334,1591495,450634,798511,604506,112904,464658,516327,261937,354417,537331,306567
242675,243298,Maim,30239.0,664334,1591495,450634,798511,634745,112904,464658,516327,261937,354417,537331,306567
245175,245798,Fell Cleave,51589.0,664334,1643084,450634,798511,634745,112904,464658,516327,261937,354417,537331,306567
245317,245849,Auto,8941.0,673275,1643084,450634,798511,634745,112904,464658,516327,261937,354417,537331,306567
247675,248612,Inner Chaos,113835.0,673275,1643084,450634,912346,634745,112904,464658,516327,261937,354417,537331,306567
248300,248923,Upheaval,39596.0,673275,1643084,450634,912346,634745,112904,464658,516327,261937,354417,537331,346163
248677,249209,Auto,9477.0,682752,1643084,450634,912346,634745,112904,464658,516327,261937,354417,537331,346163
248925,249592,Onslaught,14139.0,682752,1643084,450634,912346,634745,127043,464658,516327,261937,354417,537331,346163
250175,251335,Primal Rend,117078.0,682752,1643084,450634,912346,634745,127043,581736,516327,261937,354417,537331,346163
251375,252042,Onslaught,14139.0,682752,1643084,450634,912346,634745,141182,581736,516327,261937,354417,537331,346163
252037,252569,Auto,9477.0,692229,1643084,450634,912346,634745,141182,581736,516327,261937,354417,537331,346163
252675,253298,Fell Cleave,94319.0,692229,1737403,450634,912346,634745,141182,581736,516327,261937,354417,537331,346163
253300,253967,Onslaught,14139.0,692229,1737403,450634,912346,634745,155321,581736,516327,261937,354417,537331,346163
255175,255798,Fell Cleave,94319.0,692229,1831722,450634,912346,634745,155321,581736,516327,261937,354417,537331,346163
255397,255929,Auto,9477.0,701706,1831722,450634,912346,634745,155321,581736,516327,261937,354417,537331,346163
257675,258298,Fell Cleave,94319.0,701706,1926041,450634,912346,634745,155321,581736,516327,261937,354417,537331,346163
258757,259289,Auto,9477.0,711183,1926041,450634,912346,634745,155321,581736,516327,261937,354417,537331,346163
258300,259450,Primal Wrath,65999.0,711183,1926041,450634,912346,634745,155321,581736,516327,327936,354417,537331,346163
260175,261235,Primal Ruination,130101.0,711183,1926041,450634,912346,634745,155321,581736,646428,327936,354417,537331,346163
262117,262649,Auto,9477.0,720660,1926041,450634,912346,634745,155321,581736,646428,327936,354417,537331,346163
262675,263612,Inner Chaos,113835.0,720660,1926041,450634,1026181,634745,155321,581736,646428,327936,354417,537331,346163
265477,266009,Auto,9477.0,730137,1926041,450634,1026181,634745,155321,581736,646428,327936,354417,537331,346163
265175,266690,Storm's Path,47142.0,730137,1926041,450634,1026181,634745,155321,581736,646428,327936,354417,584473,346163
267675,268298,Fell Cleave,51589.0,730137,1977630,450634,1026181,634745,155321,581736,646428,327936,354417,584473,346163
268837,269369,Auto,8941.0,739078,1977630,450634,1026181,634745,155321,581736,646428,327936,354417,584473,346163
270175,270707,Heavy Swing,21341.0,739078,1977630,471975,1026181,634745,155321,581736,646428,327936,354417,584473,346163
272197,272729,Auto,8941.0,748019,1977630,471975,1026181,634745,155321,581736,646428,327936,354417,584473,346163
272675,273298,Maim,30239.0,748019,1977630,471975,1026181,664984,155321,581736,646428,327936,354417,584473,346163
275557,276089,Auto,8941.0,756960,1977630,471975,1026181,664984,155321,581736,646428,327936,354417,584473,346163
275176,276825,Storm's Eye,44474.0,756960,1977630,471975,1026181,664984,155321,581736,646428,327936,398891,584473,346163
277676,278208,Heavy Swing,21341.0,756960,1977630,493316,1026181,664984,155321,581736,646428,327936,398891,584473,346163
278301,278924,Upheaval,37355.0,756960,1977630,493316,1026181,664984,155321,581736,646428,327936,398891,584473,383518
278917,279449,Auto,8941.0,765901,1977630,493316,1026181,664984,155321,581736,646428,327936,398891,584473,383518
280176,280799,Maim,30239.0,765901,1977630,493316,1026181,695223,155321,581736,646428,327936,398891,584473,383518
282277,282809,Auto,8941.0,774842,1977630,493316,1026181,695223,155321,581736,646428,327936,398891,584473,383518
282676,284191,Storm's Path,44474.0,774842,1977630,493316,1026181,695223,155321,581736,646428,327936,398891,628947,383518
285176,285799,Fell Cleave,51589.0,774842,2029219,493316,1026181,695223,155321,581736,646428,327936,398891,628947,383518
285637,286169,Auto,8941.0,783783,2029219,493316,1026181,695223,155321,581736,646428,327936,398891,628947,383518
287676,288208,Heavy Swing,21341.0,783783,2029219,514657,1026181,695223,155321,581736,646428,327936,398891,628947,383518
288997,289529,Auto,8941.0,792724,2029219,514657,1026181,695223,155321,581736,646428,327936,398891,628947,383518
290176,290799,Maim,30239.0,792724,2029219,514657,1026181,725462,155321,581736,646428,327936,398891,628947,383518
292357,292889,Auto,8941.0,801665,2029219,514657,1026181,725462,155321,581736,646428,327936,398891,628947,383518
292676,294191,Storm's Path,44474.0,801665,2029219,514657,1026181,725462,155321,581736,646428,327936,398891,673421,383518
295176,295708,Heavy Swing,21341.0,801665,2029219,535998,1026181,725462,155321,581736,646428,327936,398891,673421,383518
295717,296249,Auto,8941.0,810606,2029219,535998,1026181,725462,155321,581736,646428,327936,398891,673421,383518
297676,298299,Maim,30239.0,810606,2029219,535998,1026181,755701,155321,581736,646428,327936,398891,673421,383518
299077,299609,Auto,8941.0,819547,2029219,535998,1026181,755701,155321,581736,646428,327936,398891,673421,383518
300176,301825,Storm's Eye,44474.0,819547,2029219,535998,1026181,755701,155321,581736,646428,327936,443365,673421,383518
302437,302969,Auto,8941.0,828488,2029219,535998,1026181,755701,155321,581736,646428,327936,443365,673421,383518
302676,303299,Fell Cleave,51589.0,828488,2080808,535998,1026181,755701,155321,581736,646428,327936,443365,673421,383518
305176,305708,Heavy Swing,21341.0,828488,2080808,557339,1026181,755701,155321,581736,646428,327936,443365,673421,383518
305797,306329,Auto,8941.0,837429,2080808,557339,1026181,755701,155321,581736,646428,327936,443365,673421,383518
307676,308613,Inner Chaos,107391.0,837429,2080808,557339,1133572,755701,155321,581736,646428,327936,443365,673421,383518
308301,308924,Upheaval,37355.0,837429,2080808,557339,1133572,755701,155321,581736,646428,327936,443365,673421,420873
308926,309593,Onslaught,13339.0,837429,2080808,557339,1133572,755701,168660,581736,646428,327936,443365,673421,420873
309157,309689,Auto,8941.0,846370,2080808,557339,1133572,755701,168660,581736,646428,327936,443365,673421,420873
310176,311336,Primal Rend,110452.0,846370,2080808,557339,1133572,755701,168660,692188,646428,327936,443365,673421,420873
312517,313049,Auto,8941.0,855311,2080808,557339,1133572,755701,168660,692188,646428,327936,443365,673421,420873
312676,313299,Fell Cleave,88980.0,855311,2169788,557339,1133572,755701,168660,692188,646428,327936,443365,673421,420873
315176,315799,Fell Cleave,88980.0,855311,2258768,557339,1133572,755701,168660,692188,646428,327936,443365,673421,420873
315877,316409,Auto,8941.0,864252,2258768,557339,1133572,755701,168660,692188,646428,327936,443365,673421,420873
317676,318299,Fell Cleave,88980.0,864252,2347748,557339,1133572,755701,168660,692188,646428,327936,443365,673421,420873
318301,319451,Primal Wrath,62264.0,864252,2347748,557339,1133572,755701,168660,692188,646428,390200,443365,673421,420873
319237,319769,Auto,8941.0,873193,2347748,557339,1133572,755701,168660,692188,646428,390200,443365,673421,420873
320176,321236,Primal Ruination,122736.0,873193,2347748,557339,1133572,755701,168660,692188,769164,390200,443365,673421,420873
322597,323129,Auto,8941.0,882134,2347748,557339,1133572,755701,168660,692188,769164,390200,443365,673421,420873
322676,323299,Maim,30239.0,882134,2347748,557339,1133572,785940,168660,692188,769164,390200,443365,673421,420873
325957,326489,Auto,8941.0,891075,2347748,557339,1133572,785940,168660,692188,769164,390200,443365,673421,420873
325177,326692,Storm's Path,44474.0,891075,2347748,557339,1133572,785940,168660,692188,769164,390200,443365,717895,420873
327677,328209,Heavy Swing,21341.0,891075,2347748,578680,1133572,785940,168660,692188,769164,390200,443365,717895,420873
329317,329849,Auto,8941.0,900016,2347748,578680,1133572,785940,168660,692188,769164,390200,443365,717895,420873
330177,330800,Maim,30239.0,900016,2347748,578680,1133572,816179,168660,692188,769164,390200,443365,717895,420873
332677,333209,Auto,8941.0,908957,2347748,578680,1133572,816179,168660,692188,769164,390200,443365,717895,420873
332677,334192,Storm's Path,44474.0,908957,2347748,578680,1133572,816179,168660,692188,769164,390200,443365,762369,420873
335177,335800,Fell Cleave,51589.0,908957,2399337,578680,1133572,816179,168660,692188,769164,390200,443365,762369,420873
336037,336569,Auto,8941.0,917898,2399337,578680,1133572,816179,168660,692188,769164,390200,443365,762369,420873
337677,338209,Heavy Swing,21341.0,917898,2399337,600021,1133572,816179,168660,692188,769164,390200,443365,762369,420873
338302,338925,Upheaval,37355.0,917898,2399337,600021,1133572,816179,168660,692188,769164,390200,443365,762369,458228
339397,339929,Auto,8941.0,926839,2399337,600021,1133572,816179,168660,692188,769164,390200,443365,762369,458228
340177,340800,Maim,30239.0,926839,2399337,600021,1133572,846418,168660,692188,769164,390200,443365,762369,458228
342757,343289,Auto,8941.0,935780,2399337,600021,1133572,846418,168660,692188,769164,390200,443365,762369,458228
342677,344326,Storm's Eye,44474.0,935780,2399337,600021,1133572,846418,168660,692188,769164,390200,487839,762369,458228
345177,345709,Heavy Swing,21341.0,935780,2399337,621362,1133572,846418,168660,692188,769164,390200,487839,762369,458228
346117,346649,Auto,8941.0,944721,2399337,621362,1133572,846418,168660,692188,769164,390200,487839,762369,458228
347677,348300,Maim,30239.0,944721,2399337,621362,1133572,876657,168660,692188,769164,390200,487839,762369,458228
349477,350009,Auto,8941.0,953662,2399337,621362,1133572,876657,168660,692188,769164,390200,487839,762369,458228
350177,351692,Storm's Path,44474.0,953662,2399337,621362,1133572,876657,168660,692188,769164,390200,487839,806843,458228
352677,353209,Heavy Swing,21341.0,953662,2399337,642703,1133572,876657,168660,692188,769164,390200,487839,806843,458228
352837,353369,Auto,8941.0,962603,2399337,642703,1133572,876657,168660,692188,769164,390200,487839,806843,458228
355177,355800,Maim,30239.0,962603,2399337,642703,1133572,906896,168660,692188,769164,390200,487839,806843,458228
356197,356729,Auto,8941.0,971544,2399337,642703,1133572,906896,168660,692188,769164,390200,487839,806843,458228
357677,359192,Storm's Path,44474.0,971544,2399337,642703,1133572,906896,168660,692188,769164,390200,487839,851317,458228
359557,360089,Auto,8941.0,980485,2399337,642703,1133572,906896,168660,692188,769164,390200,487839,851317,458228
360177,360709,Heavy Swing,21341.0,980485,2399337,664044,1133572,906896,168660,692188,769164,390200,487839,851317,458228
362677,363300,Maim,30239.0,980485,2399337,664044,1133572,937135,168660,692188,769164,390200,487839,851317,458228
362917,363449,Auto,8941.0,989426,2399337,664044,1133572,937135,168660,692188,769164,390200,487839,851317,458228
365177,365800,Fell Cleave,55814.0,989426,2455151,664044,1133572,937135,168660,692188,769164,390200,487839,851317,458228
366277,366809,Auto,10256.0,999682,2455151,664044,1133572,937135,168660,692188,769164,390200,487839,851317,458228
367677,368614,Inner Chaos,123158.0,999682,2455151,664044,1256730,937135,168660,692188,769164,390200,487839,851317,458228
368302,368925,Upheaval,42841.0,999682,2455151,664044,1256730,937135,168660,692188,769164,390200,487839,851317,501069
368927,369594,Onslaught,15296.0,999682,2455151,664044,1256730,937135,183956,692188,769164,390200,487839,851317,501069
369637,370169,Auto,10256.0,1009938,2455151,664044,1256730,937135,183956,692188,769164,390200,487839,851317,501069
370177,371337,Primal Rend,126676.0,1009938,2455151,664044,1256730,937135,183956,818864,769164,390200,487839,851317,501069
371377,372044,Onslaught,15296.0,1009938,2455151,664044,1256730,937135,199252,818864,769164,390200,487839,851317,501069
372677,373300,Fell Cleave,102044.0,1009938,2557195,664044,1256730,937135,199252,818864,769164,390200,487839,851317,501069
372997,373529,Auto,10256.0,1020194,2557195,664044,1256730,937135,199252,818864,769164,390200,487839,851317,501069
373302,373969,Onslaught,15296.0,1020194,2557195,664044,1256730,937135,214548,818864,769164,390200,487839,851317,501069
375178,375801,Fell Cleave,102044.0,1020194,2659239,664044,1256730,937135,214548,818864,769164,390200,487839,851317,501069
376357,376889,Auto,10256.0,1030450,2659239,664044,1256730,937135,214548,818864,769164,390200,487839,851317,501069
377678,378301,Fell Cleave,102044.0,1030450,2761283,664044,1256730,937135,214548,818864,769164,390200,487839,851317,501069
378303,379453,Primal Wrath,71410.0,1030450,2761283,664044,1256730,937135,214548,818864,769164,461610,487839,851317,501069
379717,380249,Auto,10256.0,1040706,2761283,664044,1256730,937135,214548,818864,769164,461610,487839,851317,501069
380178,381238,Primal Ruination,140754.0,1040706,2761283,664044,1256730,937135,214548,818864,909918,461610,487839,851317,501069
383077,383609,Auto,10256.0,1050962,2761283,664044,1256730,937135,214548,818864,909918,461610,487839,851317,501069
382678,383615,Inner Chaos,123158.0,1050962,2761283,664044,1379888,937135,214548,818864,909918,461610,487839,851317,501069
385178,385801,Fell Cleave,59162.0,1050962,2820445,664044,1379888,937135,214548,818864,909918,461610,487839,851317,501069
386437,386969,Auto,9676.0,1060638,2820445,664044,1379888,937135,214548,818864,909918,461610,487839,851317,501069
387678,389327,Storm's Eye,48117.0,1060638,2820445,664044,1379888,937135,214548,818864,909918,461610,535956,851317,501069
389797,390329,Auto,9676.0,1070314,2820445,664044,1379888,937135,214548,818864,909918,461610,535956,851317,501069
390178,390710,Heavy Swing,23089.0,1070314,2820445,687133,1379888,937135,214548,818864,909918,461610,535956,851317,501069
392678,393301,Maim,32714.0,1070314,2820445,687133,1379888,969849,214548,818864,909918,461610,535956,851317,501069
393157,393689,Auto,9676.0,1079990,2820445,687133,1379888,969849,214548,818864,909918,461610,535956,851317,501069
395178,396693,Storm's Path,44474.0,1079990,2820445,687133,1379888,969849,214548,818864,909918,461610,535956,895791,501069
396517,397049,Auto,8941.0,1088931,2820445,687133,1379888,969849,214548,818864,909918,461610,535956,895791,501069
397678,398210,Heavy Swing,21341.0,1088931,2820445,708474,1379888,969849,214548,818864,909918,461610,535956,895791,501069
398303,398926,Upheaval,37355.0,1088931,2820445,708474,1379888,969849,214548,818864,909918,461610,535956,895791,538424
399877,400409,Auto,8941.0,1097872,2820445,708474,1379888,969849,214548,818864,909918,461610,535956,895791,538424
400178,400801,Maim,30239.0,1097872,2820445,708474,1379888,1000088,214548,818864,909918,461610,535956,895791,538424
402678,403301,Fell Cleave,51589.0,1097872,2872034,708474,1379888,1000088,214548,818864,909918,461610,535956,895791,538424
403237,403769,Auto,8941.0,1106813,2872034,708474,1379888,1000088,214548,818864,909918,461610,535956,895791,538424
405178,406693,Storm's Path,44474.0,1106813,2872034,708474,1379888,1000088,214548,818864,909918,461610,535956,940265,538424
406597,407129,Auto,8941.0,1115754,2872034,708474,1379888,1000088,214548,818864,909918,461610,535956,940265,538424
407678,408210,Heavy Swing,21341.0,1115754,2872034,729815,1379888,1000088,214548,818864,909918,461610,535956,940265,538424
409957,410489,Auto,8941.0,1124695,2872034,729815,1379888,1000088,214548,818864,909918,461610,535956,940265,538424
410178,410801,Maim,30239.0,1124695,2872034,729815,1379888,1030327,214548,818864,909918,461610,535956,940265,538424
413317,413849,Auto,8941.0,1133636,2872034,729815,1379888,1030327,214548,818864,909918,461610,535956,940265,538424
412678,414327,Storm's Eye,44474.0,1133636,2872034,729815,1379888,1030327,214548,818864,909918,461610,580430,940265,538424
415178,415710,Heavy Swing,21341.0,1133636,2872034,751156,1379888,1030327,214548,818864,909918,461610,580430,940265,538424
416677,417209,Auto,8941.0,1142577,2872034,751156,1379888,1030327,214548,818864,909918,461610,580430,940265,538424
417678,418301,Maim,30239.0,1142577,2872034,751156,1379888,1060566,214548,818864,909918,461610,580430,940265,538424
420037,420569,Auto,8941.0,1151518,2872034,751156,1379888,1060566,214548,818864,909918,461610,580430,940265,538424
420178,420801,Fell Cleave,51589.0,1151518,2923623,751156,1379888,1060566,214548,818864,909918,461610,580430,940265,538424
423397,423929,Auto,8941.0,1160459,2923623,751156,1379888,1060566,214548,818864,909918,461610,580430,940265,538424
422678,424193,Storm's Path,44474.0,1160459,2923623,751156,1379888,1060566,214548,818864,909918,461610,580430,984739,538424
425179,425711,Heavy Swing,21341.0,1160459,2923623,772497,1379888,1060566,214548,818864,909918,461610,580430,984739,538424
426757,427289,Auto,8941.0,1169400,2923623,772497,1379888,1060566,214548,818864,909918,461610,580430,984739,538424
427679,428616,Inner Chaos,107391.0,1169400,2923623,772497,1487279,1060566,214548,818864,909918,461610,580430,984739,538424
428304,428927,Upheaval,37355.0,1169400,2923623,772497,1487279,1060566,214548,818864,909918,461610,580430,984739,575779
428929,429596,Onslaught,13339.0,1169400,2923623,772497,1487279,1060566,227887,818864,909918,461610,580430,984739,575779
430117,430649,Auto,8941.0,1178341,2923623,772497,1487279,1060566,227887,818864,909918,461610,580430,984739,575779
430179,431339,Primal Rend,110452.0,1178341,2923623,772497,1487279,1060566,227887,929316,909918,461610,580430,984739,575779
432679,433302,Fell Cleave,88980.0,1178341,3012603,772497,1487279,1060566,227887,929316,909918,461610,580430,984739,575779
433477,434009,Auto,8941.0,1187282,3012603,772497,1487279,1060566,227887,929316,909918,461610,580430,984739,575779
435179,435802,Fell Cleave,88980.0,1187282,3101583,772497,1487279,1060566,227887,929316,909918,461610,580430,984739,575779
436837,437369,Auto,8941.0,1196223,3101583,772497,1487279,1060566,227887,929316,909918,461610,580430,984739,575779
437679,438302,Fell Cleave,88980.0,1196223,3190563,772497,1487279,1060566,227887,929316,909918,461610,580430,984739,575779
438304,439454,Primal Wrath,62264.0,1196223,3190563,772497,1487279,1060566,227887,929316,909918,523874,580430,984739,575779
440197,440729,Auto,8941.0,1205164,3190563,772497,1487279,1060566,227887,929316,909918,523874,580430,984739,575779
440179,441239,Primal Ruination,122736.0,1205164,3190563,772497,1487279,1060566,227887,929316,1032654,523874,580430,984739,575779
442679,443302,Maim,30239.0,1205164,3190563,772497,1487279,1090805,227887,929316,1032654,523874,580430,984739,575779
443557,444089,Auto,8941.0,1214105,3190563,772497,1487279,1090805,227887,929316,1032654,523874,580430,984739,575779
445179,446694,Storm's Path,44474.0,1214105,3190563,772497,1487279,1090805,227887,929316,1032654,523874,580430,1029213,575779
446917,447449,Auto,8941.0,1223046,3190563,772497,1487279,1090805,227887,929316,1032654,523874,580430,1029213,575779
447679,448302,Fell Cleave,51589.0,1223046,3242152,772497,1487279,1090805,227887,929316,1032654,523874,580430,1029213,575779
450179,450711,Heavy Swing,21341.0,1223046,3242152,793838,1487279,1090805,227887,929316,1032654,523874,580430,1029213,575779
450277,450809,Auto,8941.0,1231987,3242152,793838,1487279,1090805,227887,929316,1032654,523874,580430,1029213,575779
452679,453302,Maim,30239.0,1231987,3242152,793838,1487279,1121044,227887,929316,1032654,523874,580430,1029213,575779
453637,454169,Auto,8941.0,1240928,3242152,793838,1487279,1121044,227887,929316,1032654,523874,580430,1029213,575779
455179,456828,Storm's Eye,44474.0,1240928,3242152,793838,1487279,1121044,227887,929316,1032654,523874,624904,1029213,575779
456997,457529,Auto,8941.0,1249869,3242152,793838,1487279,1121044,227887,929316,1032654,523874,624904,1029213,575779
457679,458211,Heavy Swing,21341.0,1249869,3242152,815179,1487279,1121044,227887,929316,1032654,523874,624904,1029213,575779
460179,460802,Maim,30239.0,1249869,3242152,815179,1487279,1151283,227887,929316,1032654,523874,624904,1029213,575779
460357,460889,Auto,8941.0,1258810,3242152,815179,1487279,1151283,227887,929316,1032654,523874,624904,1029213,575779
462679,464194,Storm's Path,44474.0,1258810,3242152,815179,1487279,1151283,227887,929316,1032654,523874,624904,1073687,575779
463717,464249,Auto,8941.0,1267751,3242152,815179,1487279,1151283,227887,929316,1032654,523874,624904,1073687,575779
465179,465802,Fell Cleave,51589.0,1267751,3293741,815179,1487279,1151283,227887,929316,1032654,523874,624904,1073687,575779
467077,467609,Auto,8941.0,1276692,3293741,815179,1487279,1151283,227887,929316,1032654,523874,624904,1073687,575779
467679,468211,Heavy Swing,21341.0,1276692,3293741,836520,1487279,1151283,227887,929316,1032654,523874,624904,1073687,575779
470179,470802,Maim,30239.0,1276692,3293741,836520,1487279,1181522,227887,929316,1032654,523874,624904,1073687,575779
470437,470969,Auto,8941.0,1285633,3293741,836520,1487279,1181522,227887,929316,1032654,523874,624904,1073687,575779
472679,474194,Storm's Path,44474.0,1285633,3293741,836520,1487279,1181522,227887,929316,1032654,523874,624904,1118161,575779
473797,474329,Auto,8941.0,1294574,3293741,836520,1487279,1181522,227887,929316,1032654,523874,624904,1118161,575779
475180,475712,Heavy Swing,21341.0,1294574,3293741,857861,1487279,1181522,227887,929316,1032654,523874,624904,1118161,575779
477157,477689,Auto,8941.0,1303515,3293741,857861,1487279,1181522,227887,929316,1032654,523874,624904,1118161,575779
477680,478303,Maim,30239.0,1303515,3293741,857861,1487279,1211761,227887,929316,1032654,523874,624904,1118161,575779
480517,481049,Auto,8941.0,1312456,3293741,857861,1487279,1211761,227887,929316,1032654,523874,624904,1118161,575779
480180,481829,Storm's Eye,44474.0,1312456,3293741,857861,1487279,1211761,227887,929316,1032654,523874,669378,1118161,575779
482680,483212,Heavy Swing,21341.0,1312456,3293741,879202,1487279,1211761,227887,929316,1032654,523874,669378,1118161,575779
483877,484409,Auto,8941.0,1321397,3293741,879202,1487279,1211761,227887,929316,1032654,523874,669378,1118161,575779
485180,485803,Fell Cleave,51589.0,1321397,3345330,879202,1487279,1211761,227887,929316,1032654,523874,669378,1118161,575779
487237,487769,Auto,9477.0,1330874,3345330,879202,1487279,1211761,227887,929316,1032654,523874,669378,1118161,575779
487680,488617,Inner Chaos,113835.0,1330874,3345330,879202,1601114,1211761,227887,929316,1032654,523874,669378,1118161,575779
488305,488928,Upheaval,39596.0,1330874,3345330,879202,1601114,1211761,227887,929316,1032654,523874,669378,1118161,615375
488930,489597,Onslaught,14139.0,1330874,3345330,879202,1601114,1211761,242026,929316,1032654,523874,669378,1118161,615375
490597,491129,Auto,9477.0,1340351,3345330,879202,1601114,1211761,242026,929316,1032654,523874,669378,1118161,615375
490180,491340,Primal Rend,117078.0,1340351,3345330,879202,1601114,1211761,242026,1046394,1032654,523874,669378,1118161,615375
491380,492047,Onslaught,14139.0,1340351,3345330,879202,1601114,1211761,256165,1046394,1032654,523874,669378,1118161,615375
492680,493303,Fell Cleave,94319.0,1340351,3439649,879202,1601114,1211761,256165,1046394,1032654,523874,669378,1118161,615375
493305,493972,Onslaught,14139.0,1340351,3439649,879202,1601114,1211761,270304,1046394,1032654,523874,669378,1118161,615375
493957,494489,Auto,9477.0,1349828,3439649,879202,1601114,1211761,270304,1046394,1032654,523874,669378,1118161,615375
495180,495803,Fell Cleave,94319.0,1349828,3533968,879202,1601114,1211761,270304,1046394,1032654,523874,669378,1118161,615375
497317,497849,Auto,9477.0,1359305,3533968,879202,1601114,1211761,270304,1046394,1032654,523874,669378,1118161,615375
497680,498303,Fell Cleave,94319.0,1359305,3628287,879202,1601114,1211761,270304,1046394,1032654,523874,669378,1118161,615375
498305,499455,Primal Wrath,65999.0,1359305,3628287,879202,1601114,1211761,270304,1046394,1032654,589873,669378,1118161,615375
500677,501209,Auto,9477.0,1368782,3628287,879202,1601114,1211761,270304,1046394,1032654,589873,669378,1118161,615375
500180,501240,Primal Ruination,130101.0,1368782,3628287,879202,1601114,1211761,270304,1046394,1162755,589873,669378,1118161,615375
502680,503617,Inner Chaos,113835.0,1368782,3628287,879202,1714949,1211761,270304,1046394,1162755,589873,669378,1118161,615375
504037,504569,Auto,9477.0,1378259,3628287,879202,1714949,1211761,270304,1046394,1162755,589873,669378,1118161,615375
505180,505803,Maim,32053.0,1378259,3628287,879202,1714949,1243814,270304,1046394,1162755,589873,669378,1118161,615375
507397,507929,Auto,8941.0,1387200,3628287,879202,1714949,1243814,270304,1046394,1162755,589873,669378,1118161,615375
507680,509195,Storm's Path,44474.0,1387200,3628287,879202,1714949,1243814,270304,1046394,1162755,589873,669378,1162635,615375
510180,510712,Heavy Swing,21341.0,1387200,3628287,900543,1714949,1243814,270304,1046394,1162755,589873,669378,1162635,615375
510757,511289,Auto,8941.0,1396141,3628287,900543,1714949,1243814,270304,1046394,1162755,589873,669378,1162635,615375
512679,513302,Maim,30239.0,1396141,3628287,900543,1714949,1274053,270304,1046394,1162755,589873,669378,1162635,615375
514117,514649,Auto,8941.0,1405082,3628287,900543,1714949,1274053,270304,1046394,1162755,589873,669378,1162635,615375
515179,516694,Storm's Path,44474.0,1405082,3628287,900543,1714949,1274053,270304,1046394,1162755,589873,669378,1207109,615375
517477,518009,Auto,8941.0,1414023,3628287,900543,1714949,1274053,270304,1046394,1162755,589873,669378,1207109,615375
517679,518302,Fell Cleave,51589.0,1414023,3679876,900543,1714949,1274053,270304,1046394,1162755,589873,669378,1207109,615375
518304,518927,Upheaval,37355.0,1414023,3679876,900543,1714949,1274053,270304,1046394,1162755,589873,669378,1207109,652730
520179,520711,Heavy Swing,21341.0,1414023,3679876,921884,1714949,1274053,270304,1046394,1162755,589873,669378,1207109,652730
520837,521369,Auto,8941.0,1422964,3679876,921884,1714949,1274053,270304,1046394,1162755,589873,669378,1207109,652730
522679,523302,Maim,30239.0,1422964,3679876,921884,1714949,1304292,270304,1046394,1162755,589873,669378,1207109,652730
524197,524729,Auto,8941.0,1431905,3679876,921884,1714949,1304292,270304,1046394,1162755,589873,669378,1207109,652730
525181,526830,Storm's Eye,44474.0,1431905,3679876,921884,1714949,1304292,270304,1046394,1162755,589873,713852,1207109,652730
527557,528089,Auto,8941.0,1440846,3679876,921884,1714949,1304292,270304,1046394,1162755,589873,713852,1207109,652730
527681,528213,Heavy Swing,21341.0,1440846,3679876,943225,1714949,1304292,270304,1046394,1162755,589873,713852,1207109,652730
530181,530804,Maim,30239.0,1440846,3679876,943225,1714949,1334531,270304,1046394,1162755,589873,713852,1207109,652730
530917,531449,Auto,8941.0,1449787,3679876,943225,1714949,1334531,270304,1046394,1162755,589873,713852,1207109,652730
532681,534196,Storm's Path,44474.0,1449787,3679876,943225,1714949,1334531,270304,1046394,1162755,589873,713852,1251583,652730
534277,534809,Auto,8941.0,1458728,3679876,943225,1714949,1334531,270304,1046394,1162755,589873,713852,1251583,652730
535181,535804,Fell Cleave,51589.0,1458728,3731465,943225,1714949,1334531,270304,1046394,1162755,589873,713852,1251583,652730
537637,538169,Auto,8941.0,1467669,3731465,943225,1714949,1334531,270304,1046394,1162755,589873,713852,1251583,652730
537681,538213,Heavy Swing,21341.0,1467669,3731465,964566,1714949,1334531,270304,1046394,1162755,589873,713852,1251583,652730
540181,540804,Maim,30239.0,1467669,3731465,964566,1714949,1364770,270304,1046394,1162755,589873,713852,1251583,652730
540997,541529,Auto,8941.0,1476610,3731465,964566,1714949,1364770,270304,1046394,1162755,589873,713852,1251583,652730
542681,544196,Storm's Path,44474.0,1476610,3731465,964566,1714949,1364770,270304,1046394,1162755,589873,713852,1296057,652730
544357,544889,Auto,8941.0,1485551,3731465,964566,1714949,1364770,270304,1046394,1162755,589873,713852,1296057,652730
545181,545713,Heavy Swing,21341.0,1485551,3731465,985907,1714949,1364770,270304,1046394,1162755,589873,713852,1296057,652730
547717,548249,Auto,8941.0,1494492,3731465,985907,1714949,1364770,270304,1046394,1162755,589873,713852,1296057,652730
547681,548618,Inner Chaos,107391.0,1494492,3731465,985907,1822340,1364770,270304,1046394,1162755,589873,713852,1296057,652730
548306,548929,Upheaval,37355.0,1494492,3731465,985907,1822340,1364770,270304,1046394,1162755,589873,713852,1296057,690085
548931,549598,Onslaught,13339.0,1494492,3731465,985907,1822340,1364770,283643,1046394,1162755,589873,713852,1296057,690085
550181,551341,Primal Rend,110452.0,1494492,3731465,985907,1822340,1364770,283643,1156846,1162755,589873,713852,1296057,690085
551077,551609,Auto,8941.0,1503433,3731465,985907,1822340,1364770,283643,1156846,1162755,589873,713852,1296057,690085
552681,553304,Fell Cleave,88980.0,1503433,3820445,985907,1822340,1364770,283643,1156846,1162755,589873,713852,1296057,690085
554437,554969,Auto,8941.0,1512374,3820445,985907,1822340,1364770,283643,1156846,1162755,589873,713852,1296057,690085
555181,555804,Fell Cleave,88980.0,1512374,3909425,985907,1822340,1364770,283643,1156846,1162755,589873,713852,1296057,690085
557681,558304,Fell Cleave,88980.0,1512374,3998405,985907,1822340,1364770,283643,1156846,1162755,589873,713852,1296057,690085
557797,558329,Auto,8941.0,1521315,3998405,985907,1822340,1364770,283643,1156846,1162755,589873,713852,1296057,690085
558306,559456,Primal Wrath,62264.0,1521315,3998405,985907,1822340,1364770,283643,1156846,1162755,652137,713852,1296057,690085
560181,561241,Primal Ruination,122736.0,1521315,3998405,985907,1822340,1364770,283643,1156846,1285491,652137,713852,1296057,690085
561157,561689,Auto,8941.0,1530256,3998405,985907,1822340,1364770,283643,1156846,1285491,652137,713852,1296057,690085
562681,563304,Maim,30239.0,1530256,3998405,985907,1822340,1395009,283643,1156846,1285491,652137,713852,1296057,690085
564517,565049,Auto,8941.0,1539197,3998405,985907,1822340,1395009,283643,1156846,1285491,652137,713852,1296057,690085
565181,565804,Fell Cleave,51589.0,1539197,4049994,985907,1822340,1395009,283643,1156846,1285491,652137,713852,1296057,690085
567877,568409,Auto,8941.0,1548138,4049994,985907,1822340,1395009,283643,1156846,1285491,652137,713852,1296057,690085
567681,569330,Storm's Eye,44474.0,1548138,4049994,985907,1822340,1395009,283643,1156846,1285491,652137,758326,1296057,690085
570181,570713,Heavy Swing,21341.0,1548138,4049994,1007248,1822340,1395009,283643,1156846,1285491,652137,758326,1296057,690085
571237,571769,Auto,8941.0,1557079,4049994,1007248,1822340,1395009,283643,1156846,1285491,652137,758326,1296057,690085
572681,573304,Maim,30239.0,1557079,4049994,1007248,1822340,1425248,283643,1156846,1285491,652137,758326,1296057,690085
574597,575129,Auto,8941.0,1566020,4049994,1007248,1822340,1425248,283643,1156846,1285491,652137,758326,1296057,690085
575182,576697,Storm's Path,44474.0,1566020,4049994,1007248,1822340,1425248,283643,1156846,1285491,652137,758326,1340531,690085
577682,578214,Heavy Swing,21341.0,1566020,4049994,1028589,1822340,1425248,283643,1156846,1285491,652137,758326,1340531,690085
577957,578489,Auto,8941.0,1574961,4049994,1028589,1822340,1425248,283643,1156846,1285491,652137,758326,1340531,690085
578307,578930,Upheaval,37355.0,1574961,4049994,1028589,1822340,1425248,283643,1156846,1285491,652137,758326,1340531,727440
580182,580805,Maim,30239.0,1574961,4049994,1028589,1822340,1455487,283643,1156846,1285491,652137,758326,1340531,727440
581317,581849,Auto,8941.0,1583902,4049994,1028589,1822340,1455487,283643,1156846,1285491,652137,758326,1340531,727440
582682,583305,Fell Cleave,51589.0,1583902,4101583,1028589,1822340,1455487,283643,1156846,1285491,652137,758326,1340531,727440
584677,585209,Auto,8941.0,1592843,4101583,1028589,1822340,1455487,283643,1156846,1285491,652137,758326,1340531,727440
585182,586697,Storm's Path,44474.0,1592843,4101583,1028589,1822340,1455487,283643,1156846,1285491,652137,758326,1385005,727440
587682,588214,Heavy Swing,21341.0,1592843,4101583,1049930,1822340,1455487,283643,1156846,1285491,652137,758326,1385005,727440
588037,588569,Auto,8941.0,1601784,4101583,1049930,1822340,1455487,283643,1156846,1285491,652137,758326,1385005,727440
590182,590805,Maim,30239.0,1601784,4101583,1049930,1822340,1485726,283643,1156846,1285491,652137,758326,1385005,727440
591397,591929,Auto,8941.0,1610725,4101583,1049930,1822340,1485726,283643,1156846,1285491,652137,758326,1385005,727440
592682,594331,Storm's Eye,44474.0,1610725,4101583,1049930,1822340,1485726,283643,1156846,1285491,652137,802800,1385005,727440
594757,595289,Auto,8941.0,1619666,4101583,1049930,1822340,1485726,283643,1156846,1285491,652137,802800,1385005,727440
595182,595714,Heavy Swing,21341.0,1619666,4101583,1071271,1822340,1485726,283643,1156846,1285491,652137,802800,1385005,727440
597682,598305,Maim,30239.0,1619666,4101583,1071271,1822340,1515965,283643,1156846,1285491,652137,802800,1385005,727440
598117,598649,Auto,8941.0,1628607,4101583,1071271,1822340,1515965,283643,1156846,1285491,652137,802800,1385005,727440
600182,600805,Fell Cleave,51589.0,1628607,4153172,1071271,1822340,1515965,283643,1156846,1285491,652137,802800,1385005,727440
601477,602009,Auto,8941.0,1637548,4153172,1071271,1822340,1515965,283643,1156846,1285491,652137,802800,1385005,727440
602682,604197,Storm's Path,44474.0,1637548,4153172,1071271,1822340,1515965,283643,1156846,1285491,652137,802800,1429479,727440
604837,605369,Auto,8941.0,1646489,4153172,1071271,1822340,1515965,283643,1156846,1285491,652137,802800,1429479,727440
605182,605714,Heavy Swing,21341.0,1646489,4153172,1092612,1822340,1515965,283643,1156846,1285491,652137,802800,1429479,727440
607682,608619,Inner Chaos,113835.0,1646489,4153172,1092612,1936175,1515965,283643,1156846,1285491,652137,802800,1429479,727440
608197,608729,Auto,9477.0,1655966,4153172,1092612,1936175,1515965,283643,1156846,1285491,652137,802800,1429479,727440
608307,608930,Upheaval,39596.0,1655966,4153172,1092612,1936175,1515965,283643,1156846,1285491,652137,802800,1429479,767036
608932,609599,Onslaught,14139.0,1655966,4153172,1092612,1936175,1515965,297782,1156846,1285491,652137,802800,1429479,767036
610182,611342,Primal Rend,117078.0,1655966,4153172,1092612,1936175,1515965,297782,1273924,1285491,652137,802800,1429479,767036
611382,612049,Onslaught,14139.0,1655966,4153172,1092612,1936175,1515965,311921,1273924,1285491,652137,802800,1429479,767036
611557,612089,Auto,9477.0,1665443,4153172,1092612,1936175,1515965,311921,1273924,1285491,652137,802800,1429479,767036
612682,613305,Fell Cleave,94319.0,1665443,4247491,1092612,1936175,1515965,311921,1273924,1285491,652137,802800,1429479,767036
613307,613974,Onslaught,14139.0,1665443,4247491,1092612,1936175,1515965,326060,1273924,1285491,652137,802800,1429479,767036
614917,615449,Auto,9477.0,1674920,4247491,1092612,1936175,1515965,326060,1273924,1285491,652137,802800,1429479,767036
615182,615805,Fell Cleave,94319.0,1674920,4341810,1092612,1936175,1515965,326060,1273924,1285491,652137,802800,1429479,767036
617682,618305,Fell Cleave,94319.0,1674920,4436129,1092612,1936175,1515965,326060,1273924,1285491,652137,802800,1429479,767036
618277,618809,Auto,9477.0,1684397,4436129,1092612,1936175,1515965,326060,1273924,1285491,652137,802800,1429479,767036
618307,619457,Primal Wrath,65999.0,1684397,4436129,1092612,1936175,1515965,326060,1273924,1285491,718136,802800,1429479,767036
620182,621242,Primal Ruination,130101.0,1684397,4436129,1092612,1936175,1515965,326060,1273924,1415592,718136,802800,1429479,767036
621637,622169,Auto,9477.0,1693874,4436129,1092612,1936175,1515965,326060,1273924,1415592,718136,802800,1429479,767036
622682,623619,Inner Chaos,113835.0,1693874,4436129,1092612,2050010,1515965,326060,1273924,1415592,718136,802800,1429479,767036
624997,625529,Auto,9477.0,1703351,4436129,1092612,2050010,1515965,326060,1273924,1415592,718136,802800,1429479,767036
625183,625806,Maim,32053.0,1703351,4436129,1092612,2050010,1548018,326060,1273924,1415592,718136,802800,1429479,767036
628357,628889,Auto,8941.0,1712292,4436129,1092612,2050010,1548018,326060,1273924,1415592,718136,802800,1429479,767036
627683,629198,Storm's Path,44474.0,1712292,4436129,1092612,2050010,1548018,326060,1273924,1415592,718136,802800,1473953,767036
630183,630806,Fell Cleave,51589.0,1712292,4487718,1092612,2050010,1548018,326060,1273924,1415592,718136,802800,1473953,767036
631717,632249,Auto,8941.0,1721233,4487718,1092612,2050010,1548018,326060,1273924,1415592,718136,802800,1473953,767036
632683,633620,Inner Chaos,107391.0,1721233,4487718,1092612,2157401,1548018,326060,1273924,1415592,718136,802800,1473953,767036
635077,635609,Auto,8941.0,1730174,4487718,1092612,2157401,1548018,326060,1273924,1415592,718136,802800,1473953,767036
635183,635715,Heavy Swing,21341.0,1730174,4487718,1113953,2157401,1548018,326060,1273924,1415592,718136,802800,1473953,767036
637683,638306,Maim,30239.0,1730174,4487718,1113953,2157401,1578257,326060,1273924,1415592,718136,802800,1473953,767036
638308,638931,Upheaval,37355.0,1730174,4487718,1113953,2157401,1578257,326060,1273924,1415592,718136,802800,1473953,804391
638437,638969,Auto,8941.0,1739115,4487718,1113953,2157401,1578257,326060,1273924,1415592,718136,802800,1473953,804391
640183,641832,Storm's Eye,44474.0,1739115,4487718,1113953,2157401,1578257,326060,1273924,1415592,718136,847274,1473953,804391
641797,642329,Auto,8941.0,1748056,4487718,1113953,2157401,1578257,326060,1273924,1415592,718136,847274,1473953,804391
642683,643215,Heavy Swing,21341.0,1748056,4487718,1135294,2157401,1578257,326060,1273924,1415592,718136,847274,1473953,804391
645157,645689,Auto,8941.0,1756997,4487718,1135294,2157401,1578257,326060,1273924,1415592,718136,847274,1473953,804391
645183,645806,Maim,30239.0,1756997,4487718,1135294,2157401,1608496,326060,1273924,1415592,718136,847274,1473953,804391
648517,649049,Auto,8941.0,1765938,4487718,1135294,2157401,1608496,326060,1273924,1415592,718136,847274,1473953,804391
647683,649198,Storm's Path,44474.0,1765938,4487718,1135294,2157401,1608496,326060,1273924,1415592,718136,847274,1518427,804391
650183,650806,Fell Cleave,51589.0,1765938,4539307,1135294,2157401,1608496,326060,1273924,1415592,718136,847274,1518427,804391
651877,652409,Auto,8941.0,1774879,4539307,1135294,2157401,1608496,326060,1273924,1415592,718136,847274,1518427,804391
652683,653215,Heavy Swing,21341.0,1774879,4539307,1156635,2157401,1608496,326060,1273924,1415592,718136,847274,1518427,804391
655237,655769,Auto,8941.0,1783820,4539307,1156635,2157401,1608496,326060,1273924,1415592,718136,847274,1518427,804391
655183,655806,Maim,30239.0,1783820,4539307,1156635,2157401,1638735,326060,1273924,1415592,718136,847274,1518427,804391
658597,659129,Auto,8941.0,1792761,4539307,1156635,2157401,1638735,326060,1273924,1415592,718136,847274,1518427,804391
657683,659198,Storm's Path,44474.0,1792761,4539307,1156635,2157401,1638735,326060,1273924,1415592,718136,847274,1562901,804391
660183,660715,Heavy Swing,21341.0,1792761,4539307,1177976,2157401,1638735,326060,1273924,1415592,718136,847274,1562901,804391
661957,662489,Auto,8941.0,1801702,4539307,1177976,2157401,1638735,326060,1273924,1415592,718136,847274,1562901,804391
662683,663306,Maim,30239.0,1801702,4539307,1177976,2157401,1668974,326060,1273924,1415592,718136,847274,1562901,804391
665317,665849,Auto,8941.0,1810643,4539307,1177976,2157401,1668974,326060,1273924,1415592,718136,847274,1562901,804391
665183,666698,Storm's Path,44474.0,1810643,4539307,1177976,2157401,1668974,326060,1273924,1415592,718136,847274,1607375,804391
667683,668306,Fell Cleave,88980.0,1810643,4628287,1177976,2157401,1668974,326060,1273924,1415592,718136,847274,1607375,804391
668308,668931,Upheaval,37355.0,1810643,4628287,1177976,2157401,1668974,326060,1273924,1415592,718136,847274,1607375,841746
668677,669209,Auto,8941.0,1819584,4628287,1177976,2157401,1668974,326060,1273924,1415592,718136,847274,1607375,841746
668933,669600,Onslaught,13339.0,1819584,4628287,1177976,2157401,1668974,339399,1273924,1415592,718136,847274,1607375,841746
670183,671343,Primal Rend,110452.0,1819584,4628287,1177976,2157401,1668974,339399,1384376,1415592,718136,847274,1607375,841746
672037,672569,Auto,8941.0,1828525,4628287,1177976,2157401,1668974,339399,1384376,1415592,718136,847274,1607375,841746
672683,673306,Fell Cleave,88980.0,1828525,4717267,1177976,2157401,1668974,339399,1384376,1415592,718136,847274,1607375,841746
675184,675807,Fell Cleave,88980.0,1828525,4806247,1177976,2157401,1668974,339399,1384376,1415592,718136,847274,1607375,841746
675397,675929,Auto,8941.0,1837466,4806247,1177976,2157401,1668974,339399,1384376,1415592,718136,847274,1607375,841746
675809,676959,Primal Wrath,62264.0,1837466,4806247,1177976,2157401,1668974,339399,1384376,1415592,780400,847274,1607375,841746
677684,678744,Primal Ruination,122736.0,1837466,4806247,1177976,2157401,1668974,339399,1384376,1538328,780400,847274,1607375,841746
678757,679289,Auto,8941.0,1846407,4806247,1177976,2157401,1668974,339399,1384376,1538328,780400,847274,1607375,841746
680184,680807,Fell Cleave,51589.0,1846407,4857836,1177976,2157401,1668974,339399,1384376,1538328,780400,847274,1607375,841746
682117,682649,Auto,8941.0,1855348,4857836,1177976,2157401,1668974,339399,1384376,1538328,780400,847274,1607375,841746
682684,683216,Heavy Swing,21341.0,1855348,4857836,1199317,2157401,1668974,339399,1384376,1538328,780400,847274,1607375,841746
685184,685807,Maim,30239.0,1855348,4857836,1199317,2157401,1699213,339399,1384376,1538328,780400,847274,1607375,841746
685477,686009,Auto,8941.0,1864289,4857836,1199317,2157401,1699213,339399,1384376,1538328,780400,847274,1607375,841746
687684,689333,Storm's Eye,44474.0,1864289,4857836,1199317,2157401,1699213,339399,1384376,1538328,780400,891748,1607375,841746
688837,689369,Auto,8941.0,1873230,4857836,1199317,2157401,1699213,339399,1384376,1538328,780400,891748,1607375,841746
690184,690716,Heavy Swing,21341.0,1873230,4857836,1220658,2157401,1699213,339399,1384376,1538328,780400,891748,1607375,841746
692197,692729,Auto,8941.0,1882171,4857836,1220658,2157401,1699213,339399,1384376,1538328,780400,891748,1607375,841746
692684,693307,Maim,30239.0,1882171,4857836,1220658,2157401,1729452,339399,1384376,1538328,780400,891748,1607375,841746
695557,696089,Auto,8941.0,1891112,4857836,1220658,2157401,1729452,339399,1384376,1538328,780400,891748,1607375,841746
695184,696699,Storm's Path,44474.0,1891112,4857836,1220658,2157401,1729452,339399,1384376,1538328,780400,891748,1651849,841746
697684,698307,Fell Cleave,51589.0,1891112,4909425,1220658,2157401,1729452,339399,1384376,1538328,780400,891748,1651849,841746
698309,698932,Upheaval,37355.0,1891112,4909425,1220658,2157401,1729452,339399,1384376,1538328,780400,891748,1651849,879101
698917,699449,Auto,8941.0,1900053,4909425,1220658,2157401,1729452,339399,1384376,1538328,780400,891748,1651849,879101
700184,700716,Heavy Swing,21341.0,1900053,4909425,1241999,2157401,1729452,339399,1384376,1538328,780400,891748,1651849,879101
702277,702809,Auto,8941.0,1908994,4909425,1241999,2157401,1729452,339399,1384376,1538328,780400,891748,1651849,879101
702684,703307,Maim,30239.0,1908994,4909425,1241999,2157401,1759691,339399,1384376,1538328,780400,891748,1651849,879101
705637,706169,Auto,8941.0,1917935,4909425,1241999,2157401,1759691,339399,1384376,1538328,780400,891748,1651849,879101
705184,706699,Storm's Path,44474.0,1917935,4909425,1241999,2157401,1759691,339399,1384376,1538328,780400,891748,1696323,879101
707684,708216,Heavy Swing,21341.0,1917935,4909425,1263340,2157401,1759691,339399,1384376,1538328,780400,891748,1696323,879101
708997,709529,Auto,8941.0,1926876,4909425,1263340,2157401,1759691,339399,1384376,1538328,780400,891748,1696323,879101
710184,710807,Maim,30239.0,1926876,4909425,1263340,2157401,1789930,339399,1384376,1538328,780400,891748,1696323,879101
712357,712889,Auto,8941.0,1935817,4909425,1263340,2157401,1789930,339399,1384376,1538328,780400,891748,1696323,879101
712684,713307,Fell Cleave,51589.0,1935817,4961014,1263340,2157401,1789930,339399,1384376,1538328,780400,891748,1696323,879101
715717,716249,Auto,8941.0,1944758,4961014,1263340,2157401,1789930,339399,1384376,1538328,780400,891748,1696323,879101
715184,716833,Storm's Eye,44474.0,1944758,4961014,1263340,2157401,1789930,339399,1384376,1538328,780400,936222,1696323,879101
717684,718216,Heavy Swing,21341.0,1944758,4961014,1284681,2157401,1789930,339399,1384376,1538328,780400,936222,1696323,879101
719077,719609,Auto,8941.0,1953699,4961014,1284681,2157401,1789930,339399,1384376,1538328,780400,936222,1696323,879101
720184,720807,Maim,30239.0,1953699,4961014,1284681,2157401,1820169,339399,1384376,1538328,780400,936222,1696323,879101
722437,722969,Auto,9676.0,1963375,4961014,1284681,2157401,1820169,339399,1384376,1538328,780400,936222,1696323,879101
722684,724199,Storm's Path,48117.0,1963375,4961014,1284681,2157401,1820169,339399,1384376,1538328,780400,936222,1744440,879101
725185,725717,Heavy Swing,23089.0,1963375,4961014,1307770,2157401,1820169,339399,1384376,1538328,780400,936222,1744440,879101
725797,726329,Auto,9676.0,1973051,4961014,1307770,2157401,1820169,339399,1384376,1538328,780400,936222,1744440,879101
727685,728622,Inner Chaos,123158.0,1973051,4961014,1307770,2280559,1820169,339399,1384376,1538328,780400,936222,1744440,879101
728310,728933,Upheaval,42841.0,1973051,4961014,1307770,2280559,1820169,339399,1384376,1538328,780400,936222,1744440,921942
728935,729602,Onslaught,15296.0,1973051,4961014,1307770,2280559,1820169,354695,1384376,1538328,780400,936222,1744440,921942
729157,729689,Auto,10256.0,1983307,4961014,1307770,2280559,1820169,354695,1384376,1538328,780400,936222,1744440,921942
730185,731345,Primal Rend,126676.0,1983307,4961014,1307770,2280559,1820169,354695,1511052,1538328,780400,936222,1744440,921942
731385,732052,Onslaught,15296.0,1983307,4961014,1307770,2280559,1820169,369991,1511052,1538328,780400,936222,1744440,921942
732517,733049,Auto,10256.0,1993563,4961014,1307770,2280559,1820169,369991,1511052,1538328,780400,936222,1744440,921942
732685,733308,Fell Cleave,102044.0,1993563,5063058,1307770,2280559,1820169,369991,1511052,1538328,780400,936222,1744440,921942
733310,733977,Onslaught,15296.0,1993563,5063058,1307770,2280559,1820169,385287,1511052,1538328,780400,936222,1744440,921942
735185,735808,Fell Cleave,102044.0,1993563,5165102,1307770,2280559,1820169,385287,1511052,1538328,780400,936222,1744440,921942
735877,736409,Auto,10256.0,2003819,5165102,1307770,2280559,1820169,385287,1511052,1538328,780400,936222,1744440,921942
737685,738308,Fell Cleave,102044.0,2003819,5267146,1307770,2280559,1820169,385287,1511052,1538328,780400,936222,1744440,921942
738310,739460,Primal Wrath,71410.0,2003819,5267146,1307770,2280559,1820169,385287,1511052,1538328,851810,936222,1744440,921942
739237,739769,Auto,10256.0,2014075,5267146,1307770,2280559,1820169,385287,1511052,1538328,851810,936222,1744440,921942
740185,741245,Primal Ruination,140754.0,2014075,5267146,1307770,2280559,1820169,385287,1511052,1679082,851810,936222,1744440,921942
742597,743129,Auto,10256.0,2024331,5267146,1307770,2280559,1820169,385287,1511052,1679082,851810,936222,1744440,921942
742685,743622,Inner Chaos,123158.0,2024331,5267146,1307770,2403717,1820169,385287,1511052,1679082,851810,936222,1744440,921942
745185,745808,Maim,34677.0,2024331,5267146,1307770,2403717,1854846,385287,1511052,1679082,851810,936222,1744440,921942
745957,746489,Auto,10256.0,2034587,5267146,1307770,2403717,1854846,385287,1511052,1679082,851810,936222,1744440,921942
747685,748308,Fell Cleave,55814.0,2034587,5322960,1307770,2403717,1854846,385287,1511052,1679082,851810,936222,1744440,921942
749317,749849,Auto,9676.0,2044263,5322960,1307770,2403717,1854846,385287,1511052,1679082,851810,936222,1744440,921942
750185,751122,Inner Chaos,116187.0,2044263,5322960,1307770,2519904,1854846,385287,1511052,1679082,851810,936222,1744440,921942
752677,753209,Auto,8941.0,2053204,5322960,1307770,2519904,1854846,385287,1511052,1679082,851810,936222,1744440,921942
752685,754200,Storm's Path,44474.0,2053204,5322960,1307770,2519904,1854846,385287,1511052,1679082,851810,936222,1788914,921942
