sim_timestamp,sim_damage_timestamp,sim_name,sim_expected,Auto,Dosis III,Eukrasian Dosis III (dot),Phlegma III,Pneuma,Psyche,Toxikon II
-540,40,Pneuma,49391.0,0,0,0,0,49391,0,0
40,572,Auto,21.0,21,0,0,0,49391,0,0
3401,4071,Dosis III,53462.0,21,53462,0,0,49391,0,0
3901,4433,Auto,21.0,42,53462,0,0,49391,0,0
940,4500,Eukrasian Dosis III (dot),12932.0,42,53462,12932,0,49391,0,0
5841,6511,Dosis III,55065.0,42,108527,12932,0,49391,0,0
6701,7233,Auto,22.0,64,108527,12932,0,49391,0,0
940,7500,Eukrasian Dosis III (dot),12932.0,64,108527,25864,0,49391,0,0
7322,7992,Phlegma III,105297.0,64,108527,25864,105297,49391,0,0
7942,9042,Psyche,105297.0,64,108527,25864,105297,49391,105297,0
9501,10033,Auto,22.0,86,108527,25864,105297,49391,105297,0
9762,10432,Phlegma III,105297.0,86,108527,25864,210594,49391,105297,0
940,10500,Eukrasian Dosis III (dot),12932.0,86,108527,38796,210594,49391,105297,0
940,13500,Eukrasian Dosis III (dot),12932.0,86,108527,51728,210594,49391,105297,0
13163,13833,Dosis III,57967.0,86,166494,51728,210594,49391,105297,0
13663,14195,Auto,22.0,108,166494,51728,210594,49391,105297,0
15603,16273,Dosis III,57967.0,108,224461,51728,210594,49391,105297,0
940,16500,Eukrasian Dosis III (dot),12932.0,108,224461,64660,210594,49391,105297,0
16463,16995,Auto,22.0,130,224461,64660,210594,49391,105297,0
18044,18714,Dosis III,57967.0,130,282428,64660,210594,49391,105297,0
940,19500,Eukrasian Dosis III (dot),12932.0,130,282428,77592,210594,49391,105297,0
19263,19795,Auto,22.0,152,282428,77592,210594,49391,105297,0
20484,21154,Dosis III,57967.0,152,340395,77592,210594,49391,105297,0
940,22500,Eukrasian Dosis III (dot),12932.0,152,340395,90524,210594,49391,105297,0
22924,23594,Dosis III,57967.0,152,398362,90524,210594,49391,105297,0
23424,23956,Auto,22.0,174,398362,90524,210594,49391,105297,0
940,25500,Eukrasian Dosis III (dot),12932.0,174,398362,103456,210594,49391,105297,0
26224,26756,Auto,22.0,196,398362,103456,210594,49391,105297,0
25406,28500,Eukrasian Dosis III (dot),13613.0,196,398362,117069,210594,49391,105297,0
27866,28536,Dosis III,53462.0,196,451824,117069,210594,49391,105297,0
29024,29556,Auto,21.0,217,451824,117069,210594,49391,105297,0
30307,30977,Dosis III,53462.0,217,505286,117069,210594,49391,105297,0
25406,31500,Eukrasian Dosis III (dot),13613.0,217,505286,130682,210594,49391,105297,0
32747,33417,Dosis III,49391.0,217,554677,130682,210594,49391,105297,0
33247,33779,Auto,21.0,238,554677,130682,210594,49391,105297,0
25406,34500,Eukrasian Dosis III (dot),13613.0,238,554677,144295,210594,49391,105297,0
35188,35858,Dosis III,49391.0,238,604068,144295,210594,49391,105297,0
36047,36579,Auto,21.0,259,604068,144295,210594,49391,105297,0
25406,37500,Eukrasian Dosis III (dot),13613.0,259,604068,157908,210594,49391,105297,0
37628,38298,Dosis III,49391.0,259,653459,157908,210594,49391,105297,0
38847,39379,Auto,21.0,280,653459,157908,210594,49391,105297,0
25406,40500,Eukrasian Dosis III (dot),13613.0,280,653459,171521,210594,49391,105297,0
40069,40739,Dosis III,49391.0,280,702850,171521,210594,49391,105297,0
42509,43179,Dosis III,49391.0,280,752241,171521,210594,49391,105297,0
25406,43500,Eukrasian Dosis III (dot),13613.0,280,752241,185134,210594,49391,105297,0
43009,43541,Auto,21.0,301,752241,185134,210594,49391,105297,0
44949,45619,Dosis III,49391.0,301,801632,185134,210594,49391,105297,0
45809,46341,Auto,21.0,322,801632,185134,210594,49391,105297,0
25406,46500,Eukrasian Dosis III (dot),13613.0,322,801632,198747,210594,49391,105297,0
47390,48060,Dosis III,49391.0,322,851023,198747,210594,49391,105297,0
48609,49141,Auto,21.0,343,851023,198747,210594,49391,105297,0
25406,49500,Eukrasian Dosis III (dot),13613.0,343,851023,212360,210594,49391,105297,0
49830,50500,Dosis III,49391.0,343,900414,212360,210594,49391,105297,0
25406,52500,Eukrasian Dosis III (dot),13613.0,343,900414,225973,210594,49391,105297,0
52271,52941,Dosis III,49391.0,343,949805,225973,210594,49391,105297,0
52771,53303,Auto,21.0,364,949805,225973,210594,49391,105297,0
25406,55500,Eukrasian Dosis III (dot),13613.0,364,949805,239586,210594,49391,105297,0
55571,56103,Auto,21.0,385,949805,239586,210594,49391,105297,0
57213,57883,Dosis III,49391.0,385,999196,239586,210594,49391,105297,0
54752,58500,Eukrasian Dosis III (dot),11949.0,385,999196,251535,210594,49391,105297,0
58371,58903,Auto,21.0,406,999196,251535,210594,49391,105297,0
59653,60323,Dosis III,49391.0,406,1048587,251535,210594,49391,105297,0
54752,61500,Eukrasian Dosis III (dot),11949.0,406,1048587,263484,210594,49391,105297,0
62094,62764,Dosis III,49391.0,406,1097978,263484,210594,49391,105297,0
62594,63126,Auto,21.0,427,1097978,263484,210594,49391,105297,0
54752,64500,Eukrasian Dosis III (dot),11949.0,427,1097978,275433,210594,49391,105297,0
64534,65204,Dosis III,49391.0,427,1147369,275433,210594,49391,105297,0
65394,65926,Auto,21.0,448,1147369,275433,210594,49391,105297,0
54752,67500,Eukrasian Dosis III (dot),11949.0,448,1147369,287382,210594,49391,105297,0
66975,67645,Dosis III,49391.0,448,1196760,287382,210594,49391,105297,0
68194,68726,Auto,21.0,469,1196760,287382,210594,49391,105297,0
67942,69042,Psyche,89720.0,469,1196760,287382,210594,49391,195017,0
69522,70192,Dosis III,49391.0,469,1246151,287382,210594,49391,195017,0
54752,70500,Eukrasian Dosis III (dot),11949.0,469,1246151,299331,210594,49391,195017,0
70994,71526,Auto,21.0,490,1246151,299331,210594,49391,195017,0
71962,72632,Dosis III,49391.0,490,1295542,299331,210594,49391,195017,0
54752,73500,Eukrasian Dosis III (dot),11949.0,490,1295542,311280,210594,49391,195017,0
74403,75073,Dosis III,49391.0,490,1344933,311280,210594,49391,195017,0
74903,75435,Auto,21.0,511,1344933,311280,210594,49391,195017,0
54752,76500,Eukrasian Dosis III (dot),11949.0,511,1344933,323229,210594,49391,195017,0
76843,77513,Dosis III,49391.0,511,1394324,323229,210594,49391,195017,0
77703,78235,Auto,21.0,532,1394324,323229,210594,49391,195017,0
54752,79500,Eukrasian Dosis III (dot),11949.0,532,1394324,335178,210594,49391,195017,0
79284,79954,Dosis III,49391.0,532,1443715,335178,210594,49391,195017,0
80503,81035,Auto,21.0,553,1443715,335178,210594,49391,195017,0
81724,82394,Dosis III,49391.0,553,1493106,335178,210594,49391,195017,0
54752,82500,Eukrasian Dosis III (dot),11949.0,553,1493106,347127,210594,49391,195017,0
83303,83835,Auto,21.0,574,1493106,347127,210594,49391,195017,0
84205,85500,Eukrasian Dosis III (dot),11949.0,574,1493106,359076,210594,49391,195017,0
85706,86376,Phlegma III,89720.0,574,1493106,359076,300314,49391,195017,0
86103,86635,Auto,21.0,595,1493106,359076,300314,49391,195017,0
84205,88500,Eukrasian Dosis III (dot),11949.0,595,1493106,371025,300314,49391,195017,0
89106,89776,Dosis III,49391.0,595,1542497,371025,300314,49391,195017,0
89606,90138,Auto,21.0,616,1542497,371025,300314,49391,195017,0
84205,91500,Eukrasian Dosis III (dot),11949.0,616,1542497,382974,300314,49391,195017,0
91547,92217,Dosis III,49391.0,616,1591888,382974,300314,49391,195017,0
92406,92938,Auto,21.0,637,1591888,382974,300314,49391,195017,0
84205,94500,Eukrasian Dosis III (dot),11949.0,637,1591888,394923,300314,49391,195017,0
93987,94657,Dosis III,49391.0,637,1641279,394923,300314,49391,195017,0
95206,95738,Auto,21.0,658,1641279,394923,300314,49391,195017,0
96428,97098,Dosis III,49391.0,658,1690670,394923,300314,49391,195017,0
84205,97500,Eukrasian Dosis III (dot),11949.0,658,1690670,406872,300314,49391,195017,0
98868,99538,Dosis III,49391.0,658,1740061,406872,300314,49391,195017,0
99368,99900,Auto,21.0,679,1740061,406872,300314,49391,195017,0
84205,100500,Eukrasian Dosis III (dot),11949.0,679,1740061,418821,300314,49391,195017,0
101309,101979,Dosis III,49391.0,679,1789452,418821,300314,49391,195017,0
102168,102700,Auto,21.0,700,1789452,418821,300314,49391,195017,0
84205,103500,Eukrasian Dosis III (dot),11949.0,700,1789452,430770,300314,49391,195017,0
103749,104419,Dosis III,49391.0,700,1838843,430770,300314,49391,195017,0
104968,105500,Auto,21.0,721,1838843,430770,300314,49391,195017,0
84205,106500,Eukrasian Dosis III (dot),11949.0,721,1838843,442719,300314,49391,195017,0
106189,106859,Dosis III,49391.0,721,1888234,442719,300314,49391,195017,0
108630,109300,Dosis III,49391.0,721,1937625,442719,300314,49391,195017,0
84205,109500,Eukrasian Dosis III (dot),11949.0,721,1937625,454668,300314,49391,195017,0
109130,109662,Auto,21.0,742,1937625,454668,300314,49391,195017,0
111070,111740,Dosis III,49391.0,742,1987016,454668,300314,49391,195017,0
111930,112462,Auto,21.0,763,1987016,454668,300314,49391,195017,0
84205,112500,Eukrasian Dosis III (dot),11949.0,763,1987016,466617,300314,49391,195017,0
114730,115262,Auto,21.0,784,1987016,466617,300314,49391,195017,0
113552,115500,Eukrasian Dosis III (dot),11949.0,784,1987016,478566,300314,49391,195017,0
116012,116682,Dosis III,49391.0,784,2036407,478566,300314,49391,195017,0
113552,118500,Eukrasian Dosis III (dot),11949.0,784,2036407,490515,300314,49391,195017,0
118453,119123,Dosis III,49391.0,784,2085798,490515,300314,49391,195017,0
118953,119485,Auto,21.0,805,2085798,490515,300314,49391,195017,0
113552,121500,Eukrasian Dosis III (dot),11949.0,805,2085798,502464,300314,49391,195017,0
120893,121563,Dosis III,49391.0,805,2135189,502464,300314,49391,195017,0
121753,122285,Auto,21.0,826,2135189,502464,300314,49391,195017,0
123334,124004,Dosis III,49391.0,826,2184580,502464,300314,49391,195017,0
113552,124500,Eukrasian Dosis III (dot),11949.0,826,2184580,514413,300314,49391,195017,0
124553,125085,Auto,21.0,847,2184580,514413,300314,49391,195017,0
125774,126444,Dosis III,49391.0,847,2233971,514413,300314,49391,195017,0
113552,127500,Eukrasian Dosis III (dot),11949.0,847,2233971,526362,300314,49391,195017,0
127353,127885,Auto,22.0,869,2233971,526362,300314,49391,195017,0
127255,127925,Phlegma III,97281.0,869,2233971,526362,397595,49391,195017,0
127942,129042,Psyche,97281.0,869,2233971,526362,397595,49391,292298,0
129695,130365,Phlegma III,97281.0,869,2233971,526362,494876,49391,292298,0
113552,130500,Eukrasian Dosis III (dot),11949.0,869,2233971,538311,494876,49391,292298,0
130153,130685,Auto,22.0,891,2233971,538311,494876,49391,292298,0
113552,133500,Eukrasian Dosis III (dot),11949.0,891,2233971,550260,494876,49391,292298,0
133095,133765,Dosis III,53553.0,891,2287524,550260,494876,49391,292298,0
133595,134127,Auto,22.0,913,2287524,550260,494876,49391,292298,0
135536,136206,Dosis III,53553.0,913,2341077,550260,494876,49391,292298,0
113552,136500,Eukrasian Dosis III (dot),11949.0,913,2341077,562209,494876,49391,292298,0
136395,136927,Auto,22.0,935,2341077,562209,494876,49391,292298,0
137976,138646,Dosis III,53553.0,935,2394630,562209,494876,49391,292298,0
113552,139500,Eukrasian Dosis III (dot),11949.0,935,2394630,574158,494876,49391,292298,0
139195,139727,Auto,22.0,957,2394630,574158,494876,49391,292298,0
140417,141087,Dosis III,53553.0,957,2448183,574158,494876,49391,292298,0
113552,142500,Eukrasian Dosis III (dot),11949.0,957,2448183,586107,494876,49391,292298,0
141995,142527,Auto,22.0,979,2448183,586107,494876,49391,292298,0
142898,145500,Eukrasian Dosis III (dot),12956.0,979,2448183,599063,494876,49391,292298,0
145359,146029,Dosis III,53553.0,979,2501736,599063,494876,49391,292298,0
145859,146391,Auto,22.0,1001,2501736,599063,494876,49391,292298,0
147799,148469,Dosis III,49391.0,1001,2551127,599063,494876,49391,292298,0
142898,148500,Eukrasian Dosis III (dot),12956.0,1001,2551127,612019,494876,49391,292298,0
148659,149191,Auto,21.0,1022,2551127,612019,494876,49391,292298,0
150240,150910,Dosis III,49391.0,1022,2600518,612019,494876,49391,292298,0
142898,151500,Eukrasian Dosis III (dot),12956.0,1022,2600518,624975,494876,49391,292298,0
151459,151991,Auto,21.0,1043,2600518,624975,494876,49391,292298,0
152680,153350,Dosis III,49391.0,1043,2649909,624975,494876,49391,292298,0
142898,154500,Eukrasian Dosis III (dot),12956.0,1043,2649909,637931,494876,49391,292298,0
155120,155790,Dosis III,49391.0,1043,2699300,637931,494876,49391,292298,0
155620,156152,Auto,21.0,1064,2699300,637931,494876,49391,292298,0
142898,157500,Eukrasian Dosis III (dot),12956.0,1064,2699300,650887,494876,49391,292298,0
157561,158231,Dosis III,49391.0,1064,2748691,650887,494876,49391,292298,0
158420,158952,Auto,21.0,1085,2748691,650887,494876,49391,292298,0
142898,160500,Eukrasian Dosis III (dot),12956.0,1085,2748691,663843,494876,49391,292298,0
160001,160671,Dosis III,49391.0,1085,2798082,663843,494876,49391,292298,0
161220,161752,Auto,21.0,1106,2798082,663843,494876,49391,292298,0
162442,163112,Dosis III,49391.0,1106,2847473,663843,494876,49391,292298,0
142898,163500,Eukrasian Dosis III (dot),12956.0,1106,2847473,676799,494876,49391,292298,0
164882,165552,Dosis III,49391.0,1106,2896864,676799,494876,49391,292298,0
165382,165914,Auto,21.0,1127,2896864,676799,494876,49391,292298,0
142898,166500,Eukrasian Dosis III (dot),12956.0,1127,2896864,689755,494876,49391,292298,0
167323,167993,Dosis III,49391.0,1127,2946255,689755,494876,49391,292298,0
168182,168714,Auto,21.0,1148,2946255,689755,494876,49391,292298,0
142898,169500,Eukrasian Dosis III (dot),12956.0,1148,2946255,702711,494876,49391,292298,0
169763,170433,Dosis III,49391.0,1148,2995646,702711,494876,49391,292298,0
170982,171514,Auto,21.0,1169,2995646,702711,494876,49391,292298,0
142898,172500,Eukrasian Dosis III (dot),12956.0,1169,2995646,715667,494876,49391,292298,0
174705,175375,Dosis III,49391.0,1169,3045037,715667,494876,49391,292298,0
172245,175500,Eukrasian Dosis III (dot),11949.0,1169,3045037,727616,494876,49391,292298,0
175205,175737,Auto,21.0,1190,3045037,727616,494876,49391,292298,0
177145,177815,Dosis III,49391.0,1190,3094428,727616,494876,49391,292298,0
172245,178500,Eukrasian Dosis III (dot),11949.0,1190,3094428,739565,494876,49391,292298,0
178005,178537,Auto,21.0,1211,3094428,739565,494876,49391,292298,0
179586,180256,Dosis III,49391.0,1211,3143819,739565,494876,49391,292298,0
180805,181337,Auto,21.0,1232,3143819,739565,494876,49391,292298,0
172245,181500,Eukrasian Dosis III (dot),11949.0,1232,3143819,751514,494876,49391,292298,0
182026,182696,Dosis III,49391.0,1232,3193210,751514,494876,49391,292298,0
172245,184500,Eukrasian Dosis III (dot),11949.0,1232,3193210,763463,494876,49391,292298,0
184467,185137,Dosis III,49391.0,1232,3242601,763463,494876,49391,292298,0
184967,185499,Auto,21.0,1253,3242601,763463,494876,49391,292298,0
172245,187500,Eukrasian Dosis III (dot),11949.0,1253,3242601,775412,494876,49391,292298,0
186907,187577,Dosis III,49391.0,1253,3291992,775412,494876,49391,292298,0
187767,188299,Auto,21.0,1274,3291992,775412,494876,49391,292298,0
189348,190018,Dosis III,49391.0,1274,3341383,775412,494876,49391,292298,0
172245,190500,Eukrasian Dosis III (dot),11949.0,1274,3341383,787361,494876,49391,292298,0
189955,191055,Psyche,89720.0,1274,3341383,787361,494876,49391,382018,0
190567,191099,Auto,21.0,1295,3341383,787361,494876,49391,382018,0
191788,192458,Dosis III,49391.0,1295,3390774,787361,494876,49391,382018,0
172245,193500,Eukrasian Dosis III (dot),11949.0,1295,3390774,799310,494876,49391,382018,0
194229,194899,Dosis III,49391.0,1295,3440165,799310,494876,49391,382018,0
194729,195261,Auto,21.0,1316,3440165,799310,494876,49391,382018,0
172245,196500,Eukrasian Dosis III (dot),11949.0,1316,3440165,811259,494876,49391,382018,0
196669,197339,Dosis III,49391.0,1316,3489556,811259,494876,49391,382018,0
197529,198061,Auto,21.0,1337,3489556,811259,494876,49391,382018,0
172245,199500,Eukrasian Dosis III (dot),11949.0,1337,3489556,823208,494876,49391,382018,0
199109,199779,Dosis III,49391.0,1337,3538947,823208,494876,49391,382018,0
200329,200861,Auto,21.0,1358,3538947,823208,494876,49391,382018,0
201591,202500,Eukrasian Dosis III (dot),11949.0,1358,3538947,835157,494876,49391,382018,0
204051,204721,Dosis III,49391.0,1358,3588338,835157,494876,49391,382018,0
204551,205083,Auto,21.0,1379,3588338,835157,494876,49391,382018,0
201591,205500,Eukrasian Dosis III (dot),11949.0,1379,3588338,847106,494876,49391,382018,0
205532,206202,Phlegma III,89720.0,1379,3588338,847106,584596,49391,382018,0
207351,207883,Auto,21.0,1400,3588338,847106,584596,49391,382018,0
201591,208500,Eukrasian Dosis III (dot),11949.0,1400,3588338,859055,584596,49391,382018,0
208932,209602,Dosis III,49391.0,1400,3637729,859055,584596,49391,382018,0
210151,210683,Auto,21.0,1421,3637729,859055,584596,49391,382018,0
201591,211500,Eukrasian Dosis III (dot),11949.0,1421,3637729,871004,584596,49391,382018,0
211373,212043,Dosis III,49391.0,1421,3687120,871004,584596,49391,382018,0
213813,214483,Dosis III,49391.0,1421,3736511,871004,584596,49391,382018,0
201591,214500,Eukrasian Dosis III (dot),11949.0,1421,3736511,882953,584596,49391,382018,0
214313,214845,Auto,21.0,1442,3736511,882953,584596,49391,382018,0
216254,216924,Dosis III,49391.0,1442,3785902,882953,584596,49391,382018,0
201591,217500,Eukrasian Dosis III (dot),11949.0,1442,3785902,894902,584596,49391,382018,0
217113,217645,Auto,21.0,1463,3785902,894902,584596,49391,382018,0
218694,219364,Dosis III,49391.0,1463,3835293,894902,584596,49391,382018,0
219913,220445,Auto,21.0,1484,3835293,894902,584596,49391,382018,0
201591,220500,Eukrasian Dosis III (dot),11949.0,1484,3835293,906851,584596,49391,382018,0
221134,221804,Dosis III,49391.0,1484,3884684,906851,584596,49391,382018,0
201591,223500,Eukrasian Dosis III (dot),11949.0,1484,3884684,918800,584596,49391,382018,0
223575,224245,Dosis III,49391.0,1484,3934075,918800,584596,49391,382018,0
224075,224607,Auto,21.0,1505,3934075,918800,584596,49391,382018,0
201591,226500,Eukrasian Dosis III (dot),11949.0,1505,3934075,930749,584596,49391,382018,0
226015,226685,Dosis III,49391.0,1505,3983466,930749,584596,49391,382018,0
226875,227407,Auto,21.0,1526,3983466,930749,584596,49391,382018,0
228456,229126,Dosis III,49391.0,1526,4032857,930749,584596,49391,382018,0
201591,229500,Eukrasian Dosis III (dot),11949.0,1526,4032857,942698,584596,49391,382018,0
229675,230207,Auto,21.0,1547,4032857,942698,584596,49391,382018,0
230937,232500,Eukrasian Dosis III (dot),11949.0,1547,4032857,954647,584596,49391,382018,0
233398,234068,Dosis III,49391.0,1547,4082248,954647,584596,49391,382018,0
233898,234430,Auto,21.0,1568,4082248,954647,584596,49391,382018,0
230937,235500,Eukrasian Dosis III (dot),11949.0,1568,4082248,966596,584596,49391,382018,0
235838,236508,Dosis III,49391.0,1568,4131639,966596,584596,49391,382018,0
236698,237230,Auto,21.0,1589,4131639,966596,584596,49391,382018,0
230937,238500,Eukrasian Dosis III (dot),11949.0,1589,4131639,978545,584596,49391,382018,0
238279,238949,Dosis III,49391.0,1589,4181030,978545,584596,49391,382018,0
239498,240030,Auto,21.0,1610,4181030,978545,584596,49391,382018,0
240719,241389,Dosis III,49391.0,1610,4230421,978545,584596,49391,382018,0
230937,241500,Eukrasian Dosis III (dot),11949.0,1610,4230421,990494,584596,49391,382018,0
243159,243829,Dosis III,49391.0,1610,4279812,990494,584596,49391,382018,0
243659,244191,Auto,21.0,1631,4279812,990494,584596,49391,382018,0
230937,244500,Eukrasian Dosis III (dot),11949.0,1631,4279812,1002443,584596,49391,382018,0
245600,246270,Dosis III,49391.0,1631,4329203,1002443,584596,49391,382018,0
246459,246991,Auto,22.0,1653,4329203,1002443,584596,49391,382018,0
230937,247500,Eukrasian Dosis III (dot),11949.0,1653,4329203,1014392,584596,49391,382018,0
248040,248710,Dosis III,53553.0,1653,4382756,1014392,584596,49391,382018,0
249259,249791,Auto,22.0,1675,4382756,1014392,584596,49391,382018,0
249521,250191,Phlegma III,97281.0,1675,4382756,1014392,681877,49391,382018,0
230937,250500,Eukrasian Dosis III (dot),11949.0,1675,4382756,1026341,681877,49391,382018,0
250141,251241,Psyche,97281.0,1675,4382756,1026341,681877,49391,479299,0
252059,252591,Auto,22.0,1697,4382756,1026341,681877,49391,479299,0
251961,252631,Phlegma III,97281.0,1697,4382756,1026341,779158,49391,479299,0
230937,253500,Eukrasian Dosis III (dot),11949.0,1697,4382756,1038290,779158,49391,479299,0
255362,256032,Dosis III,53553.0,1697,4436309,1038290,779158,49391,479299,0
255862,256394,Auto,22.0,1719,4436309,1038290,779158,49391,479299,0
230937,256500,Eukrasian Dosis III (dot),11949.0,1719,4436309,1050239,779158,49391,479299,0
257801,258471,Dosis III,53553.0,1719,4489862,1050239,779158,49391,479299,0
258662,259194,Auto,22.0,1741,4489862,1050239,779158,49391,479299,0
230937,259500,Eukrasian Dosis III (dot),11949.0,1741,4489862,1062188,779158,49391,479299,0
261462,261994,Auto,22.0,1763,4489862,1062188,779158,49391,479299,0
260284,262500,Eukrasian Dosis III (dot),12956.0,1763,4489862,1075144,779158,49391,479299,0
262744,263414,Dosis III,53553.0,1763,4543415,1075144,779158,49391,479299,0
260284,265500,Eukrasian Dosis III (dot),12956.0,1763,4543415,1088100,779158,49391,479299,0
265184,265854,Dosis III,53553.0,1763,4596968,1088100,779158,49391,479299,0
265684,266216,Auto,22.0,1785,4596968,1088100,779158,49391,479299,0
267625,268295,Dosis III,49391.0,1785,4646359,1088100,779158,49391,479299,0
260284,268500,Eukrasian Dosis III (dot),12956.0,1785,4646359,1101056,779158,49391,479299,0
268484,269016,Auto,21.0,1806,4646359,1101056,779158,49391,479299,0
270065,270735,Dosis III,49391.0,1806,4695750,1101056,779158,49391,479299,0
260284,271500,Eukrasian Dosis III (dot),12956.0,1806,4695750,1114012,779158,49391,479299,0
271284,271816,Auto,21.0,1827,4695750,1114012,779158,49391,479299,0
272506,273176,Dosis III,49391.0,1827,4745141,1114012,779158,49391,479299,0
260284,274500,Eukrasian Dosis III (dot),12956.0,1827,4745141,1126968,779158,49391,479299,0
274946,275616,Dosis III,49391.0,1827,4794532,1126968,779158,49391,479299,0
275446,275978,Auto,21.0,1848,4794532,1126968,779158,49391,479299,0
260284,277500,Eukrasian Dosis III (dot),12956.0,1848,4794532,1139924,779158,49391,479299,0
277387,278057,Dosis III,49391.0,1848,4843923,1139924,779158,49391,479299,0
278246,278778,Auto,21.0,1869,4843923,1139924,779158,49391,479299,0
279827,280497,Dosis III,49391.0,1869,4893314,1139924,779158,49391,479299,0
260284,280500,Eukrasian Dosis III (dot),12956.0,1869,4893314,1152880,779158,49391,479299,0
281046,281578,Auto,21.0,1890,4893314,1152880,779158,49391,479299,0
282268,282938,Dosis III,49391.0,1890,4942705,1152880,779158,49391,479299,0
260284,283500,Eukrasian Dosis III (dot),12956.0,1890,4942705,1165836,779158,49391,479299,0
284708,285378,Dosis III,49391.0,1890,4992096,1165836,779158,49391,479299,0
285208,285740,Auto,21.0,1911,4992096,1165836,779158,49391,479299,0
260284,286500,Eukrasian Dosis III (dot),12956.0,1911,4992096,1178792,779158,49391,479299,0
287148,287818,Dosis III,49391.0,1911,5041487,1178792,779158,49391,479299,0
288008,288540,Auto,21.0,1932,5041487,1178792,779158,49391,479299,0
260284,289500,Eukrasian Dosis III (dot),12956.0,1932,5041487,1191748,779158,49391,479299,0
290808,291340,Auto,21.0,1953,5041487,1191748,779158,49391,479299,0
289630,292500,Eukrasian Dosis III (dot),11949.0,1953,5041487,1203697,779158,49391,479299,0
292090,292760,Dosis III,49391.0,1953,5090878,1203697,779158,49391,479299,0
294531,295201,Dosis III,49391.0,1953,5140269,1203697,779158,49391,479299,0
289630,295500,Eukrasian Dosis III (dot),11949.0,1953,5140269,1215646,779158,49391,479299,0
295031,295563,Auto,21.0,1974,5140269,1215646,779158,49391,479299,0
296971,297641,Dosis III,49391.0,1974,5189660,1215646,779158,49391,479299,0
297831,298363,Auto,21.0,1995,5189660,1215646,779158,49391,479299,0
289630,298500,Eukrasian Dosis III (dot),11949.0,1995,5189660,1227595,779158,49391,479299,0
299412,300082,Dosis III,49391.0,1995,5239051,1227595,779158,49391,479299,0
300631,301163,Auto,21.0,2016,5239051,1227595,779158,49391,479299,0
289630,301500,Eukrasian Dosis III (dot),11949.0,2016,5239051,1239544,779158,49391,479299,0
301852,302522,Dosis III,49391.0,2016,5288442,1239544,779158,49391,479299,0
289630,304500,Eukrasian Dosis III (dot),11949.0,2016,5288442,1251493,779158,49391,479299,0
304293,304963,Dosis III,49391.0,2016,5337833,1251493,779158,49391,479299,0
304793,305325,Auto,21.0,2037,5337833,1251493,779158,49391,479299,0
306733,307403,Dosis III,49391.0,2037,5387224,1251493,779158,49391,479299,0
289630,307500,Eukrasian Dosis III (dot),11949.0,2037,5387224,1263442,779158,49391,479299,0
307593,308125,Auto,21.0,2058,5387224,1263442,779158,49391,479299,0
309173,309843,Dosis III,49391.0,2058,5436615,1263442,779158,49391,479299,0
289630,310500,Eukrasian Dosis III (dot),11949.0,2058,5436615,1275391,779158,49391,479299,0
310393,310925,Auto,21.0,2079,5436615,1275391,779158,49391,479299,0
311614,312284,Dosis III,49391.0,2079,5486006,1275391,779158,49391,479299,0
312221,313321,Psyche,89720.0,2079,5486006,1275391,779158,49391,569019,0
289630,313500,Eukrasian Dosis III (dot),11949.0,2079,5486006,1287340,779158,49391,569019,0
313193,313725,Auto,21.0,2100,5486006,1287340,779158,49391,569019,0
313094,313764,Phlegma III,89720.0,2100,5486006,1287340,868878,49391,569019,0
289630,316500,Eukrasian Dosis III (dot),11949.0,2100,5486006,1299289,868878,49391,569019,0
316495,317165,Dosis III,49391.0,2100,5535397,1299289,868878,49391,569019,0
316995,317527,Auto,21.0,2121,5535397,1299289,868878,49391,569019,0
289630,319500,Eukrasian Dosis III (dot),11949.0,2121,5535397,1311238,868878,49391,569019,0
319795,320327,Auto,21.0,2142,5535397,1311238,868878,49391,569019,0
321437,322107,Dosis III,49391.0,2142,5584788,1311238,868878,49391,569019,0
318976,322500,Eukrasian Dosis III (dot),11949.0,2142,5584788,1323187,868878,49391,569019,0
322595,323127,Auto,21.0,2163,5584788,1323187,868878,49391,569019,0
323877,324547,Dosis III,49391.0,2163,5634179,1323187,868878,49391,569019,0
318976,325500,Eukrasian Dosis III (dot),11949.0,2163,5634179,1335136,868878,49391,569019,0
326318,326988,Dosis III,49391.0,2163,5683570,1335136,868878,49391,569019,0
326818,327350,Auto,21.0,2184,5683570,1335136,868878,49391,569019,0
318976,328500,Eukrasian Dosis III (dot),11949.0,2184,5683570,1347085,868878,49391,569019,0
328758,329428,Dosis III,49391.0,2184,5732961,1347085,868878,49391,569019,0
329618,330150,Auto,21.0,2205,5732961,1347085,868878,49391,569019,0
318976,331500,Eukrasian Dosis III (dot),11949.0,2205,5732961,1359034,868878,49391,569019,0
331198,331868,Dosis III,49391.0,2205,5782352,1359034,868878,49391,569019,0
332418,332950,Auto,21.0,2226,5782352,1359034,868878,49391,569019,0
333639,334309,Dosis III,49391.0,2226,5831743,1359034,868878,49391,569019,0
318976,334500,Eukrasian Dosis III (dot),11949.0,2226,5831743,1370983,868878,49391,569019,0
336079,336749,Dosis III,49391.0,2226,5881134,1370983,868878,49391,569019,0
336579,337111,Auto,21.0,2247,5881134,1370983,868878,49391,569019,0
318976,337500,Eukrasian Dosis III (dot),11949.0,2247,5881134,1382932,868878,49391,569019,0
338520,339190,Dosis III,49391.0,2247,5930525,1382932,868878,49391,569019,0
339379,339911,Auto,21.0,2268,5930525,1382932,868878,49391,569019,0
318976,340500,Eukrasian Dosis III (dot),11949.0,2268,5930525,1394881,868878,49391,569019,0
340960,341630,Dosis III,49391.0,2268,5979916,1394881,868878,49391,569019,0
342179,342711,Auto,21.0,2289,5979916,1394881,868878,49391,569019,0
318976,343500,Eukrasian Dosis III (dot),11949.0,2289,5979916,1406830,868878,49391,569019,0
343401,344071,Dosis III,49391.0,2289,6029307,1406830,868878,49391,569019,0
318976,346500,Eukrasian Dosis III (dot),11949.0,2289,6029307,1418779,868878,49391,569019,0
345841,346511,Dosis III,49391.0,2289,6078698,1418779,868878,49391,569019,0
346341,346873,Auto,21.0,2310,6078698,1418779,868878,49391,569019,0
348323,349500,Eukrasian Dosis III (dot),11949.0,2310,6078698,1430728,868878,49391,569019,0
349141,349673,Auto,21.0,2331,6078698,1430728,868878,49391,569019,0
350783,351453,Dosis III,49391.0,2331,6128089,1430728,868878,49391,569019,0
351941,352473,Auto,21.0,2352,6128089,1430728,868878,49391,569019,0
348323,352500,Eukrasian Dosis III (dot),11949.0,2352,6128089,1442677,868878,49391,569019,0
353224,353894,Dosis III,53462.0,2352,6181551,1442677,868878,49391,569019,0
348323,355500,Eukrasian Dosis III (dot),11949.0,2352,6181551,1454626,868878,49391,569019,0
355664,356334,Dosis III,53462.0,2352,6235013,1454626,868878,49391,569019,0
356164,356696,Auto,21.0,2373,6235013,1454626,868878,49391,569019,0
348323,358500,Eukrasian Dosis III (dot),11949.0,2373,6235013,1466575,868878,49391,569019,0
358104,358774,Dosis III,53462.0,2373,6288475,1466575,868878,49391,569019,0
358964,359496,Auto,21.0,2394,6288475,1466575,868878,49391,569019,0
360545,361215,Dosis III,53462.0,2394,6341937,1466575,868878,49391,569019,0
348323,361500,Eukrasian Dosis III (dot),11949.0,2394,6341937,1478524,868878,49391,569019,0
361764,362296,Auto,21.0,2415,6341937,1478524,868878,49391,569019,0
362985,363655,Dosis III,53462.0,2415,6395399,1478524,868878,49391,569019,0
348323,364500,Eukrasian Dosis III (dot),11949.0,2415,6395399,1490473,868878,49391,569019,0
365426,366096,Dosis III,53462.0,2415,6448861,1490473,868878,49391,569019,0
365926,366458,Auto,21.0,2436,6448861,1490473,868878,49391,569019,0
348323,367500,Eukrasian Dosis III (dot),11949.0,2436,6448861,1502422,868878,49391,569019,0
366906,367576,Phlegma III,105297.0,2436,6448861,1502422,974175,49391,569019,0
368726,369258,Auto,22.0,2458,6448861,1502422,974175,49391,569019,0
369521,370191,Phlegma III,105297.0,2458,6448861,1502422,1079472,49391,569019,0
348323,370500,Eukrasian Dosis III (dot),11949.0,2458,6448861,1514371,1079472,49391,569019,0
371526,372058,Auto,22.0,2480,6448861,1514371,1079472,49391,569019,0
348323,373500,Eukrasian Dosis III (dot),11949.0,2480,6448861,1526320,1079472,49391,569019,0
372921,373591,Dosis III,57967.0,2480,6506828,1526320,1079472,49391,569019,0
373529,374629,Psyche,105297.0,2480,6506828,1526320,1079472,49391,674316,0
374326,374858,Auto,22.0,2502,6506828,1526320,1079472,49391,674316,0
375362,376032,Dosis III,57967.0,2502,6564795,1526320,1079472,49391,674316,0
348323,376500,Eukrasian Dosis III (dot),11949.0,2502,6564795,1538269,1079472,49391,674316,0
377126,377658,Auto,22.0,2524,6564795,1538269,1079472,49391,674316,0
377843,379500,Eukrasian Dosis III (dot),14021.0,2524,6564795,1552290,1079472,49391,674316,0
380304,380974,Dosis III,57967.0,2524,6622762,1552290,1079472,49391,674316,0
380804,381336,Auto,22.0,2546,6622762,1552290,1079472,49391,674316,0
381784,382454,Dosis III,57967.0,2546,6680729,1552290,1079472,49391,674316,0
377843,382500,Eukrasian Dosis III (dot),14021.0,2546,6680729,1566311,1079472,49391,674316,0
383604,384136,Auto,22.0,2568,6680729,1566311,1079472,49391,674316,0
377843,385500,Eukrasian Dosis III (dot),14021.0,2568,6680729,1580332,1079472,49391,674316,0
385184,385854,Dosis III,53553.0,2568,6734282,1580332,1079472,49391,674316,0
386404,386936,Auto,21.0,2589,6734282,1580332,1079472,49391,674316,0
387625,388295,Dosis III,49391.0,2589,6783673,1580332,1079472,49391,674316,0
377843,388500,Eukrasian Dosis III (dot),14021.0,2589,6783673,1594353,1079472,49391,674316,0
390065,390735,Dosis III,49391.0,2589,6833064,1594353,1079472,49391,674316,0
390565,391097,Auto,21.0,2610,6833064,1594353,1079472,49391,674316,0
377843,391500,Eukrasian Dosis III (dot),14021.0,2610,6833064,1608374,1079472,49391,674316,0
392506,393176,Dosis III,49391.0,2610,6882455,1608374,1079472,49391,674316,0
393365,393897,Auto,21.0,2631,6882455,1608374,1079472,49391,674316,0
377843,394500,Eukrasian Dosis III (dot),14021.0,2631,6882455,1622395,1079472,49391,674316,0
394946,395616,Dosis III,49391.0,2631,6931846,1622395,1079472,49391,674316,0
396165,396697,Auto,21.0,2652,6931846,1622395,1079472,49391,674316,0
377843,397500,Eukrasian Dosis III (dot),14021.0,2652,6931846,1636416,1079472,49391,674316,0
397387,398057,Dosis III,49391.0,2652,6981237,1636416,1079472,49391,674316,0
399827,400497,Dosis III,49391.0,2652,7030628,1636416,1079472,49391,674316,0
377843,400500,Eukrasian Dosis III (dot),14021.0,2652,7030628,1650437,1079472,49391,674316,0
400327,400859,Auto,21.0,2673,7030628,1650437,1079472,49391,674316,0
402268,402938,Dosis III,49391.0,2673,7080019,1650437,1079472,49391,674316,0
377843,403500,Eukrasian Dosis III (dot),14021.0,2673,7080019,1664458,1079472,49391,674316,0
403127,403659,Auto,21.0,2694,7080019,1664458,1079472,49391,674316,0
404708,405378,Dosis III,49391.0,2694,7129410,1664458,1079472,49391,674316,0
405927,406459,Auto,21.0,2715,7129410,1664458,1079472,49391,674316,0
377843,406500,Eukrasian Dosis III (dot),14021.0,2715,7129410,1678479,1079472,49391,674316,0
407189,409500,Eukrasian Dosis III (dot),11949.0,2715,7129410,1690428,1079472,49391,674316,0
409650,410320,Dosis III,49391.0,2715,7178801,1690428,1079472,49391,674316,0
410150,410682,Auto,21.0,2736,7178801,1690428,1079472,49391,674316,0
411130,412330,Toxikon II,49391.0,2736,7178801,1690428,1079472,49391,674316,49391
407189,412500,Eukrasian Dosis III (dot),11949.0,2736,7178801,1702377,1079472,49391,674316,49391
412950,413482,Auto,21.0,2757,7178801,1702377,1079472,49391,674316,49391
414531,415201,Dosis III,49391.0,2757,7228192,1702377,1079472,49391,674316,49391
407189,415500,Eukrasian Dosis III (dot),11949.0,2757,7228192,1714326,1079472,49391,674316,49391
415750,416282,Auto,21.0,2778,7228192,1714326,1079472,49391,674316,49391
416971,417641,Dosis III,49391.0,2778,7277583,1714326,1079472,49391,674316,49391
407189,418500,Eukrasian Dosis III (dot),11949.0,2778,7277583,1726275,1079472,49391,674316,49391
419412,420082,Dosis III,49391.0,2778,7326974,1726275,1079472,49391,674316,49391
419912,420444,Auto,21.0,2799,7326974,1726275,1079472,49391,674316,49391
407189,421500,Eukrasian Dosis III (dot),11949.0,2799,7326974,1738224,1079472,49391,674316,49391
421852,422522,Dosis III,49391.0,2799,7376365,1738224,1079472,49391,674316,49391
422712,423244,Auto,21.0,2820,7376365,1738224,1079472,49391,674316,49391
407189,424500,Eukrasian Dosis III (dot),11949.0,2820,7376365,1750173,1079472,49391,674316,49391
424293,424963,Dosis III,49391.0,2820,7425756,1750173,1079472,49391,674316,49391
425512,426044,Auto,21.0,2841,7425756,1750173,1079472,49391,674316,49391
426733,427403,Dosis III,49391.0,2841,7475147,1750173,1079472,49391,674316,49391
407189,427500,Eukrasian Dosis III (dot),11949.0,2841,7475147,1762122,1079472,49391,674316,49391
428312,428844,Auto,21.0,2862,7475147,1762122,1079472,49391,674316,49391
428213,428883,Phlegma III,89720.0,2862,7475147,1762122,1169192,49391,674316,49391
407189,430500,Eukrasian Dosis III (dot),11949.0,2862,7475147,1774071,1169192,49391,674316,49391
431614,432284,Dosis III,49391.0,2862,7524538,1774071,1169192,49391,674316,49391
432114,432646,Auto,21.0,2883,7524538,1774071,1169192,49391,674316,49391
407189,433500,Eukrasian Dosis III (dot),11949.0,2883,7524538,1786020,1169192,49391,674316,49391
434054,434724,Dosis III,49391.0,2883,7573929,1786020,1169192,49391,674316,49391
434914,435446,Auto,21.0,2904,7573929,1786020,1169192,49391,674316,49391
434662,435762,Psyche,89720.0,2904,7573929,1786020,1169192,49391,764036,49391
407189,436500,Eukrasian Dosis III (dot),11949.0,2904,7573929,1797969,1169192,49391,764036,49391
437714,438246,Auto,21.0,2925,7573929,1797969,1169192,49391,764036,49391
436536,439500,Eukrasian Dosis III (dot),11949.0,2925,7573929,1809918,1169192,49391,764036,49391
438996,439666,Dosis III,49391.0,2925,7623320,1809918,1169192,49391,764036,49391
441437,442107,Dosis III,49391.0,2925,7672711,1809918,1169192,49391,764036,49391
441937,442469,Auto,21.0,2946,7672711,1809918,1169192,49391,764036,49391
436536,442500,Eukrasian Dosis III (dot),11949.0,2946,7672711,1821867,1169192,49391,764036,49391
443877,444547,Dosis III,49391.0,2946,7722102,1821867,1169192,49391,764036,49391
444737,445269,Auto,21.0,2967,7722102,1821867,1169192,49391,764036,49391
436536,445500,Eukrasian Dosis III (dot),11949.0,2967,7722102,1833816,1169192,49391,764036,49391
446318,446988,Dosis III,49391.0,2967,7771493,1833816,1169192,49391,764036,49391
447537,448069,Auto,21.0,2988,7771493,1833816,1169192,49391,764036,49391
436536,448500,Eukrasian Dosis III (dot),11949.0,2988,7771493,1845765,1169192,49391,764036,49391
448758,449428,Dosis III,49391.0,2988,7820884,1845765,1169192,49391,764036,49391
436536,451500,Eukrasian Dosis III (dot),11949.0,2988,7820884,1857714,1169192,49391,764036,49391
451198,451868,Dosis III,49391.0,2988,7870275,1857714,1169192,49391,764036,49391
451698,452230,Auto,21.0,3009,7870275,1857714,1169192,49391,764036,49391
453639,454309,Dosis III,49391.0,3009,7919666,1857714,1169192,49391,764036,49391
436536,454500,Eukrasian Dosis III (dot),11949.0,3009,7919666,1869663,1169192,49391,764036,49391
454498,455030,Auto,21.0,3030,7919666,1869663,1169192,49391,764036,49391
456079,456749,Dosis III,49391.0,3030,7969057,1869663,1169192,49391,764036,49391
436536,457500,Eukrasian Dosis III (dot),11949.0,3030,7969057,1881612,1169192,49391,764036,49391
457298,457830,Auto,21.0,3051,7969057,1881612,1169192,49391,764036,49391
458520,459190,Dosis III,49391.0,3051,8018448,1881612,1169192,49391,764036,49391
436536,460500,Eukrasian Dosis III (dot),11949.0,3051,8018448,1893561,1169192,49391,764036,49391
460960,461630,Dosis III,49391.0,3051,8067839,1893561,1169192,49391,764036,49391
461460,461992,Auto,21.0,3072,8067839,1893561,1169192,49391,764036,49391
436536,463500,Eukrasian Dosis III (dot),11949.0,3072,8067839,1905510,1169192,49391,764036,49391
463401,464071,Dosis III,49391.0,3072,8117230,1905510,1169192,49391,764036,49391
464260,464792,Auto,21.0,3093,8117230,1905510,1169192,49391,764036,49391
436536,466500,Eukrasian Dosis III (dot),11949.0,3093,8117230,1917459,1169192,49391,764036,49391
467060,467592,Auto,21.0,3114,8117230,1917459,1169192,49391,764036,49391
468343,469013,Dosis III,49391.0,3114,8166621,1917459,1169192,49391,764036,49391
465882,469500,Eukrasian Dosis III (dot),11949.0,3114,8166621,1929408,1169192,49391,764036,49391
470783,471453,Dosis III,49391.0,3114,8216012,1929408,1169192,49391,764036,49391
471283,471815,Auto,21.0,3135,8216012,1929408,1169192,49391,764036,49391
465882,472500,Eukrasian Dosis III (dot),11949.0,3135,8216012,1941357,1169192,49391,764036,49391
473224,473894,Dosis III,49391.0,3135,8265403,1941357,1169192,49391,764036,49391
474083,474615,Auto,21.0,3156,8265403,1941357,1169192,49391,764036,49391
465882,475500,Eukrasian Dosis III (dot),11949.0,3156,8265403,1953306,1169192,49391,764036,49391
475664,476334,Dosis III,49391.0,3156,8314794,1953306,1169192,49391,764036,49391
476883,477415,Auto,21.0,3177,8314794,1953306,1169192,49391,764036,49391
465882,478500,Eukrasian Dosis III (dot),11949.0,3177,8314794,1965255,1169192,49391,764036,49391
478104,478774,Dosis III,49391.0,3177,8364185,1965255,1169192,49391,764036,49391
480545,481215,Dosis III,49391.0,3177,8413576,1965255,1169192,49391,764036,49391
465882,481500,Eukrasian Dosis III (dot),11949.0,3177,8413576,1977204,1169192,49391,764036,49391
481045,481577,Auto,21.0,3198,8413576,1977204,1169192,49391,764036,49391
482985,483655,Dosis III,49391.0,3198,8462967,1977204,1169192,49391,764036,49391
483845,484377,Auto,21.0,3219,8462967,1977204,1169192,49391,764036,49391
465882,484500,Eukrasian Dosis III (dot),11949.0,3219,8462967,1989153,1169192,49391,764036,49391
485426,486096,Dosis III,49391.0,3219,8512358,1989153,1169192,49391,764036,49391
486645,487177,Auto,22.0,3241,8512358,1989153,1169192,49391,764036,49391
465882,487500,Eukrasian Dosis III (dot),11949.0,3241,8512358,2001102,1169192,49391,764036,49391
486906,487576,Phlegma III,97281.0,3241,8512358,2001102,1266473,49391,764036,49391
489445,489977,Auto,22.0,3263,8512358,2001102,1266473,49391,764036,49391
489521,490191,Phlegma III,97281.0,3263,8512358,2001102,1363754,49391,764036,49391
465882,490500,Eukrasian Dosis III (dot),11949.0,3263,8512358,2013051,1363754,49391,764036,49391
465882,493500,Eukrasian Dosis III (dot),11949.0,3263,8512358,2025000,1363754,49391,764036,49391
492921,493591,Dosis III,53553.0,3263,8565911,2025000,1363754,49391,764036,49391
493421,493953,Auto,22.0,3285,8565911,2025000,1363754,49391,764036,49391
495403,496500,Eukrasian Dosis III (dot),12956.0,3285,8565911,2037956,1363754,49391,764036,49391
496221,496753,Auto,22.0,3307,8565911,2037956,1363754,49391,764036,49391
496023,497123,Psyche,97281.0,3307,8565911,2037956,1363754,49391,861317,49391
497863,498533,Dosis III,53553.0,3307,8619464,2037956,1363754,49391,861317,49391
495403,499500,Eukrasian Dosis III (dot),12956.0,3307,8619464,2050912,1363754,49391,861317,49391
499021,499553,Auto,22.0,3329,8619464,2050912,1363754,49391,861317,49391
500304,500974,Dosis III,53553.0,3329,8673017,2050912,1363754,49391,861317,49391
495403,502500,Eukrasian Dosis III (dot),12956.0,3329,8673017,2063868,1363754,49391,861317,49391
502744,503414,Dosis III,53553.0,3329,8726570,2063868,1363754,49391,861317,49391
503244,503776,Auto,22.0,3351,8726570,2063868,1363754,49391,861317,49391
495403,505500,Eukrasian Dosis III (dot),12956.0,3351,8726570,2076824,1363754,49391,861317,49391
505184,505854,Dosis III,53553.0,3351,8780123,2076824,1363754,49391,861317,49391
506044,506576,Auto,22.0,3373,8780123,2076824,1363754,49391,861317,49391
507625,508295,Dosis III,49391.0,3373,8829514,2076824,1363754,49391,861317,49391
495403,508500,Eukrasian Dosis III (dot),12956.0,3373,8829514,2089780,1363754,49391,861317,49391
508844,509376,Auto,21.0,3394,8829514,2089780,1363754,49391,861317,49391
510065,510735,Dosis III,49391.0,3394,8878905,2089780,1363754,49391,861317,49391
495403,511500,Eukrasian Dosis III (dot),12956.0,3394,8878905,2102736,1363754,49391,861317,49391
512506,513176,Dosis III,49391.0,3394,8928296,2102736,1363754,49391,861317,49391
513006,513538,Auto,21.0,3415,8928296,2102736,1363754,49391,861317,49391
495403,514500,Eukrasian Dosis III (dot),12956.0,3415,8928296,2115692,1363754,49391,861317,49391
514946,515616,Dosis III,49391.0,3415,8977687,2115692,1363754,49391,861317,49391
515806,516338,Auto,21.0,3436,8977687,2115692,1363754,49391,861317,49391
495403,517500,Eukrasian Dosis III (dot),12956.0,3436,8977687,2128648,1363754,49391,861317,49391
517387,518057,Dosis III,49391.0,3436,9027078,2128648,1363754,49391,861317,49391
518606,519138,Auto,21.0,3457,9027078,2128648,1363754,49391,861317,49391
519826,520496,Dosis III,49391.0,3457,9076469,2128648,1363754,49391,861317,49391
495403,520500,Eukrasian Dosis III (dot),12956.0,3457,9076469,2141604,1363754,49391,861317,49391
522268,522938,Dosis III,49391.0,3457,9125860,2141604,1363754,49391,861317,49391
522768,523300,Auto,21.0,3478,9125860,2141604,1363754,49391,861317,49391
495403,523500,Eukrasian Dosis III (dot),12956.0,3478,9125860,2154560,1363754,49391,861317,49391
525568,526100,Auto,21.0,3499,9125860,2154560,1363754,49391,861317,49391
524749,526500,Eukrasian Dosis III (dot),11949.0,3499,9125860,2166509,1363754,49391,861317,49391
527210,527880,Dosis III,49391.0,3499,9175251,2166509,1363754,49391,861317,49391
528368,528900,Auto,21.0,3520,9175251,2166509,1363754,49391,861317,49391
524749,529500,Eukrasian Dosis III (dot),11949.0,3520,9175251,2178458,1363754,49391,861317,49391
529650,530320,Dosis III,49391.0,3520,9224642,2178458,1363754,49391,861317,49391
524749,532500,Eukrasian Dosis III (dot),11949.0,3520,9224642,2190407,1363754,49391,861317,49391
532090,532760,Dosis III,49391.0,3520,9274033,2190407,1363754,49391,861317,49391
532590,533122,Auto,21.0,3541,9274033,2190407,1363754,49391,861317,49391
534531,535201,Dosis III,49391.0,3541,9323424,2190407,1363754,49391,861317,49391
524749,535500,Eukrasian Dosis III (dot),11949.0,3541,9323424,2202356,1363754,49391,861317,49391
535390,535922,Auto,21.0,3562,9323424,2202356,1363754,49391,861317,49391
536971,537641,Dosis III,49391.0,3562,9372815,2202356,1363754,49391,861317,49391
524749,538500,Eukrasian Dosis III (dot),11949.0,3562,9372815,2214305,1363754,49391,861317,49391
538190,538722,Auto,21.0,3583,9372815,2214305,1363754,49391,861317,49391
539412,540082,Dosis III,49391.0,3583,9422206,2214305,1363754,49391,861317,49391
524749,541500,Eukrasian Dosis III (dot),11949.0,3583,9422206,2226254,1363754,49391,861317,49391
541852,542522,Dosis III,49391.0,3583,9471597,2226254,1363754,49391,861317,49391
542352,542884,Auto,21.0,3604,9471597,2226254,1363754,49391,861317,49391
524749,544500,Eukrasian Dosis III (dot),11949.0,3604,9471597,2238203,1363754,49391,861317,49391
544293,544963,Dosis III,49391.0,3604,9520988,2238203,1363754,49391,861317,49391
545152,545684,Auto,21.0,3625,9520988,2238203,1363754,49391,861317,49391
545773,546443,Phlegma III,89720.0,3625,9520988,2238203,1453474,49391,861317,49391
524749,547500,Eukrasian Dosis III (dot),11949.0,3625,9520988,2250152,1453474,49391,861317,49391
547952,548484,Auto,21.0,3646,9520988,2250152,1453474,49391,861317,49391
549173,549843,Dosis III,49391.0,3646,9570379,2250152,1453474,49391,861317,49391
524749,550500,Eukrasian Dosis III (dot),11949.0,3646,9570379,2262101,1453474,49391,861317,49391
551614,552284,Dosis III,49391.0,3646,9619770,2262101,1453474,49391,861317,49391
552114,552646,Auto,21.0,3667,9619770,2262101,1453474,49391,861317,49391
524749,553500,Eukrasian Dosis III (dot),11949.0,3667,9619770,2274050,1453474,49391,861317,49391
554914,555446,Auto,21.0,3688,9619770,2274050,1453474,49391,861317,49391
554095,556500,Eukrasian Dosis III (dot),11949.0,3688,9619770,2285999,1453474,49391,861317,49391
556556,557226,Dosis III,49391.0,3688,9669161,2285999,1453474,49391,861317,49391
557714,558246,Auto,21.0,3709,9669161,2285999,1453474,49391,861317,49391
557163,558263,Psyche,89720.0,3709,9669161,2285999,1453474,49391,951037,49391
554095,559500,Eukrasian Dosis III (dot),11949.0,3709,9669161,2297948,1453474,49391,951037,49391
558996,559666,Dosis III,49391.0,3709,9718552,2297948,1453474,49391,951037,49391
561437,562107,Dosis III,49391.0,3709,9767943,2297948,1453474,49391,951037,49391
561937,562469,Auto,21.0,3730,9767943,2297948,1453474,49391,951037,49391
554095,562500,Eukrasian Dosis III (dot),11949.0,3730,9767943,2309897,1453474,49391,951037,49391
563877,564547,Dosis III,49391.0,3730,9817334,2309897,1453474,49391,951037,49391
564737,565269,Auto,21.0,3751,9817334,2309897,1453474,49391,951037,49391
554095,565500,Eukrasian Dosis III (dot),11949.0,3751,9817334,2321846,1453474,49391,951037,49391
566318,566988,Dosis III,49391.0,3751,9866725,2321846,1453474,49391,951037,49391
567537,568069,Auto,21.0,3772,9866725,2321846,1453474,49391,951037,49391
554095,568500,Eukrasian Dosis III (dot),11949.0,3772,9866725,2333795,1453474,49391,951037,49391
568758,569428,Dosis III,49391.0,3772,9916116,2333795,1453474,49391,951037,49391
554095,571500,Eukrasian Dosis III (dot),11949.0,3772,9916116,2345744,1453474,49391,951037,49391
571198,571868,Dosis III,49391.0,3772,9965507,2345744,1453474,49391,951037,49391
571698,572230,Auto,21.0,3793,9965507,2345744,1453474,49391,951037,49391
573639,574309,Dosis III,49391.0,3793,10014898,2345744,1453474,49391,951037,49391
554095,574500,Eukrasian Dosis III (dot),11949.0,3793,10014898,2357693,1453474,49391,951037,49391
574498,575030,Auto,21.0,3814,10014898,2357693,1453474,49391,951037,49391
576079,576749,Dosis III,49391.0,3814,10064289,2357693,1453474,49391,951037,49391
554095,577500,Eukrasian Dosis III (dot),11949.0,3814,10064289,2369642,1453474,49391,951037,49391
577298,577830,Auto,21.0,3835,10064289,2369642,1453474,49391,951037,49391
578520,579190,Dosis III,49391.0,3835,10113680,2369642,1453474,49391,951037,49391
554095,580500,Eukrasian Dosis III (dot),11949.0,3835,10113680,2381591,1453474,49391,951037,49391
580960,581630,Dosis III,49391.0,3835,10163071,2381591,1453474,49391,951037,49391
581460,581992,Auto,21.0,3856,10163071,2381591,1453474,49391,951037,49391
554095,583500,Eukrasian Dosis III (dot),11949.0,3856,10163071,2393540,1453474,49391,951037,49391
584260,584792,Auto,21.0,3877,10163071,2393540,1453474,49391,951037,49391
583442,586500,Eukrasian Dosis III (dot),11949.0,3877,10163071,2405489,1453474,49391,951037,49391
585902,586572,Dosis III,49391.0,3877,10212462,2405489,1453474,49391,951037,49391
587060,587592,Auto,21.0,3898,10212462,2405489,1453474,49391,951037,49391
588343,589013,Dosis III,49391.0,3898,10261853,2405489,1453474,49391,951037,49391
583442,589500,Eukrasian Dosis III (dot),11949.0,3898,10261853,2417438,1453474,49391,951037,49391
590783,591453,Dosis III,49391.0,3898,10311244,2417438,1453474,49391,951037,49391
591283,591815,Auto,21.0,3919,10311244,2417438,1453474,49391,951037,49391
583442,592500,Eukrasian Dosis III (dot),11949.0,3919,10311244,2429387,1453474,49391,951037,49391
593224,593894,Dosis III,49391.0,3919,10360635,2429387,1453474,49391,951037,49391
594083,594615,Auto,21.0,3940,10360635,2429387,1453474,49391,951037,49391
583442,595500,Eukrasian Dosis III (dot),11949.0,3940,10360635,2441336,1453474,49391,951037,49391
595664,596334,Dosis III,49391.0,3940,10410026,2441336,1453474,49391,951037,49391
596883,597415,Auto,21.0,3961,10410026,2441336,1453474,49391,951037,49391
583442,598500,Eukrasian Dosis III (dot),11949.0,3961,10410026,2453285,1453474,49391,951037,49391
598104,598774,Dosis III,49391.0,3961,10459417,2453285,1453474,49391,951037,49391
600545,601215,Dosis III,49391.0,3961,10508808,2453285,1453474,49391,951037,49391
583442,601500,Eukrasian Dosis III (dot),11949.0,3961,10508808,2465234,1453474,49391,951037,49391
601045,601577,Auto,21.0,3982,10508808,2465234,1453474,49391,951037,49391
602985,603655,Dosis III,49391.0,3982,10558199,2465234,1453474,49391,951037,49391
603845,604377,Auto,21.0,4003,10558199,2465234,1453474,49391,951037,49391
583442,604500,Eukrasian Dosis III (dot),11949.0,4003,10558199,2477183,1453474,49391,951037,49391
605426,606096,Dosis III,49391.0,4003,10607590,2477183,1453474,49391,951037,49391
606645,607177,Auto,21.0,4024,10607590,2477183,1453474,49391,951037,49391
583442,607500,Eukrasian Dosis III (dot),11949.0,4024,10607590,2489132,1453474,49391,951037,49391
607866,608536,Dosis III,53553.0,4024,10661143,2489132,1453474,49391,951037,49391
609445,609977,Auto,22.0,4046,10661143,2489132,1453474,49391,951037,49391
609347,610017,Phlegma III,97281.0,4046,10661143,2489132,1550755,49391,951037,49391
583442,610500,Eukrasian Dosis III (dot),11949.0,4046,10661143,2501081,1550755,49391,951037,49391
611787,612457,Phlegma III,97281.0,4046,10661143,2501081,1648036,49391,951037,49391
612245,612777,Auto,22.0,4068,10661143,2501081,1648036,49391,951037,49391
583442,613500,Eukrasian Dosis III (dot),11949.0,4068,10661143,2513030,1648036,49391,951037,49391
615187,615857,Dosis III,53553.0,4068,10714696,2513030,1648036,49391,951037,49391
615687,616219,Auto,22.0,4090,10714696,2513030,1648036,49391,951037,49391
617628,618298,Dosis III,53553.0,4090,10768249,2513030,1648036,49391,951037,49391
618487,619019,Auto,22.0,4112,10768249,2513030,1648036,49391,951037,49391
618235,619335,Psyche,97281.0,4112,10768249,2513030,1648036,49391,1048318,49391
621287,621819,Auto,22.0,4134,10768249,2513030,1648036,49391,1048318,49391
620109,622500,Eukrasian Dosis III (dot),12956.0,4134,10768249,2525986,1648036,49391,1048318,49391
622570,623240,Dosis III,53553.0,4134,10821802,2525986,1648036,49391,1048318,49391
620109,625500,Eukrasian Dosis III (dot),12956.0,4134,10821802,2538942,1648036,49391,1048318,49391
625010,625680,Dosis III,53553.0,4134,10875355,2538942,1648036,49391,1048318,49391
625510,626042,Auto,22.0,4156,10875355,2538942,1648036,49391,1048318,49391
627451,628121,Dosis III,49391.0,4156,10924746,2538942,1648036,49391,1048318,49391
620109,628500,Eukrasian Dosis III (dot),12956.0,4156,10924746,2551898,1648036,49391,1048318,49391
628310,628842,Auto,21.0,4177,10924746,2551898,1648036,49391,1048318,49391
629891,630561,Dosis III,49391.0,4177,10974137,2551898,1648036,49391,1048318,49391
620109,631500,Eukrasian Dosis III (dot),12956.0,4177,10974137,2564854,1648036,49391,1048318,49391
631110,631642,Auto,21.0,4198,10974137,2564854,1648036,49391,1048318,49391
632332,633002,Dosis III,49391.0,4198,11023528,2564854,1648036,49391,1048318,49391
620109,634500,Eukrasian Dosis III (dot),12956.0,4198,11023528,2577810,1648036,49391,1048318,49391
634772,635442,Dosis III,49391.0,4198,11072919,2577810,1648036,49391,1048318,49391
635272,635804,Auto,21.0,4219,11072919,2577810,1648036,49391,1048318,49391
620109,637500,Eukrasian Dosis III (dot),12956.0,4219,11072919,2590766,1648036,49391,1048318,49391
637213,637883,Dosis III,49391.0,4219,11122310,2590766,1648036,49391,1048318,49391
638072,638604,Auto,21.0,4240,11122310,2590766,1648036,49391,1048318,49391
639653,640323,Dosis III,49391.0,4240,11171701,2590766,1648036,49391,1048318,49391
620109,640500,Eukrasian Dosis III (dot),12956.0,4240,11171701,2603722,1648036,49391,1048318,49391
640872,641404,Auto,21.0,4261,11171701,2603722,1648036,49391,1048318,49391
642134,643500,Eukrasian Dosis III (dot),11949.0,4261,11171701,2615671,1648036,49391,1048318,49391
644595,645265,Dosis III,49391.0,4261,11221092,2615671,1648036,49391,1048318,49391
645095,645627,Auto,21.0,4282,11221092,2615671,1648036,49391,1048318,49391
642134,646500,Eukrasian Dosis III (dot),11949.0,4282,11221092,2627620,1648036,49391,1048318,49391
647035,647705,Dosis III,49391.0,4282,11270483,2627620,1648036,49391,1048318,49391
647895,648427,Auto,21.0,4303,11270483,2627620,1648036,49391,1048318,49391
642134,649500,Eukrasian Dosis III (dot),11949.0,4303,11270483,2639569,1648036,49391,1048318,49391
649476,650146,Dosis III,49391.0,4303,11319874,2639569,1648036,49391,1048318,49391
650695,651227,Auto,21.0,4324,11319874,2639569,1648036,49391,1048318,49391
642134,652500,Eukrasian Dosis III (dot),11949.0,4324,11319874,2651518,1648036,49391,1048318,49391
651916,652586,Dosis III,49391.0,4324,11369265,2651518,1648036,49391,1048318,49391
654357,655027,Dosis III,49391.0,4324,11418656,2651518,1648036,49391,1048318,49391
654857,655389,Auto,21.0,4345,11418656,2651518,1648036,49391,1048318,49391
642134,655500,Eukrasian Dosis III (dot),11949.0,4345,11418656,2663467,1648036,49391,1048318,49391
656797,657467,Dosis III,49391.0,4345,11468047,2663467,1648036,49391,1048318,49391
657657,658189,Auto,21.0,4366,11468047,2663467,1648036,49391,1048318,49391
642134,658500,Eukrasian Dosis III (dot),11949.0,4366,11468047,2675416,1648036,49391,1048318,49391
659238,659908,Dosis III,49391.0,4366,11517438,2675416,1648036,49391,1048318,49391
660457,660989,Auto,21.0,4387,11517438,2675416,1648036,49391,1048318,49391
642134,661500,Eukrasian Dosis III (dot),11949.0,4387,11517438,2687365,1648036,49391,1048318,49391
661678,662348,Dosis III,49391.0,4387,11566829,2687365,1648036,49391,1048318,49391
642134,664500,Eukrasian Dosis III (dot),11949.0,4387,11566829,2699314,1648036,49391,1048318,49391
664118,664788,Dosis III,49391.0,4387,11616220,2699314,1648036,49391,1048318,49391
664618,665150,Auto,21.0,4408,11616220,2699314,1648036,49391,1048318,49391
666559,667229,Dosis III,49391.0,4408,11665611,2699314,1648036,49391,1048318,49391
642134,667500,Eukrasian Dosis III (dot),11949.0,4408,11665611,2711263,1648036,49391,1048318,49391
667418,667950,Auto,21.0,4429,11665611,2711263,1648036,49391,1048318,49391
668999,669669,Dosis III,49391.0,4429,11715002,2711263,1648036,49391,1048318,49391
642134,670500,Eukrasian Dosis III (dot),11949.0,4429,11715002,2723212,1648036,49391,1048318,49391
670218,670750,Auto,21.0,4450,11715002,2723212,1648036,49391,1048318,49391
671481,673500,Eukrasian Dosis III (dot),11949.0,4450,11715002,2735161,1648036,49391,1048318,49391
673941,674611,Dosis III,49391.0,4450,11764393,2735161,1648036,49391,1048318,49391
674441,674973,Auto,21.0,4471,11764393,2735161,1648036,49391,1048318,49391
671481,676500,Eukrasian Dosis III (dot),11949.0,4471,11764393,2747110,1648036,49391,1048318,49391
676382,677052,Dosis III,49391.0,4471,11813784,2747110,1648036,49391,1048318,49391
677241,677773,Auto,21.0,4492,11813784,2747110,1648036,49391,1048318,49391
678822,679492,Dosis III,49391.0,4492,11863175,2747110,1648036,49391,1048318,49391
671481,679500,Eukrasian Dosis III (dot),11949.0,4492,11863175,2759059,1648036,49391,1048318,49391
679430,680530,Psyche,89720.0,4492,11863175,2759059,1648036,49391,1138038,49391
680041,680573,Auto,21.0,4513,11863175,2759059,1648036,49391,1138038,49391
681263,681933,Dosis III,49391.0,4513,11912566,2759059,1648036,49391,1138038,49391
671481,682500,Eukrasian Dosis III (dot),11949.0,4513,11912566,2771008,1648036,49391,1138038,49391
683703,684373,Dosis III,49391.0,4513,11961957,2771008,1648036,49391,1138038,49391
684203,684735,Auto,21.0,4534,11961957,2771008,1648036,49391,1138038,49391
671481,685500,Eukrasian Dosis III (dot),11949.0,4534,11961957,2782957,1648036,49391,1138038,49391
685183,685853,Phlegma III,89720.0,4534,11961957,2782957,1737756,49391,1138038,49391
687003,687535,Auto,21.0,4555,11961957,2782957,1737756,49391,1138038,49391
671481,688500,Eukrasian Dosis III (dot),11949.0,4555,11961957,2794906,1737756,49391,1138038,49391
688584,689254,Dosis III,49391.0,4555,12011348,2794906,1737756,49391,1138038,49391
689803,690335,Auto,21.0,4576,12011348,2794906,1737756,49391,1138038,49391
671481,691500,Eukrasian Dosis III (dot),11949.0,4576,12011348,2806855,1737756,49391,1138038,49391
691024,691694,Dosis III,49391.0,4576,12060739,2806855,1737756,49391,1138038,49391
693465,694135,Dosis III,49391.0,4576,12110130,2806855,1737756,49391,1138038,49391
693965,694497,Auto,21.0,4597,12110130,2806855,1737756,49391,1138038,49391
671481,694500,Eukrasian Dosis III (dot),11949.0,4597,12110130,2818804,1737756,49391,1138038,49391
695905,696575,Dosis III,49391.0,4597,12159521,2818804,1737756,49391,1138038,49391
696765,697297,Auto,21.0,4618,12159521,2818804,1737756,49391,1138038,49391
671481,697500,Eukrasian Dosis III (dot),11949.0,4618,12159521,2830753,1737756,49391,1138038,49391
698346,699016,Dosis III,49391.0,4618,12208912,2830753,1737756,49391,1138038,49391
699565,700097,Auto,21.0,4639,12208912,2830753,1737756,49391,1138038,49391
671481,700500,Eukrasian Dosis III (dot),11949.0,4639,12208912,2842702,1737756,49391,1138038,49391
700786,701456,Dosis III,49391.0,4639,12258303,2842702,1737756,49391,1138038,49391
702365,702897,Auto,21.0,4660,12258303,2842702,1737756,49391,1138038,49391
703268,704468,Toxikon II,49391.0,4660,12258303,2842702,1737756,49391,1138038,98782
705165,705697,Auto,21.0,4681,12258303,2842702,1737756,49391,1138038,98782
705708,706500,Eukrasian Dosis III (dot),11949.0,4681,12258303,2854651,1737756,49391,1138038,98782
708168,708838,Dosis III,49391.0,4681,12307694,2854651,1737756,49391,1138038,98782
708668,709200,Auto,21.0,4702,12307694,2854651,1737756,49391,1138038,98782
705708,709500,Eukrasian Dosis III (dot),11949.0,4702,12307694,2866600,1737756,49391,1138038,98782
710609,711279,Dosis III,49391.0,4702,12357085,2866600,1737756,49391,1138038,98782
711468,712000,Auto,21.0,4723,12357085,2866600,1737756,49391,1138038,98782
705708,712500,Eukrasian Dosis III (dot),11949.0,4723,12357085,2878549,1737756,49391,1138038,98782
713049,713719,Dosis III,49391.0,4723,12406476,2878549,1737756,49391,1138038,98782
714268,714800,Auto,21.0,4744,12406476,2878549,1737756,49391,1138038,98782
705708,715500,Eukrasian Dosis III (dot),11949.0,4744,12406476,2890498,1737756,49391,1138038,98782
715490,716160,Dosis III,53462.0,4744,12459938,2890498,1737756,49391,1138038,98782
705708,718500,Eukrasian Dosis III (dot),11949.0,4744,12459938,2902447,1737756,49391,1138038,98782
717930,718600,Dosis III,53462.0,4744,12513400,2902447,1737756,49391,1138038,98782
718430,718962,Auto,21.0,4765,12513400,2902447,1737756,49391,1138038,98782
720371,721041,Dosis III,53462.0,4765,12566862,2902447,1737756,49391,1138038,98782
705708,721500,Eukrasian Dosis III (dot),11949.0,4765,12566862,2914396,1737756,49391,1138038,98782
721230,721762,Auto,21.0,4786,12566862,2914396,1737756,49391,1138038,98782
722811,723481,Dosis III,53462.0,4786,12620324,2914396,1737756,49391,1138038,98782
705708,724500,Eukrasian Dosis III (dot),11949.0,4786,12620324,2926345,1737756,49391,1138038,98782
724030,724562,Auto,21.0,4807,12620324,2926345,1737756,49391,1138038,98782
725252,725922,Dosis III,53462.0,4807,12673786,2926345,1737756,49391,1138038,98782
705708,727500,Eukrasian Dosis III (dot),11949.0,4807,12673786,2938294,1737756,49391,1138038,98782
727692,728362,Dosis III,57967.0,4807,12731753,2938294,1737756,49391,1138038,98782
728192,728724,Auto,22.0,4829,12731753,2938294,1737756,49391,1138038,98782
729172,729842,Phlegma III,105297.0,4829,12731753,2938294,1843053,49391,1138038,98782
705708,730500,Eukrasian Dosis III (dot),11949.0,4829,12731753,2950243,1843053,49391,1138038,98782
730992,731524,Auto,22.0,4851,12731753,2950243,1843053,49391,1138038,98782
731613,732283,Phlegma III,105297.0,4851,12731753,2950243,1948350,49391,1138038,98782
705708,733500,Eukrasian Dosis III (dot),11949.0,4851,12731753,2962192,1948350,49391,1138038,98782
733792,734324,Auto,22.0,4873,12731753,2962192,1948350,49391,1138038,98782
735013,735683,Dosis III,57967.0,4873,12789720,2962192,1948350,49391,1138038,98782
737454,738124,Dosis III,57967.0,4873,12847687,2962192,1948350,49391,1138038,98782
737954,738486,Auto,22.0,4895,12847687,2962192,1948350,49391,1138038,98782
739894,740564,Dosis III,57967.0,4895,12905654,2962192,1948350,49391,1138038,98782
740754,741286,Auto,22.0,4917,12905654,2962192,1948350,49391,1138038,98782
740502,741602,Psyche,105297.0,4917,12905654,2962192,1948350,49391,1243335,98782
742335,743005,Dosis III,57967.0,4917,12963621,2962192,1948350,49391,1243335,98782
743554,744086,Auto,22.0,4939,12963621,2962192,1948350,49391,1243335,98782
743815,744485,Dosis III,57967.0,4939,13021588,2962192,1948350,49391,1243335,98782
747216,747886,Dosis III,49391.0,4939,13070979,2962192,1948350,49391,1243335,98782
747716,748248,Auto,21.0,4960,13070979,2962192,1948350,49391,1243335,98782
748696,749896,Toxikon II,49391.0,4960,13070979,2962192,1948350,49391,1243335,148173
