sim_timestamp,sim_damage_timestamp,sim_name,sim_potency,sim_weight,Auto,Fell Cleave,Heavy Swing,Inner Chaos,Maim,Onslaught,Primal Rend,Primal Ruination,Primal Wrath,Storm's Eye,Storm's Path,Upheaval
-630,37,Onslaught,150,1.0,0,0,0,0,0,150,0,0,0,0,0,0
37,569,Auto,90,1.0,90,0,0,0,0,150,0,0,0,0,0,0
170,702,Heavy Swing,240,1.0,90,0,240,0,0,150,0,0,0,0,0,0
2670,3293,Maim,340,1.0,90,0,240,0,340,150,0,0,0,0,0,0
3397,3929,Auto,90,1.0,180,0,240,0,340,150,0,0,0,0,0,0
5170,6819,Storm's Eye,500,1.0,180,0,240,0,340,150,0,0,0,500,0,0
6757,7289,Auto,90,1.0,270,0,240,0,340,150,0,0,0,500,0,0
7670,8607,Inner Chaos,700,1.0,270,0,240,700,340,150,0,0,0,500,0,0
8295,8918,Upheaval,420,1.0,270,0,240,700,340,150,0,0,0,500,0,420
8920,9587,Onslaught,150,1.0,270,0,240,700,340,300,0,0,0,500,0,420
10117,10649,Auto,90,1.0,360,0,240,700,340,300,0,0,0,500,0,420
10170,10793,Fell Cleave,580,1.0,360,580,240,700,340,300,0,0,0,500,0,420
10795,11462,Onslaught,150,1.0,360,580,240,700,340,450,0,0,0,500,0,420
12670,13293,Fell Cleave,580,1.0,360,1160,240,700,340,450,0,0,0,500,0,420
13477,14009,Auto,90,1.0,450,1160,240,700,340,450,0,0,0,500,0,420
15170,15793,Fell Cleave,580,1.0,450,1740,240,700,340,450,0,0,0,500,0,420
15795,16945,Primal Wrath,700,1.0,450,1740,240,700,340,450,0,0,700,500,0,420
16837,17369,Auto,90,1.0,540,1740,240,700,340,450,0,0,700,500,0,420
17670,18830,Primal Rend,720,1.0,540,1740,240,700,340,450,720,0,700,500,0,420
20197,20729,Auto,90,1.0,630,1740,240,700,340,450,720,0,700,500,0,420
20170,21230,Primal Ruination,800,1.0,630,1740,240,700,340,450,720,800,700,500,0,420
22670,23607,Inner Chaos,700,1.0,630,1740,240,1400,340,450,720,800,700,500,0,420
23557,24089,Auto,90,1.0,720,1740,240,1400,340,450,720,800,700,500,0,420
25171,25703,Heavy Swing,240,1.0,720,1740,480,1400,340,450,720,800,700,500,0,420
26917,27449,Auto,90,1.0,810,1740,480,1400,340,450,720,800,700,500,0,420
27671,28294,Maim,340,1.0,810,1740,480,1400,680,450,720,800,700,500,0,420
30277,30809,Auto,90,1.0,900,1740,480,1400,680,450,720,800,700,500,0,420
30796,31463,Onslaught,150,1.0,900,1740,480,1400,680,600,720,800,700,500,0,420
30171,31686,Storm's Path,500,1.0,900,1740,480,1400,680,600,720,800,700,500,500,420
32671,33294,Fell Cleave,580,1.0,900,2320,480,1400,680,600,720,800,700,500,500,420
33637,34169,Auto,90,1.0,990,2320,480,1400,680,600,720,800,700,500,500,420
35171,36108,Inner Chaos,700,1.0,990,2320,480,2100,680,600,720,800,700,500,500,420
36997,37529,Auto,90,1.0,1080,2320,480,2100,680,600,720,800,700,500,500,420
37671,38203,Heavy Swing,240,1.0,1080,2320,720,2100,680,600,720,800,700,500,500,420
38296,38919,Upheaval,420,1.0,1080,2320,720,2100,680,600,720,800,700,500,500,840
40171,40794,Maim,340,1.0,1080,2320,720,2100,1020,600,720,800,700,500,500,840
40357,40889,Auto,90,1.0,1170,2320,720,2100,1020,600,720,800,700,500,500,840
43717,44249,Auto,90,1.0,1260,2320,720,2100,1020,600,720,800,700,500,500,840
42671,44320,Storm's Eye,500,1.0,1260,2320,720,2100,1020,600,720,800,700,1000,500,840
45171,45703,Heavy Swing,240,1.0,1260,2320,960,2100,1020,600,720,800,700,1000,500,840
47077,47609,Auto,90,1.0,1350,2320,960,2100,1020,600,720,800,700,1000,500,840
47671,48294,Maim,340,1.0,1350,2320,960,2100,1360,600,720,800,700,1000,500,840
50437,50969,Auto,90,1.0,1440,2320,960,2100,1360,600,720,800,700,1000,500,840
50171,51820,Storm's Eye,500,1.0,1440,2320,960,2100,1360,600,720,800,700,1500,500,840
52671,53203,Heavy Swing,240,1.0,1440,2320,1200,2100,1360,600,720,800,700,1500,500,840
53797,54329,Auto,90,1.0,1530,2320,1200,2100,1360,600,720,800,700,1500,500,840
55171,55794,Maim,340,1.0,1530,2320,1200,2100,1700,600,720,800,700,1500,500,840
57157,57689,Auto,90,1.0,1620,2320,1200,2100,1700,600,720,800,700,1500,500,840
57671,58294,Fell Cleave,580,1.0,1620,2900,1200,2100,1700,600,720,800,700,1500,500,840
60517,61049,Auto,90,1.0,1710,2900,1200,2100,1700,600,720,800,700,1500,500,840
60171,61686,Storm's Path,500,1.0,1710,2900,1200,2100,1700,600,720,800,700,1500,1000,840
62671,63203,Heavy Swing,240,1.0,1710,2900,1440,2100,1700,600,720,800,700,1500,1000,840
63877,64409,Auto,90,1.0,1800,2900,1440,2100,1700,600,720,800,700,1500,1000,840
65171,65794,Maim,340,1.0,1800,2900,1440,2100,2040,600,720,800,700,1500,1000,840
67237,67769,Auto,90,1.0,1890,2900,1440,2100,2040,600,720,800,700,1500,1000,840
67671,68294,Fell Cleave,580,1.0,1890,3480,1440,2100,2040,600,720,800,700,1500,1000,840
68296,68919,Upheaval,420,1.0,1890,3480,1440,2100,2040,600,720,800,700,1500,1000,1260
70171,70794,Fell Cleave,580,1.0,1890,4060,1440,2100,2040,600,720,800,700,1500,1000,1260
70597,71129,Auto,90,1.0,1980,4060,1440,2100,2040,600,720,800,700,1500,1000,1260
72671,73294,Fell Cleave,580,1.0,1980,4640,1440,2100,2040,600,720,800,700,1500,1000,1260
73296,74446,Primal Wrath,700,1.0,1980,4640,1440,2100,2040,600,720,800,1400,1500,1000,1260
73957,74489,Auto,90,1.0,2070,4640,1440,2100,2040,600,720,800,1400,1500,1000,1260
75172,76332,Primal Rend,720,1.0,2070,4640,1440,2100,2040,600,1440,800,1400,1500,1000,1260
77317,77849,Auto,90,1.0,2160,4640,1440,2100,2040,600,1440,800,1400,1500,1000,1260
77672,78732,Primal Ruination,800,1.0,2160,4640,1440,2100,2040,600,1440,1600,1400,1500,1000,1260
80172,81109,Inner Chaos,700,1.0,2160,4640,1440,2800,2040,600,1440,1600,1400,1500,1000,1260
80677,81209,Auto,90,1.0,2250,4640,1440,2800,2040,600,1440,1600,1400,1500,1000,1260
82672,84187,Storm's Path,500,1.0,2250,4640,1440,2800,2040,600,1440,1600,1400,1500,1500,1260
84037,84569,Auto,90,1.0,2340,4640,1440,2800,2040,600,1440,1600,1400,1500,1500,1260
85172,85795,Fell Cleave,580,1.0,2340,5220,1440,2800,2040,600,1440,1600,1400,1500,1500,1260
87397,87929,Auto,90,1.0,2430,5220,1440,2800,2040,600,1440,1600,1400,1500,1500,1260
87672,88204,Heavy Swing,240,1.0,2430,5220,1680,2800,2040,600,1440,1600,1400,1500,1500,1260
90172,90795,Maim,340,1.0,2430,5220,1680,2800,2380,600,1440,1600,1400,1500,1500,1260
90757,91289,Auto,90,1.0,2520,5220,1680,2800,2380,600,1440,1600,1400,1500,1500,1260
92672,94321,Storm's Eye,500,1.0,2520,5220,1680,2800,2380,600,1440,1600,1400,2000,1500,1260
94117,94649,Auto,90,1.0,2610,5220,1680,2800,2380,600,1440,1600,1400,2000,1500,1260
95172,95704,Heavy Swing,240,1.0,2610,5220,1920,2800,2380,600,1440,1600,1400,2000,1500,1260
97477,98009,Auto,90,1.0,2700,5220,1920,2800,2380,600,1440,1600,1400,2000,1500,1260
97672,98295,Maim,340,1.0,2700,5220,1920,2800,2720,600,1440,1600,1400,2000,1500,1260
98297,98920,Upheaval,420,1.0,2700,5220,1920,2800,2720,600,1440,1600,1400,2000,1500,1680
100837,101369,Auto,90,1.0,2790,5220,1920,2800,2720,600,1440,1600,1400,2000,1500,1680
100172,101687,Storm's Path,500,1.0,2790,5220,1920,2800,2720,600,1440,1600,1400,2000,2000,1680
102672,103204,Heavy Swing,240,1.0,2790,5220,2160,2800,2720,600,1440,1600,1400,2000,2000,1680
104197,104729,Auto,90,1.0,2880,5220,2160,2800,2720,600,1440,1600,1400,2000,2000,1680
105172,105795,Maim,340,1.0,2880,5220,2160,2800,3060,600,1440,1600,1400,2000,2000,1680
107557,108089,Auto,90,1.0,2970,5220,2160,2800,3060,600,1440,1600,1400,2000,2000,1680
107672,109187,Storm's Path,500,1.0,2970,5220,2160,2800,3060,600,1440,1600,1400,2000,2500,1680
110172,110704,Heavy Swing,240,1.0,2970,5220,2400,2800,3060,600,1440,1600,1400,2000,2500,1680
110917,111449,Auto,90,1.0,3060,5220,2400,2800,3060,600,1440,1600,1400,2000,2500,1680
112672,113295,Maim,340,1.0,3060,5220,2400,2800,3400,600,1440,1600,1400,2000,2500,1680
114277,114809,Auto,90,1.0,3150,5220,2400,2800,3400,600,1440,1600,1400,2000,2500,1680
115172,115795,Fell Cleave,580,1.0,3150,5800,2400,2800,3400,600,1440,1600,1400,2000,2500,1680
117637,118169,Auto,90,1.0,3240,5800,2400,2800,3400,600,1440,1600,1400,2000,2500,1680
117672,119187,Storm's Path,500,1.0,3240,5800,2400,2800,3400,600,1440,1600,1400,2000,3000,1680
120172,120704,Heavy Swing,240,1.0,3240,5800,2640,2800,3400,600,1440,1600,1400,2000,3000,1680
120997,121529,Auto,90,1.0,3330,5800,2640,2800,3400,600,1440,1600,1400,2000,3000,1680
122672,123295,Maim,340,1.0,3330,5800,2640,2800,3740,600,1440,1600,1400,2000,3000,1680
124357,124889,Auto,90,1.0,3420,5800,2640,2800,3740,600,1440,1600,1400,2000,3000,1680
125173,125796,Fell Cleave,580,1.0,3420,6380,2640,2800,3740,600,1440,1600,1400,2000,3000,1680
127717,128249,Auto,90,1.0,3510,6380,2640,2800,3740,600,1440,1600,1400,2000,3000,1680
127673,128610,Inner Chaos,700,1.0,3510,6380,2640,3500,3740,600,1440,1600,1400,2000,3000,1680
128298,128921,Upheaval,420,1.0,3510,6380,2640,3500,3740,600,1440,1600,1400,2000,3000,2100
128923,129590,Onslaught,150,1.0,3510,6380,2640,3500,3740,750,1440,1600,1400,2000,3000,2100
130173,131333,Primal Rend,720,1.0,3510,6380,2640,3500,3740,750,2160,1600,1400,2000,3000,2100
131077,131609,Auto,90,1.0,3600,6380,2640,3500,3740,750,2160,1600,1400,2000,3000,2100
131373,132040,Onslaught,150,1.0,3600,6380,2640,3500,3740,900,2160,1600,1400,2000,3000,2100
132673,133296,Fell Cleave,580,1.0,3600,6960,2640,3500,3740,900,2160,1600,1400,2000,3000,2100
133298,133965,Onslaught,150,1.0,3600,6960,2640,3500,3740,1050,2160,1600,1400,2000,3000,2100
134437,134969,Auto,90,1.0,3690,6960,2640,3500,3740,1050,2160,1600,1400,2000,3000,2100
135173,135796,Fell Cleave,580,1.0,3690,7540,2640,3500,3740,1050,2160,1600,1400,2000,3000,2100
137673,138296,Fell Cleave,580,1.0,3690,8120,2640,3500,3740,1050,2160,1600,1400,2000,3000,2100
137797,138329,Auto,90,1.0,3780,8120,2640,3500,3740,1050,2160,1600,1400,2000,3000,2100
138298,139448,Primal Wrath,700,1.0,3780,8120,2640,3500,3740,1050,2160,1600,2100,2000,3000,2100
140173,141233,Primal Ruination,800,1.0,3780,8120,2640,3500,3740,1050,2160,2400,2100,2000,3000,2100
141157,141689,Auto,90,1.0,3870,8120,2640,3500,3740,1050,2160,2400,2100,2000,3000,2100
142673,144322,Storm's Eye,500,1.0,3870,8120,2640,3500,3740,1050,2160,2400,2100,2500,3000,2100
144517,145049,Auto,90,1.0,3960,8120,2640,3500,3740,1050,2160,2400,2100,2500,3000,2100
145173,145705,Heavy Swing,240,1.0,3960,8120,2880,3500,3740,1050,2160,2400,2100,2500,3000,2100
147877,148409,Auto,90,1.0,4050,8120,2880,3500,3740,1050,2160,2400,2100,2500,3000,2100
147673,148610,Inner Chaos,700,1.0,4050,8120,2880,4200,3740,1050,2160,2400,2100,2500,3000,2100
150173,150796,Maim,340,1.0,4050,8120,2880,4200,4080,1050,2160,2400,2100,2500,3000,2100
151237,151769,Auto,90,1.0,4140,8120,2880,4200,4080,1050,2160,2400,2100,2500,3000,2100
152673,154188,Storm's Path,500,1.0,4140,8120,2880,4200,4080,1050,2160,2400,2100,2500,3500,2100
154597,155129,Auto,90,1.0,4230,8120,2880,4200,4080,1050,2160,2400,2100,2500,3500,2100
155173,155796,Fell Cleave,580,1.0,4230,8700,2880,4200,4080,1050,2160,2400,2100,2500,3500,2100
157673,158205,Heavy Swing,240,1.0,4230,8700,3120,4200,4080,1050,2160,2400,2100,2500,3500,2100
157957,158489,Auto,90,1.0,4320,8700,3120,4200,4080,1050,2160,2400,2100,2500,3500,2100
158298,158921,Upheaval,420,1.0,4320,8700,3120,4200,4080,1050,2160,2400,2100,2500,3500,2520
160173,160796,Maim,340,1.0,4320,8700,3120,4200,4420,1050,2160,2400,2100,2500,3500,2520
161317,161849,Auto,90,1.0,4410,8700,3120,4200,4420,1050,2160,2400,2100,2500,3500,2520
162673,164322,Storm's Eye,500,1.0,4410,8700,3120,4200,4420,1050,2160,2400,2100,3000,3500,2520
164677,165209,Auto,90,1.0,4500,8700,3120,4200,4420,1050,2160,2400,2100,3000,3500,2520
165173,165705,Heavy Swing,240,1.0,4500,8700,3360,4200,4420,1050,2160,2400,2100,3000,3500,2520
167673,168296,Maim,340,1.0,4500,8700,3360,4200,4760,1050,2160,2400,2100,3000,3500,2520
168037,168569,Auto,90,1.0,4590,8700,3360,4200,4760,1050,2160,2400,2100,3000,3500,2520
170173,171688,Storm's Path,500,1.0,4590,8700,3360,4200,4760,1050,2160,2400,2100,3000,4000,2520
171397,171929,Auto,90,1.0,4680,8700,3360,4200,4760,1050,2160,2400,2100,3000,4000,2520
172673,173296,Fell Cleave,580,1.0,4680,9280,3360,4200,4760,1050,2160,2400,2100,3000,4000,2520
174757,175289,Auto,90,1.0,4770,9280,3360,4200,4760,1050,2160,2400,2100,3000,4000,2520
175174,175706,Heavy Swing,240,1.0,4770,9280,3600,4200,4760,1050,2160,2400,2100,3000,4000,2520
177674,178297,Maim,340,1.0,4770,9280,3600,4200,5100,1050,2160,2400,2100,3000,4000,2520
178117,178649,Auto,90,1.0,4860,9280,3600,4200,5100,1050,2160,2400,2100,3000,4000,2520
180174,181689,Storm's Path,500,1.0,4860,9280,3600,4200,5100,1050,2160,2400,2100,3000,4500,2520
181477,182009,Auto,90,1.0,4950,9280,3600,4200,5100,1050,2160,2400,2100,3000,4500,2520
182674,183206,Heavy Swing,240,1.0,4950,9280,3840,4200,5100,1050,2160,2400,2100,3000,4500,2520
184837,185369,Auto,90,1.0,5040,9280,3840,4200,5100,1050,2160,2400,2100,3000,4500,2520
185174,185797,Maim,340,1.0,5040,9280,3840,4200,5440,1050,2160,2400,2100,3000,4500,2520
187674,188297,Fell Cleave,580,1.0,5040,9860,3840,4200,5440,1050,2160,2400,2100,3000,4500,2520
188197,188729,Auto,90,1.0,5130,9860,3840,4200,5440,1050,2160,2400,2100,3000,4500,2520
188299,188922,Upheaval,420,1.0,5130,9860,3840,4200,5440,1050,2160,2400,2100,3000,4500,2940
188924,189591,Onslaught,150,1.0,5130,9860,3840,4200,5440,1200,2160,2400,2100,3000,4500,2940
190174,190797,Fell Cleave,580,1.0,5130,10440,3840,4200,5440,1200,2160,2400,2100,3000,4500,2940
191557,192089,Auto,90,1.0,5220,10440,3840,4200,5440,1200,2160,2400,2100,3000,4500,2940
192674,193297,Fell Cleave,580,1.0,5220,11020,3840,4200,5440,1200,2160,2400,2100,3000,4500,2940
193299,194449,Primal Wrath,700,1.0,5220,11020,3840,4200,5440,1200,2160,2400,2800,3000,4500,2940
194917,195449,Auto,90,1.0,5310,11020,3840,4200,5440,1200,2160,2400,2800,3000,4500,2940
195174,196334,Primal Rend,720,1.0,5310,11020,3840,4200,5440,1200,2880,2400,2800,3000,4500,2940
197674,198734,Primal Ruination,800,1.0,5310,11020,3840,4200,5440,1200,2880,3200,2800,3000,4500,2940
198277,198809,Auto,90,1.0,5400,11020,3840,4200,5440,1200,2880,3200,2800,3000,4500,2940
200174,201111,Inner Chaos,700,1.0,5400,11020,3840,4900,5440,1200,2880,3200,2800,3000,4500,2940
201637,202169,Auto,90,1.0,5490,11020,3840,4900,5440,1200,2880,3200,2800,3000,4500,2940
202674,203297,Fell Cleave,580,1.0,5490,11600,3840,4900,5440,1200,2880,3200,2800,3000,4500,2940
204997,205529,Auto,90,1.0,5580,11600,3840,4900,5440,1200,2880,3200,2800,3000,4500,2940
205174,206823,Storm's Eye,500,1.0,5580,11600,3840,4900,5440,1200,2880,3200,2800,3500,4500,2940
207674,208206,Heavy Swing,240,1.0,5580,11600,4080,4900,5440,1200,2880,3200,2800,3500,4500,2940
208357,208889,Auto,90,1.0,5670,11600,4080,4900,5440,1200,2880,3200,2800,3500,4500,2940
210174,210797,Maim,340,1.0,5670,11600,4080,4900,5780,1200,2880,3200,2800,3500,4500,2940
211717,212249,Auto,90,1.0,5760,11600,4080,4900,5780,1200,2880,3200,2800,3500,4500,2940
212674,214189,Storm's Path,500,1.0,5760,11600,4080,4900,5780,1200,2880,3200,2800,3500,5000,2940
215077,215609,Auto,90,1.0,5850,11600,4080,4900,5780,1200,2880,3200,2800,3500,5000,2940
215174,215706,Heavy Swing,240,1.0,5850,11600,4320,4900,5780,1200,2880,3200,2800,3500,5000,2940
217674,218297,Maim,340,1.0,5850,11600,4320,4900,6120,1200,2880,3200,2800,3500,5000,2940
218299,218922,Upheaval,420,1.0,5850,11600,4320,4900,6120,1200,2880,3200,2800,3500,5000,3360
218437,218969,Auto,90,1.0,5940,11600,4320,4900,6120,1200,2880,3200,2800,3500,5000,3360
220174,221689,Storm's Path,500,1.0,5940,11600,4320,4900,6120,1200,2880,3200,2800,3500,5500,3360
221797,222329,Auto,90,1.0,6030,11600,4320,4900,6120,1200,2880,3200,2800,3500,5500,3360
222674,223206,Heavy Swing,240,1.0,6030,11600,4560,4900,6120,1200,2880,3200,2800,3500,5500,3360
225157,225689,Auto,90,1.0,6120,11600,4560,4900,6120,1200,2880,3200,2800,3500,5500,3360
225175,225798,Maim,340,1.0,6120,11600,4560,4900,6460,1200,2880,3200,2800,3500,5500,3360
228517,229049,Auto,90,1.0,6210,11600,4560,4900,6460,1200,2880,3200,2800,3500,5500,3360
227675,229324,Storm's Eye,500,1.0,6210,11600,4560,4900,6460,1200,2880,3200,2800,4000,5500,3360
230175,230707,Heavy Swing,240,1.0,6210,11600,4800,4900,6460,1200,2880,3200,2800,4000,5500,3360
231877,232409,Auto,90,1.0,6300,11600,4800,4900,6460,1200,2880,3200,2800,4000,5500,3360
232675,233298,Maim,340,1.0,6300,11600,4800,4900,6800,1200,2880,3200,2800,4000,5500,3360
235237,235769,Auto,90,1.0,6390,11600,4800,4900,6800,1200,2880,3200,2800,4000,5500,3360
235175,235798,Fell Cleave,580,1.0,6390,12180,4800,4900,6800,1200,2880,3200,2800,4000,5500,3360
238597,239129,Auto,90,1.0,6480,12180,4800,4900,6800,1200,2880,3200,2800,4000,5500,3360
237675,239190,Storm's Path,500,1.0,6480,12180,4800,4900,6800,1200,2880,3200,2800,4000,6000,3360
240175,240707,Heavy Swing,240,1.0,6480,12180,5040,4900,6800,1200,2880,3200,2800,4000,6000,3360
241957,242489,Auto,90,1.0,6570,12180,5040,4900,6800,1200,2880,3200,2800,4000,6000,3360
242675,243298,Maim,340,1.0,6570,12180,5040,4900,7140,1200,2880,3200,2800,4000,6000,3360
245175,245798,Fell Cleave,580,1.0,6570,12760,5040,4900,7140,1200,2880,3200,2800,4000,6000,3360
245317,245849,Auto,90,1.0,6660,12760,5040,4900,7140,1200,2880,3200,2800,4000,6000,3360
247675,248612,Inner Chaos,700,1.0,6660,12760,5040,5600,7140,1200,2880,3200,2800,4000,6000,3360
248300,248923,Upheaval,420,1.0,6660,12760,5040,5600,7140,1200,2880,3200,2800,4000,6000,3780
248677,249209,Auto,90,1.0,6750,12760,5040,5600,7140,1200,2880,3200,2800,4000,6000,3780
248925,249592,Onslaught,150,1.0,6750,12760,5040,5600,7140,1350,2880,3200,2800,4000,6000,3780
250175,251335,Primal Rend,720,1.0,6750,12760,5040,5600,7140,1350,3600,3200,2800,4000,6000,3780
251375,252042,Onslaught,150,1.0,6750,12760,5040,5600,7140,1500,3600,3200,2800,4000,6000,3780
252037,252569,Auto,90,1.0,6840,12760,5040,5600,7140,1500,3600,3200,2800,4000,6000,3780
252675,253298,Fell Cleave,580,1.0,6840,13340,5040,5600,7140,1500,3600,3200,2800,4000,6000,3780
253300,253967,Onslaught,150,1.0,6840,13340,5040,5600,7140,1650,3600,3200,2800,4000,6000,3780
255175,255798,Fell Cleave,580,1.0,6840,13920,5040,5600,7140,1650,3600,3200,2800,4000,6000,3780
255397,255929,Auto,90,1.0,6930,13920,5040,5600,7140,1650,3600,3200,2800,4000,6000,3780
257675,258298,Fell Cleave,580,1.0,6930,14500,5040,5600,7140,1650,3600,3200,2800,4000,6000,3780
258757,259289,Auto,90,1.0,7020,14500,5040,5600,7140,1650,3600,3200,2800,4000,6000,3780
258300,259450,Primal Wrath,700,1.0,7020,14500,5040,5600,7140,1650,3600,3200,3500,4000,6000,3780
260175,261235,Primal Ruination,800,1.0,7020,14500,5040,5600,7140,1650,3600,4000,3500,4000,6000,3780
262117,262649,Auto,90,1.0,7110,14500,5040,5600,7140,1650,3600,4000,3500,4000,6000,3780
262675,263612,Inner Chaos,700,1.0,7110,14500,5040,6300,7140,1650,3600,4000,3500,4000,6000,3780
265477,266009,Auto,90,1.0,7200,14500,5040,6300,7140,1650,3600,4000,3500,4000,6000,3780
265175,266690,Storm's Path,500,1.0,7200,14500,5040,6300,7140,1650,3600,4000,3500,4000,6500,3780
267675,268298,Fell Cleave,580,1.0,7200,15080,5040,6300,7140,1650,3600,4000,3500,4000,6500,3780
268837,269369,Auto,90,1.0,7290,15080,5040,6300,7140,1650,3600,4000,3500,4000,6500,3780
270175,270707,Heavy Swing,240,1.0,7290,15080,5280,6300,7140,1650,3600,4000,3500,4000,6500,3780
272197,272729,Auto,90,1.0,7380,15080,5280,6300,7140,1650,3600,4000,3500,4000,6500,3780
272675,273298,Maim,340,1.0,7380,15080,5280,6300,7480,1650,3600,4000,3500,4000,6500,3780
275557,276089,Auto,90,1.0,7470,15080,5280,6300,7480,1650,3600,4000,3500,4000,6500,3780
275176,276825,Storm's Eye,500,1.0,7470,15080,5280,6300,7480,1650,3600,4000,3500,4500,6500,3780
277676,278208,Heavy Swing,240,1.0,7470,15080,5520,6300,7480,1650,3600,4000,3500,4500,6500,3780
278301,278924,Upheaval,420,1.0,7470,15080,5520,6300,7480,1650,3600,4000,3500,4500,6500,4200
278917,279449,Auto,90,1.0,7560,15080,5520,6300,7480,1650,3600,4000,3500,4500,6500,4200
280176,280799,Maim,340,1.0,7560,15080,5520,6300,7820,1650,3600,4000,3500,4500,6500,4200
282277,282809,Auto,90,1.0,7650,15080,5520,6300,7820,1650,3600,4000,3500,4500,6500,4200
282676,284191,Storm's Path,500,1.0,7650,15080,5520,6300,7820,1650,3600,4000,3500,4500,7000,4200
285176,285799,Fell Cleave,580,1.0,7650,15660,5520,6300,7820,1650,3600,4000,3500,4500,7000,4200
285637,286169,Auto,90,1.0,7740,15660,5520,6300,7820,1650,3600,4000,3500,4500,7000,4200
287676,288208,Heavy Swing,240,1.0,7740,15660,5760,6300,7820,1650,3600,4000,3500,4500,7000,4200
288997,289529,Auto,90,1.0,7830,15660,5760,6300,7820,1650,3600,4000,3500,4500,7000,4200
290176,290799,Maim,340,1.0,7830,15660,5760,6300,8160,1650,3600,4000,3500,4500,7000,4200
292357,292889,Auto,90,1.0,7920,15660,5760,6300,8160,1650,3600,4000,3500,4500,7000,4200
292676,294191,Storm's Path,500,1.0,7920,15660,5760,6300,8160,1650,3600,4000,3500,4500,7500,4200
295176,295708,Heavy Swing,240,1.0,7920,15660,6000,6300,8160,1650,3600,4000,3500,4500,7500,4200
295717,296249,Auto,90,1.0,8010,15660,6000,6300,8160,1650,3600,4000,3500,4500,7500,4200
297676,298299,Maim,340,1.0,8010,15660,6000,6300,8500,1650,3600,4000,3500,4500,7500,4200
299077,299609,Auto,90,1.0,8100,15660,6000,6300,8500,1650,3600,4000,3500,4500,7500,4200
300176,301825,Storm's Eye,500,1.0,8100,15660,6000,6300,8500,1650,3600,4000,3500,5000,7500,4200
302437,302969,Auto,90,1.0,8190,15660,6000,6300,8500,1650,3600,4000,3500,5000,7500,4200
302676,303299,Fell Cleave,580,1.0,8190,16240,6000,6300,8500,1650,3600,4000,3500,5000,7500,4200
305176,305708,Heavy Swing,240,1.0,8190,16240,6240,6300,8500,1650,3600,4000,3500,5000,7500,4200
305797,306329,Auto,90,1.0,8280,16240,6240,6300,8500,1650,3600,4000,3500,5000,7500,4200
307676,308613,Inner Chaos,700,1.0,8280,16240,6240,7000,8500,1650,3600,4000,3500,5000,7500,4200
308301,308924,Upheaval,420,1.0,8280,16240,6240,7000,8500,1650,3600,4000,3500,5000,7500,4620
308926,309593,Onslaught,150,1.0,8280,16240,6240,7000,8500,1800,3600,4000,3500,5000,7500,4620
309157,309689,Auto,90,1.0,8370,16240,6240,7000,8500,1800,3600,4000,3500,5000,7500,4620
310176,311336,Primal Rend,720,1.0,8370,16240,6240,7000,8500,1800,4320,4000,3500,5000,7500,4620
312517,313049,Auto,90,1.0,8460,16240,6240,7000,8500,1800,4320,4000,3500,5000,7500,4620
312676,313299,Fell Cleave,580,1.0,8460,16820,6240,7000,8500,1800,4320,4000,3500,5000,7500,4620
315176,315799,Fell Cleave,580,1.0,8460,17400,6240,7000,8500,1800,4320,4000,3500,5000,7500,4620
315877,316409,Auto,90,1.0,8550,17400,6240,7000,8500,1800,4320,4000,3500,5000,7500,4620
317676,318299,Fell Cleave,580,1.0,8550,17980,6240,7000,8500,1800,4320,4000,3500,5000,7500,4620
318301,319451,Primal Wrath,700,1.0,8550,17980,6240,7000,8500,1800,4320,4000,4200,5000,7500,4620
319237,319769,Auto,90,1.0,8640,17980,6240,7000,8500,1800,4320,4000,4200,5000,7500,4620
320176,321236,Primal Ruination,800,1.0,8640,17980,6240,7000,8500,1800,4320,4800,4200,5000,7500,4620
322597,323129,Auto,90,1.0,8730,17980,6240,7000,8500,1800,4320,4800,4200,5000,7500,4620
322676,323299,Maim,340,1.0,8730,17980,6240,7000,8840,1800,4320,4800,4200,5000,7500,4620
325957,326489,Auto,90,1.0,8820,17980,6240,7000,8840,1800,4320,4800,4200,5000,7500,4620
325177,326692,Storm's Path,500,1.0,8820,17980,6240,7000,8840,1800,4320,4800,4200,5000,8000,4620
327677,328209,Heavy Swing,240,1.0,8820,17980,6480,7000,8840,1800,4320,4800,4200,5000,8000,4620
329317,329849,Auto,90,1.0,8910,17980,6480,7000,8840,1800,4320,4800,4200,5000,8000,4620
330177,330800,Maim,340,1.0,8910,17980,6480,7000,9180,1800,4320,4800,4200,5000,8000,4620
332677,333209,Auto,90,1.0,9000,17980,6480,7000,9180,1800,4320,4800,4200,5000,8000,4620
332677,334192,Storm's Path,500,1.0,9000,17980,6480,7000,9180,1800,4320,4800,4200,5000,8500,4620
335177,335800,Fell Cleave,580,1.0,9000,18560,6480,7000,9180,1800,4320,4800,4200,5000,8500,4620
336037,336569,Auto,90,1.0,9090,18560,6480,7000,9180,1800,4320,4800,4200,5000,8500,4620
337677,338209,Heavy Swing,240,1.0,9090,18560,6720,7000,9180,1800,4320,4800,4200,5000,8500,4620
338302,338925,Upheaval,420,1.0,9090,18560,6720,7000,9180,1800,4320,4800,4200,5000,8500,5040
339397,339929,Auto,90,1.0,9180,18560,6720,7000,9180,1800,4320,4800,4200,5000,8500,5040
340177,340800,Maim,340,1.0,9180,18560,6720,7000,9520,1800,4320,4800,4200,5000,8500,5040
342757,343289,Auto,90,1.0,9270,18560,6720,7000,9520,1800,4320,4800,4200,5000,8500,5040
342677,344326,Storm's Eye,500,1.0,9270,18560,6720,7000,9520,1800,4320,4800,4200,5500,8500,5040
345177,345709,Heavy Swing,240,1.0,9270,18560,6960,7000,9520,1800,4320,4800,4200,5500,8500,5040
346117,346649,Auto,90,1.0,9360,18560,6960,7000,9520,1800,4320,4800,4200,5500,8500,5040
347677,348300,Maim,340,1.0,9360,18560,6960,7000,9860,1800,4320,4800,4200,5500,8500,5040
349477,350009,Auto,90,1.0,9450,18560,6960,7000,9860,1800,4320,4800,4200,5500,8500,5040
350177,351692,Storm's Path,500,1.0,9450,18560,6960,7000,9860,1800,4320,4800,4200,5500,9000,5040
352677,353209,Heavy Swing,240,1.0,9450,18560,7200,7000,9860,1800,4320,4800,4200,5500,9000,5040
352837,353369,Auto,90,1.0,9540,18560,7200,7000,9860,1800,4320,4800,4200,5500,9000,5040
355177,355800,Maim,340,1.0,9540,18560,7200,7000,10200,1800,4320,4800,4200,5500,9000,5040
356197,356729,Auto,90,1.0,9630,18560,7200,7000,10200,1800,4320,4800,4200,5500,9000,5040
357677,359192,Storm's Path,500,1.0,9630,18560,7200,7000,10200,1800,4320,4800,4200,5500,9500,5040
359557,360089,Auto,90,1.0,9720,18560,7200,7000,10200,1800,4320,4800,4200,5500,9500,5040
360177,360709,Heavy Swing,240,1.0,9720,18560,7440,7000,10200,1800,4320,4800,4200,5500,9500,5040
362677,363300,Maim,340,1.0,9720,18560,7440,7000,10540,1800,4320,4800,4200,5500,9500,5040
362917,363449,Auto,90,1.0,9810,18560,7440,7000,10540,1800,4320,4800,4200,5500,9500,5040
365177,365800,Fell Cleave,580,1.0,9810,19140,7440,7000,10540,1800,4320,4800,4200,5500,9500,5040
366277,366809,Auto,90,1.0,9900,19140,7440,7000,10540,1800,4320,4800,4200,5500,9500,5040
367677,368614,Inner Chaos,700,1.0,9900,19140,7440,7700,10540,1800,4320,4800,4200,5500,9500,5040
368302,368925,Upheaval,420,1.0,9900,19140,7440,7700,10540,1800,4320,4800,4200,5500,9500,5460
368927,369594,Onslaught,150,1.0,9900,19140,7440,7700,10540,1950,4320,4800,4200,5500,9500,5460
369637,370169,Auto,90,1.0,9990,19140,7440,7700,10540,1950,4320,4800,4200,5500,9500,5460
370177,371337,Primal Rend,720,1.0,9990,19140,7440,7700,10540,1950,5040,4800,4200,5500,9500,5460
371377,372044,Onslaught,150,1.0,9990,19140,7440,7700,10540,2100,5040,4800,4200,5500,9500,5460
372677,373300,Fell Cleave,580,1.0,9990,19720,7440,7700,10540,2100,5040,4800,4200,5500,9500,5460
372997,373529,Auto,90,1.0,10080,19720,7440,7700,10540,2100,5040,4800,4200,5500,9500,5460
373302,373969,Onslaught,150,1.0,10080,19720,7440,7700,10540,2250,5040,4800,4200,5500,9500,5460
375178,375801,Fell Cleave,580,1.0,10080,20300,7440,7700,10540,2250,5040,4800,4200,5500,9500,5460
376357,376889,Auto,90,1.0,10170,20300,7440,7700,10540,2250,5040,4800,4200,5500,9500,5460
377678,378301,Fell Cleave,580,1.0,10170,20880,7440,7700,10540,2250,5040,4800,4200,5500,9500,5460
378303,379453,Primal Wrath,700,1.0,10170,20880,7440,7700,10540,2250,5040,4800,4900,5500,9500,5460
379717,380249,Auto,90,1.0,10260,20880,7440,7700,10540,2250,5040,4800,4900,5500,9500,5460
380178,381238,Primal Ruination,800,1.0,10260,20880,7440,7700,10540,2250,5040,5600,4900,5500,9500,5460
383077,383609,Auto,90,1.0,10350,20880,7440,7700,10540,2250,5040,5600,4900,5500,9500,5460
382678,383615,Inner Chaos,700,1.0,10350,20880,7440,8400,10540,2250,5040,5600,4900,5500,9500,5460
385178,385801,Fell Cleave,580,1.0,10350,21460,7440,8400,10540,2250,5040,5600,4900,5500,9500,5460
386437,386969,Auto,90,1.0,10440,21460,7440,8400,10540,2250,5040,5600,4900,5500,9500,5460
387678,389327,Storm's Eye,500,1.0,10440,21460,7440,8400,10540,2250,5040,5600,4900,6000,9500,5460
389797,390329,Auto,90,1.0,10530,21460,7440,8400,10540,2250,5040,5600,4900,6000,9500,5460
390178,390710,Heavy Swing,240,1.0,10530,21460,7680,8400,10540,2250,5040,5600,4900,6000,9500,5460
392678,393301,Maim,340,1.0,10530,21460,7680,8400,10880,2250,5040,5600,4900,6000,9500,5460
393157,393689,Auto,90,1.0,10620,21460,7680,8400,10880,2250,5040,5600,4900,6000,9500,5460
395178,396693,Storm's Path,500,1.0,10620,21460,7680,8400,10880,2250,5040,5600,4900,6000,10000,5460
396517,397049,Auto,90,1.0,10710,21460,7680,8400,10880,2250,5040,5600,4900,6000,10000,5460
397678,398210,Heavy Swing,240,1.0,10710,21460,7920,8400,10880,2250,5040,5600,4900,6000,10000,5460
398303,398926,Upheaval,420,1.0,10710,21460,7920,8400,10880,2250,5040,5600,4900,6000,10000,5880
399877,400409,Auto,90,1.0,10800,21460,7920,8400,10880,2250,5040,5600,4900,6000,10000,5880
400178,400801,Maim,340,1.0,10800,21460,7920,8400,11220,2250,5040,5600,4900,6000,10000,5880
402678,403301,Fell Cleave,580,1.0,10800,22040,7920,8400,11220,2250,5040,5600,4900,6000,10000,5880
403237,403769,Auto,90,1.0,10890,22040,7920,8400,11220,2250,5040,5600,4900,6000,10000,5880
405178,406693,Storm's Path,500,1.0,10890,22040,7920,8400,11220,2250,5040,5600,4900,6000,10500,5880
406597,407129,Auto,90,1.0,10980,22040,7920,8400,11220,2250,5040,5600,4900,6000,10500,5880
407678,408210,Heavy Swing,240,1.0,10980,22040,8160,8400,11220,2250,5040,5600,4900,6000,10500,5880
409957,410489,Auto,90,1.0,11070,22040,8160,8400,11220,2250,5040,5600,4900,6000,10500,5880
410178,410801,Maim,340,1.0,11070,22040,8160,8400,11560,2250,5040,5600,4900,6000,10500,5880
413317,413849,Auto,90,1.0,11160,22040,8160,8400,11560,2250,5040,5600,4900,6000,10500,5880
412678,414327,Storm's Eye,500,1.0,11160,22040,8160,8400,11560,2250,5040,5600,4900,6500,10500,5880
415178,415710,Heavy Swing,240,1.0,11160,22040,8400,8400,11560,2250,5040,5600,4900,6500,10500,5880
416677,417209,Auto,90,1.0,11250,22040,8400,8400,11560,2250,5040,5600,4900,6500,10500,5880
417678,418301,Maim,340,1.0,11250,22040,8400,8400,11900,2250,5040,5600,4900,6500,10500,5880
420037,420569,Auto,90,1.0,11340,22040,8400,8400,11900,2250,5040,5600,4900,6500,10500,5880
420178,420801,Fell Cleave,580,1.0,11340,22620,8400,8400,11900,2250,5040,5600,4900,6500,10500,5880
423397,423929,Auto,90,1.0,11430,22620,8400,8400,11900,2250,5040,5600,4900,6500,10500,5880
422678,424193,Storm's Path,500,1.0,11430,22620,8400,8400,11900,2250,5040,5600,4900,6500,11000,5880
425179,425711,Heavy Swing,240,1.0,11430,22620,8640,8400,11900,2250,5040,5600,4900,6500,11000,5880
426757,427289,Auto,90,1.0,11520,22620,8640,8400,11900,2250,5040,5600,4900,6500,11000,5880
427679,428616,Inner Chaos,700,1.0,11520,22620,8640,9100,11900,2250,5040,5600,4900,6500,11000,5880
428304,428927,Upheaval,420,1.0,11520,22620,8640,9100,11900,2250,5040,5600,4900,6500,11000,6300
428929,429596,Onslaught,150,1.0,11520,22620,8640,9100,11900,2400,5040,5600,4900,6500,11000,6300
430117,430649,Auto,90,1.0,11610,22620,8640,9100,11900,2400,5040,5600,4900,6500,11000,6300
430179,431339,Primal Rend,720,1.0,11610,22620,8640,9100,11900,2400,5760,5600,4900,6500,11000,6300
432679,433302,Fell Cleave,580,1.0,11610,23200,8640,9100,11900,2400,5760,5600,4900,6500,11000,6300
433477,434009,Auto,90,1.0,11700,23200,8640,9100,11900,2400,5760,5600,4900,6500,11000,6300
435179,435802,Fell Cleave,580,1.0,11700,23780,8640,9100,11900,2400,5760,5600,4900,6500,11000,6300
436837,437369,Auto,90,1.0,11790,23780,8640,9100,11900,2400,5760,5600,4900,6500,11000,6300
437679,438302,Fell Cleave,580,1.0,11790,24360,8640,9100,11900,2400,5760,5600,4900,6500,11000,6300
438304,439454,Primal Wrath,700,1.0,11790,24360,8640,9100,11900,2400,5760,5600,5600,6500,11000,6300
440197,440729,Auto,90,1.0,11880,24360,8640,9100,11900,2400,5760,5600,5600,6500,11000,6300
440179,441239,Primal Ruination,800,1.0,11880,24360,8640,9100,11900,2400,5760,6400,5600,6500,11000,6300
442679,443302,Maim,340,1.0,11880,24360,8640,9100,12240,2400,5760,6400,5600,6500,11000,6300
443557,444089,Auto,90,1.0,11970,24360,8640,9100,12240,2400,5760,6400,5600,6500,11000,6300
445179,446694,Storm's Path,500,1.0,11970,24360,8640,9100,12240,2400,5760,6400,5600,6500,11500,6300
446917,447449,Auto,90,1.0,12060,24360,8640,9100,12240,2400,5760,6400,5600,6500,11500,6300
447679,448302,Fell Cleave,580,1.0,12060,24940,8640,9100,12240,2400,5760,6400,5600,6500,11500,6300
450179,450711,Heavy Swing,240,1.0,12060,24940,8880,9100,12240,2400,5760,6400,5600,6500,11500,6300
450277,450809,Auto,90,1.0,12150,24940,8880,9100,12240,2400,5760,6400,5600,6500,11500,6300
452679,453302,Maim,340,1.0,12150,24940,8880,9100,12580,2400,5760,6400,5600,6500,11500,6300
453637,454169,Auto,90,1.0,12240,24940,8880,9100,12580,2400,5760,6400,5600,6500,11500,6300
455179,456828,Storm's Eye,500,1.0,12240,24940,8880,9100,12580,2400,5760,6400,5600,7000,11500,6300
456997,457529,Auto,90,1.0,12330,24940,8880,9100,12580,2400,5760,6400,5600,7000,11500,6300
457679,458211,Heavy Swing,240,1.0,12330,24940,9120,9100,12580,2400,5760,6400,5600,7000,11500,6300
460179,460802,Maim,340,1.0,12330,24940,9120,9100,12920,2400,5760,6400,5600,7000,11500,6300
460357,460889,Auto,90,1.0,12420,24940,9120,9100,12920,2400,5760,6400,5600,7000,11500,6300
462679,464194,Storm's Path,500,1.0,12420,24940,9120,9100,12920,2400,5760,6400,5600,7000,12000,6300
463717,464249,Auto,90,1.0,12510,24940,9120,9100,12920,2400,5760,6400,5600,7000,12000,6300
465179,465802,Fell Cleave,580,1.0,12510,25520,9120,9100,12920,2400,5760,6400,5600,7000,12000,6300
467077,467609,Auto,90,1.0,12600,25520,9120,9100,12920,2400,5760,6400,5600,7000,12000,6300
467679,468211,Heavy Swing,240,1.0,12600,25520,9360,9100,12920,2400,5760,6400,5600,7000,12000,6300
470179,470802,Maim,340,1.0,12600,25520,9360,9100,13260,2400,5760,6400,5600,7000,12000,6300
470437,470969,Auto,90,1.0,12690,25520,9360,9100,13260,2400,5760,6400,5600,7000,12000,6300
472679,474194,Storm's Path,500,1.0,12690,25520,9360,9100,13260,2400,5760,6400,5600,7000,12500,6300
473797,474329,Auto,90,1.0,12780,25520,9360,9100,13260,2400,5760,6400,5600,7000,12500,6300
475180,475712,Heavy Swing,240,1.0,12780,25520,9600,9100,13260,2400,5760,6400,5600,7000,12500,6300
477157,477689,Auto,90,1.0,12870,25520,9600,9100,13260,2400,5760,6400,5600,7000,12500,6300
477680,478303,Maim,340,1.0,12870,25520,9600,9100,13600,2400,5760,6400,5600,7000,12500,6300
480517,481049,Auto,90,1.0,12960,25520,9600,9100,13600,2400,5760,6400,5600,7000,12500,6300
480180,481829,Storm's Eye,500,1.0,12960,25520,9600,9100,13600,2400,5760,6400,5600,7500,12500,6300
482680,483212,Heavy Swing,240,1.0,12960,25520,9840,9100,13600,2400,5760,6400,5600,7500,12500,6300
483877,484409,Auto,90,1.0,13050,25520,9840,9100,13600,2400,5760,6400,5600,7500,12500,6300
485180,485803,Fell Cleave,580,1.0,13050,26100,9840,9100,13600,2400,5760,6400,5600,7500,12500,6300
487237,487769,Auto,90,1.0,13140,26100,9840,9100,13600,2400,5760,6400,5600,7500,12500,6300
487680,488617,Inner Chaos,700,1.0,13140,26100,9840,9800,13600,2400,5760,6400,5600,7500,12500,6300
488305,488928,Upheaval,420,1.0,13140,26100,9840,9800,13600,2400,5760,6400,5600,7500,12500,6720
488930,489597,Onslaught,150,1.0,13140,26100,9840,9800,13600,2550,5760,6400,5600,7500,12500,6720
490597,491129,Auto,90,1.0,13230,26100,9840,9800,13600,2550,5760,6400,5600,7500,12500,6720
490180,491340,Primal Rend,720,1.0,13230,26100,9840,9800,13600,2550,6480,6400,5600,7500,12500,6720
491380,492047,Onslaught,150,1.0,13230,26100,9840,9800,13600,2700,6480,6400,5600,7500,12500,6720
492680,493303,Fell Cleave,580,1.0,13230,26680,9840,9800,13600,2700,6480,6400,5600,7500,12500,6720
493305,493972,Onslaught,150,1.0,13230,26680,9840,9800,13600,2850,6480,6400,5600,7500,12500,6720
493957,494489,Auto,90,1.0,13320,26680,9840,9800,13600,2850,6480,6400,5600,7500,12500,6720
495180,495803,Fell Cleave,580,1.0,13320,27260,9840,9800,13600,2850,6480,6400,5600,7500,12500,6720
497317,497849,Auto,90,1.0,13410,27260,9840,9800,13600,2850,6480,6400,5600,7500,12500,6720
497680,498303,Fell Cleave,580,1.0,13410,27840,9840,9800,13600,2850,6480,6400,5600,7500,12500,6720
498305,499455,Primal Wrath,700,1.0,13410,27840,9840,9800,13600,2850,6480,6400,6300,7500,12500,6720
500677,501209,Auto,90,1.0,13500,27840,9840,9800,13600,2850,6480,6400,6300,7500,12500,6720
500180,501240,Primal Ruination,800,1.0,13500,27840,9840,9800,13600,2850,6480,7200,6300,7500,12500,6720
502680,503617,Inner Chaos,700,1.0,13500,27840,9840,10500,13600,2850,6480,7200,6300,7500,12500,6720
504037,504569,Auto,90,1.0,13590,27840,9840,10500,13600,2850,6480,7200,6300,7500,12500,6720
505180,505803,Maim,340,1.0,13590,27840,9840,10500,13940,2850,6480,7200,6300,7500,12500,6720
507397,507929,Auto,90,1.0,13680,27840,9840,10500,13940,2850,6480,7200,6300,7500,12500,6720
507680,509195,Storm's Path,500,1.0,13680,27840,9840,10500,13940,2850,6480,7200,6300,7500,13000,6720
510180,510712,Heavy Swing,240,1.0,13680,27840,10080,10500,13940,2850,6480,7200,6300,7500,13000,6720
510757,511289,Auto,90,1.0,13770,27840,10080,10500,13940,2850,6480,7200,6300,7500,13000,6720
512679,513302,Maim,340,1.0,13770,27840,10080,10500,14280,2850,6480,7200,6300,7500,13000,6720
514117,514649,Auto,90,1.0,13860,27840,10080,10500,14280,2850,6480,7200,6300,7500,13000,6720
515179,516694,Storm's Path,500,1.0,13860,27840,10080,10500,14280,2850,6480,7200,6300,7500,13500,6720
517477,518009,Auto,90,1.0,13950,27840,10080,10500,14280,2850,6480,7200,6300,7500,13500,6720
517679,518302,Fell Cleave,580,1.0,13950,28420,10080,10500,14280,2850,6480,7200,6300,7500,13500,6720
518304,518927,Upheaval,420,1.0,13950,28420,10080,10500,14280,2850,6480,7200,6300,7500,13500,7140
520179,520711,Heavy Swing,240,1.0,13950,28420,10320,10500,14280,2850,6480,7200,6300,7500,13500,7140
520837,521369,Auto,90,1.0,14040,28420,10320,10500,14280,2850,6480,7200,6300,7500,13500,7140
522679,523302,Maim,340,1.0,14040,28420,10320,10500,14620,2850,6480,7200,6300,7500,13500,7140
524197,524729,Auto,90,1.0,14130,28420,10320,10500,14620,2850,6480,7200,6300,7500,13500,7140
525181,526830,Storm's Eye,500,1.0,14130,28420,10320,10500,14620,2850,6480,7200,6300,8000,13500,7140
527557,528089,Auto,90,1.0,14220,28420,10320,10500,14620,2850,6480,7200,6300,8000,13500,7140
527681,528213,Heavy Swing,240,1.0,14220,28420,10560,10500,14620,2850,6480,7200,6300,8000,13500,7140
530181,530804,Maim,340,1.0,14220,28420,10560,10500,14960,2850,6480,7200,6300,8000,13500,7140
530917,531449,Auto,90,1.0,14310,28420,10560,10500,14960,2850,6480,7200,6300,8000,13500,7140
532681,534196,Storm's Path,500,1.0,14310,28420,10560,10500,14960,2850,6480,7200,6300,8000,14000,7140
534277,534809,Auto,90,1.0,14400,28420,10560,10500,14960,2850,6480,7200,6300,8000,14000,7140
535181,535804,Fell Cleave,580,1.0,14400,29000,10560,10500,14960,2850,6480,7200,6300,8000,14000,7140
537637,538169,Auto,90,1.0,14490,29000,10560,10500,14960,2850,6480,7200,6300,8000,14000,7140
537681,538213,Heavy Swing,240,1.0,14490,29000,10800,10500,14960,2850,6480,7200,6300,8000,14000,7140
540181,540804,Maim,340,1.0,14490,29000,10800,10500,15300,2850,6480,7200,6300,8000,14000,7140
540997,541529,Auto,90,1.0,14580,29000,10800,10500,15300,2850,6480,7200,6300,8000,14000,7140
542681,544196,Storm's Path,500,1.0,14580,29000,10800,10500,15300,2850,6480,7200,6300,8000,14500,7140
544357,544889,Auto,90,1.0,14670,29000,10800,10500,15300,2850,6480,7200,6300,8000,14500,7140
545181,545713,Heavy Swing,240,1.0,14670,29000,11040,10500,15300,2850,6480,7200,6300,8000,14500,7140
547717,548249,Auto,90,1.0,14760,29000,11040,10500,15300,2850,6480,7200,6300,8000,14500,7140
547681,548618,Inner Chaos,700,1.0,14760,29000,11040,11200,15300,2850,6480,7200,6300,8000,14500,7140
548306,548929,Upheaval,420,1.0,14760,29000,11040,11200,15300,2850,6480,7200,6300,8000,14500,7560
548931,549598,Onslaught,150,1.0,14760,29000,11040,11200,15300,3000,6480,7200,6300,8000,14500,7560
550181,551341,Primal Rend,720,1.0,14760,29000,11040,11200,15300,3000,7200,7200,6300,8000,14500,7560
551077,551609,Auto,90,1.0,14850,29000,11040,11200,15300,3000,7200,7200,6300,8000,14500,7560
552681,553304,Fell Cleave,580,1.0,14850,29580,11040,11200,15300,3000,7200,7200,6300,8000,14500,7560
554437,554969,Auto,90,1.0,14940,29580,11040,11200,15300,3000,7200,7200,6300,8000,14500,7560
555181,555804,Fell Cleave,580,1.0,14940,30160,11040,11200,15300,3000,7200,7200,6300,8000,14500,7560
557681,558304,Fell Cleave,580,1.0,14940,30740,11040,11200,15300,3000,7200,7200,6300,8000,14500,7560
557797,558329,Auto,90,1.0,15030,30740,11040,11200,15300,3000,7200,7200,6300,8000,14500,7560
558306,559456,Primal Wrath,700,1.0,15030,30740,11040,11200,15300,3000,7200,7200,7000,8000,14500,7560
560181,561241,Primal Ruination,800,1.0,15030,30740,11040,11200,15300,3000,7200,8000,7000,8000,14500,7560
561157,561689,Auto,90,1.0,15120,30740,11040,11200,15300,3000,7200,8000,7000,8000,14500,7560
562681,563304,Maim,340,1.0,15120,30740,11040,11200,15640,3000,7200,8000,7000,8000,14500,7560
564517,565049,Auto,90,1.0,15210,30740,11040,11200,15640,3000,7200,8000,7000,8000,14500,7560
565181,565804,Fell Cleave,580,1.0,15210,31320,11040,11200,15640,3000,7200,8000,7000,8000,14500,7560
567877,568409,Auto,90,1.0,15300,31320,11040,11200,15640,3000,7200,8000,7000,8000,14500,7560
567681,569330,Storm's Eye,500,1.0,15300,31320,11040,11200,15640,3000,7200,8000,7000,8500,14500,7560
570181,570713,Heavy Swing,240,1.0,15300,31320,11280,11200,15640,3000,7200,8000,7000,8500,14500,7560
571237,571769,Auto,90,1.0,15390,31320,11280,11200,15640,3000,7200,8000,7000,8500,14500,7560
572681,573304,Maim,340,1.0,15390,31320,11280,11200,15980,3000,7200,8000,7000,8500,14500,7560
574597,575129,Auto,90,1.0,15480,31320,11280,11200,15980,3000,7200,8000,7000,8500,14500,7560
575182,576697,Storm's Path,500,1.0,15480,31320,11280,11200,15980,3000,7200,8000,7000,8500,15000,7560
577682,578214,Heavy Swing,240,1.0,15480,31320,11520,11200,15980,3000,7200,8000,7000,8500,15000,7560
577957,578489,Auto,90,1.0,15570,31320,11520,11200,15980,3000,7200,8000,7000,8500,15000,7560
578307,578930,Upheaval,420,1.0,15570,31320,11520,11200,15980,3000,7200,8000,7000,8500,15000,7980
580182,580805,Maim,340,1.0,15570,31320,11520,11200,16320,3000,7200,8000,7000,8500,15000,7980
581317,581849,Auto,90,1.0,15660,31320,11520,11200,16320,3000,7200,8000,7000,8500,15000,7980
582682,583305,Fell Cleave,580,1.0,15660,31900,11520,11200,16320,3000,7200,8000,7000,8500,15000,7980
584677,585209,Auto,90,1.0,15750,31900,11520,11200,16320,3000,7200,8000,7000,8500,15000,7980
585182,586697,Storm's Path,500,1.0,15750,31900,11520,11200,16320,3000,7200,8000,7000,8500,15500,7980
587682,588214,Heavy Swing,240,1.0,15750,31900,11760,11200,16320,3000,7200,8000,7000,8500,15500,7980
588037,588569,Auto,90,1.0,15840,31900,11760,11200,16320,3000,7200,8000,7000,8500,15500,7980
590182,590805,Maim,340,1.0,15840,31900,11760,11200,16660,3000,7200,8000,7000,8500,15500,7980
591397,591929,Auto,90,1.0,15930,31900,11760,11200,16660,3000,7200,8000,7000,8500,15500,7980
592682,594331,Storm's Eye,500,1.0,15930,31900,11760,11200,16660,3000,7200,8000,7000,9000,15500,7980
594757,595289,Auto,90,1.0,16020,31900,11760,11200,16660,3000,7200,8000,7000,9000,15500,7980
595182,595714,Heavy Swing,240,1.0,16020,31900,12000,11200,16660,3000,7200,8000,7000,9000,15500,7980
597682,598305,Maim,340,1.0,16020,31900,12000,11200,17000,3000,7200,8000,7000,9000,15500,7980
598117,598649,Auto,90,1.0,16110,31900,12000,11200,17000,3000,7200,8000,7000,9000,15500,7980
600182,600805,Fell Cleave,580,1.0,16110,32480,12000,11200,17000,3000,7200,8000,7000,9000,15500,7980
601477,602009,Auto,90,1.0,16200,32480,12000,11200,17000,3000,7200,8000,7000,9000,15500,7980
602682,604197,Storm's Path,500,1.0,16200,32480,12000,11200,17000,3000,7200,8000,7000,9000,16000,7980
604837,605369,Auto,90,1.0,16290,32480,12000,11200,17000,3000,7200,8000,7000,9000,16000,7980
605182,605714,Heavy Swing,240,1.0,16290,32480,12240,11200,17000,3000,7200,8000,7000,9000,16000,7980
607682,608619,Inner Chaos,700,1.0,16290,32480,12240,11900,17000,3000,7200,8000,7000,9000,16000,7980
608197,608729,Auto,90,1.0,16380,32480,12240,11900,17000,3000,7200,8000,7000,9000,16000,7980
608307,608930,Upheaval,420,1.0,16380,32480,12240,11900,17000,3000,7200,8000,7000,9000,16000,8400
608932,609599,Onslaught,150,1.0,16380,32480,12240,11900,17000,3150,7200,8000,7000,9000,16000,8400
610182,611342,Primal Rend,720,1.0,16380,32480,12240,11900,17000,3150,7920,8000,7000,9000,16000,8400
611382,612049,Onslaught,150,1.0,16380,32480,12240,11900,17000,3300,7920,8000,7000,9000,16000,8400
611557,612089,Auto,90,1.0,16470,32480,12240,11900,17000,3300,7920,8000,7000,9000,16000,8400
612682,613305,Fell Cleave,580,1.0,16470,33060,12240,11900,17000,3300,7920,8000,7000,9000,16000,8400
613307,613974,Onslaught,150,1.0,16470,33060,12240,11900,17000,3450,7920,8000,7000,9000,16000,8400
614917,615449,Auto,90,1.0,16560,33060,12240,11900,17000,3450,7920,8000,7000,9000,16000,8400
615182,615805,Fell Cleave,580,1.0,16560,33640,12240,11900,17000,3450,7920,8000,7000,9000,16000,8400
617682,618305,Fell Cleave,580,1.0,16560,34220,12240,11900,17000,3450,7920,8000,7000,9000,16000,8400
618277,618809,Auto,90,1.0,16650,34220,12240,11900,17000,3450,7920,8000,7000,9000,16000,8400
618307,619457,Primal Wrath,700,1.0,16650,34220,12240,11900,17000,3450,7920,8000,7700,9000,16000,8400
620182,621242,Primal Ruination,800,1.0,16650,34220,12240,11900,17000,3450,7920,8800,7700,9000,16000,8400
621637,622169,Auto,90,1.0,16740,34220,12240,11900,17000,3450,7920,8800,7700,9000,16000,8400
622682,623619,Inner Chaos,700,1.0,16740,34220,12240,12600,17000,3450,7920,8800,7700,9000,16000,8400
624997,625529,Auto,90,1.0,16830,34220,12240,12600,17000,3450,7920,8800,7700,9000,16000,8400
625183,625806,Maim,340,1.0,16830,34220,12240,12600,17340,3450,7920,8800,7700,9000,16000,8400
628357,628889,Auto,90,1.0,16920,34220,12240,12600,17340,3450,7920,8800,7700,9000,16000,8400
627683,629198,Storm's Path,500,1.0,16920,34220,12240,12600,17340,3450,7920,8800,7700,9000,16500,8400
630183,630806,Fell Cleave,580,1.0,16920,34800,12240,12600,17340,3450,7920,8800,7700,9000,16500,8400
631717,632249,Auto,90,1.0,17010,34800,12240,12600,17340,3450,7920,8800,7700,9000,16500,8400
632683,633620,Inner Chaos,700,1.0,17010,34800,12240,13300,17340,3450,7920,8800,7700,9000,16500,8400
635077,635609,Auto,90,1.0,17100,34800,12240,13300,17340,3450,7920,8800,7700,9000,16500,8400
635183,635715,Heavy Swing,240,1.0,17100,34800,12480,13300,17340,3450,7920,8800,7700,9000,16500,8400
637683,638306,Maim,340,1.0,17100,34800,12480,13300,17680,3450,7920,8800,7700,9000,16500,8400
638308,638931,Upheaval,420,1.0,17100,34800,12480,13300,17680,3450,7920,8800,7700,9000,16500,8820
638437,638969,Auto,90,1.0,17190,34800,12480,13300,17680,3450,7920,8800,7700,9000,16500,8820
640183,641832,Storm's Eye,500,1.0,17190,34800,12480,13300,17680,3450,7920,8800,7700,9500,16500,8820
641797,642329,Auto,90,1.0,17280,34800,12480,13300,17680,3450,7920,8800,7700,9500,16500,8820
642683,643215,Heavy Swing,240,1.0,17280,34800,12720,13300,17680,3450,7920,8800,7700,9500,16500,8820
645157,645689,Auto,90,1.0,17370,34800,12720,13300,17680,3450,7920,8800,7700,9500,16500,8820
645183,645806,Maim,340,1.0,17370,34800,12720,13300,18020,3450,7920,8800,7700,9500,16500,8820
648517,649049,Auto,90,1.0,17460,34800,12720,13300,18020,3450,7920,8800,7700,9500,16500,8820
647683,649198,Storm's Path,500,1.0,17460,34800,12720,13300,18020,3450,7920,8800,7700,9500,17000,8820
650183,650806,Fell Cleave,580,1.0,17460,35380,12720,13300,18020,3450,7920,8800,7700,9500,17000,8820
651877,652409,Auto,90,1.0,17550,35380,12720,13300,18020,3450,7920,8800,7700,9500,17000,8820
652683,653215,Heavy Swing,240,1.0,17550,35380,12960,13300,18020,3450,7920,8800,7700,9500,17000,8820
655237,655769,Auto,90,1.0,17640,35380,12960,13300,18020,3450,7920,8800,7700,9500,17000,8820
655183,655806,Maim,340,1.0,17640,35380,12960,13300,18360,3450,7920,8800,7700,9500,17000,8820
658597,659129,Auto,90,1.0,17730,35380,12960,13300,18360,3450,7920,8800,7700,9500,17000,8820
657683,659198,Storm's Path,500,1.0,17730,35380,12960,13300,18360,3450,7920,8800,7700,9500,17500,8820
660183,660715,Heavy Swing,240,1.0,17730,35380,13200,13300,18360,3450,7920,8800,7700,9500,17500,8820
661957,662489,Auto,90,1.0,17820,35380,13200,13300,18360,3450,7920,8800,7700,9500,17500,8820
662683,663306,Maim,340,1.0,17820,35380,13200,13300,18700,3450,7920,8800,7700,9500,17500,8820
665317,665849,Auto,90,1.0,17910,35380,13200,13300,18700,3450,7920,8800,7700,9500,17500,8820
665183,666698,Storm's Path,500,1.0,17910,35380,13200,13300,18700,3450,7920,8800,7700,9500,18000,8820
667683,668306,Fell Cleave,580,1.0,17910,35960,13200,13300,18700,3450,7920,8800,7700,9500,18000,8820
668308,668931,Upheaval,420,1.0,17910,35960,13200,13300,18700,3450,7920,8800,7700,9500,18000,9240
668677,669209,Auto,90,1.0,18000,35960,13200,13300,18700,3450,7920,8800,7700,9500,18000,9240
668933,669600,Onslaught,150,1.0,18000,35960,13200,13300,18700,3600,7920,8800,7700,9500,18000,9240
670183,671343,Primal Rend,720,1.0,18000,35960,13200,13300,18700,3600,8640,8800,7700,9500,18000,9240
672037,672569,Auto,90,1.0,18090,35960,13200,13300,18700,3600,8640,8800,7700,9500,18000,9240
672683,673306,Fell Cleave,580,1.0,18090,36540,13200,13300,18700,3600,8640,8800,7700,9500,18000,9240
675184,675807,Fell Cleave,580,1.0,18090,37120,13200,13300,18700,3600,8640,8800,7700,9500,18000,9240
675397,675929,Auto,90,1.0,18180,37120,13200,13300,18700,3600,8640,8800,7700,9500,18000,9240
675809,676959,Primal Wrath,700,1.0,18180,37120,13200,13300,18700,3600,8640,8800,8400,9500,18000,9240
677684,678744,Primal Ruination,800,1.0,18180,37120,13200,13300,18700,3600,8640,9600,8400,9500,18000,9240
678757,679289,Auto,90,1.0,18270,37120,13200,13300,18700,3600,8640,9600,8400,9500,18000,9240
680184,680807,Fell Cleave,580,1.0,18270,37700,13200,13300,18700,3600,8640,9600,8400,9500,18000,9240
682117,682649,Auto,90,1.0,18360,37700,13200,13300,18700,3600,8640,9600,8400,9500,18000,9240
682684,683216,Heavy Swing,240,1.0,18360,37700,13440,13300,18700,3600,8640,9600,8400,9500,18000,9240
685184,685807,Maim,340,1.0,18360,37700,13440,13300,19040,3600,8640,9600,8400,9500,18000,9240
685477,686009,Auto,90,1.0,18450,37700,13440,13300,19040,3600,8640,9600,8400,9500,18000,9240
687684,689333,Storm's Eye,500,1.0,18450,37700,13440,13300,19040,3600,8640,9600,8400,10000,18000,9240
688837,689369,Auto,90,1.0,18540,37700,13440,13300,19040,3600,8640,9600,8400,10000,18000,9240
690184,690716,Heavy Swing,240,1.0,18540,37700,13680,13300,19040,3600,8640,9600,8400,10000,18000,9240
692197,692729,Auto,90,1.0,18630,37700,13680,13300,19040,3600,8640,9600,8400,10000,18000,9240
692684,693307,Maim,340,1.0,18630,37700,13680,13300,19380,3600,8640,9600,8400,10000,18000,9240
695557,696089,Auto,90,1.0,18720,37700,13680,13300,19380,3600,8640,9600,8400,10000,18000,9240
695184,696699,Storm's Path,500,1.0,18720,37700,13680,13300,19380,3600,8640,9600,8400,10000,18500,9240
697684,698307,Fell Cleave,580,1.0,18720,38280,13680,13300,19380,3600,8640,9600,8400,10000,18500,9240
698309,698932,Upheaval,420,1.0,18720,38280,13680,13300,19380,3600,8640,9600,8400,10000,18500,9660
698917,699449,Auto,90,1.0,18810,38280,13680,13300,19380,3600,8640,9600,8400,10000,18500,9660
700184,700716,Heavy Swing,240,1.0,18810,38280,13920,13300,19380,3600,8640,9600,8400,10000,18500,9660
702277,702809,Auto,90,1.0,18900,38280,13920,13300,19380,3600,8640,9600,8400,10000,18500,9660
702684,703307,Maim,340,1.0,18900,38280,13920,13300,19720,3600,8640,9600,8400,10000,18500,9660
705637,706169,Auto,90,1.0,18990,38280,13920,13300,19720,3600,8640,9600,8400,10000,18500,9660
705184,706699,Storm's Path,500,1.0,18990,38280,13920,13300,19720,3600,8640,9600,8400,10000,19000,9660
707684,708216,Heavy Swing,240,1.0,18990,38280,14160,13300,19720,3600,8640,9600,8400,10000,19000,9660
708997,709529,Auto,90,1.0,19080,38280,14160,13300,19720,3600,8640,9600,8400,10000,19000,9660
710184,710807,Maim,340,1.0,19080,38280,14160,13300,20060,3600,8640,9600,8400,10000,19000,9660
712357,712889,Auto,90,1.0,19170,38280,14160,13300,20060,3600,8640,9600,8400,10000,19000,9660
712684,713307,Fell Cleave,580,1.0,19170,38860,14160,13300,20060,3600,8640,9600,8400,10000,19000,9660
715717,716249,Auto,90,1.0,19260,38860,14160,13300,20060,3600,8640,9600,8400,10000,19000,9660
715184,716833,Storm's Eye,500,1.0,19260,38860,14160,13300,20060,3600,8640,9600,8400,10500,19000,9660
717684,718216,Heavy Swing,240,1.0,19260,38860,14400,13300,20060,3600,8640,9600,8400,10500,19000,9660
719077,719609,Auto,90,1.0,19350,38860,14400,13300,20060,3600,8640,9600,8400,10500,19000,9660
720184,720807,Maim,340,1.0,19350,38860,14400,13300,20400,3600,8640,9600,8400,10500,19000,9660
722437,722969,Auto,90,1.0,19440,38860,14400,13300,20400,3600,8640,9600,8400,10500,19000,9660
722684,724199,Storm's Path,500,1.0,19440,38860,14400,13300,20400,3600,8640,9600,8400,10500,19500,9660
725185,725717,Heavy Swing,240,1.0,19440,38860,14640,13300,20400,3600,8640,9600,8400,10500,19500,9660
725797,726329,Auto,90,1.0,19530,38860,14640,13300,20400,3600,8640,9600,8400,10500,19500,9660
727685,728622,Inner Chaos,700,1.0,19530,38860,14640,14000,20400,3600,8640,9600,8400,10500,19500,9660
728310,728933,Upheaval,420,1.0,19530,38860,14640,14000,20400,3600,8640,9600,8400,10500,19500,10080
728935,729602,Onslaught,150,1.0,19530,38860,14640,14000,20400,3750,8640,9600,8400,10500,19500,10080
729157,729689,Auto,90,1.0,19620,38860,14640,14000,20400,3750,8640,9600,8400,10500,19500,10080
730185,731345,Primal Rend,720,1.0,19620,38860,14640,14000,20400,3750,9360,9600,8400,10500,19500,10080
731385,732052,Onslaught,150,1.0,19620,38860,14640,14000,20400,3900,9360,9600,8400,10500,19500,10080
732517,733049,Auto,90,1.0,19710,38860,14640,14000,20400,3900,9360,9600,8400,10500,19500,10080
732685,733308,Fell Cleave,580,1.0,19710,39440,14640,14000,20400,3900,9360,9600,8400,10500,19500,10080
733310,733977,Onslaught,150,1.0,19710,39440,14640,14000,20400,4050,9360,9600,8400,10500,19500,10080
735185,735808,Fell Cleave,580,1.0,19710,40020,14640,14000,20400,4050,9360,9600,8400,10500,19500,10080
735877,736409,Auto,90,1.0,19800,40020,14640,14000,20400,4050,9360,9600,8400,10500,19500,10080
737685,738308,Fell Cleave,580,1.0,19800,40600,14640,14000,20400,4050,9360,9600,8400,10500,19500,10080
738310,739460,Primal Wrath,700,1.0,19800,40600,14640,14000,20400,4050,9360,9600,9100,10500,19500,10080
739237,739769,Auto,90,1.0,19890,40600,14640,14000,20400,4050,9360,9600,9100,10500,19500,10080
740185,741245,Primal Ruination,800,1.0,19890,40600,14640,14000,20400,4050,9360,10400,9100,10500,19500,10080
742597,743129,Auto,90,1.0,19980,40600,14640,14000,20400,4050,9360,10400,9100,10500,19500,10080
742685,743622,Inner Chaos,700,1.0,19980,40600,14640,14700,20400,4050,9360,10400,9100,10500,19500,10080
745185,745808,Maim,340,1.0,19980,40600,14640,14700,20740,4050,9360,10400,9100,10500,19500,10080
745957,746489,Auto,90,1.0,20070,40600,14640,14700,20740,4050,9360,10400,9100,10500,19500,10080
747685,748308,Fell Cleave,580,1.0,20070,41180,14640,14700,20740,4050,9360,10400,9100,10500,19500,10080
749317,749849,Auto,90,1.0,20160,41180,14640,14700,20740,4050,9360,10400,9100,10500,19500,10080
750185,751122,Inner Chaos,700,1.0,20160,41180,14640,15400,20740,4050,9360,10400,9100,10500,19500,10080
752677,753209,Auto,90,1.0,20250,41180,14640,15400,20740,4050,9360,10400,9100,10500,19500,10080
752685,754200,Storm's Path,500,1.0,20250,41180,14640,15400,20740,4050,9360,10400,9100,10500,20000,10080
