sim_timestamp,sim_damage_timestamp,sim_name,sim_potency,sim_weight,Auto,Blizzard III,Blizzard IV,Despair,Fire III,Fire IV,Flare Star,High Thunder,Paradox,Thunder (dot),Xenoglossy
-1200,590,Fire III,290,1.0,0,0,0,0,290,0,0,0,0,0,0
590,1122,Auto,90,1.0,90,0,0,0,290,0,0,0,0,0,0
1050,1810,High Thunder,150,1.0,90,0,0,0,290,0,0,150,0,0,0
1550,2710,Fire IV,300,1.0,90,0,0,0,290,300,0,150,0,0,0
1050,4500,Thunder (dot),60,1.0,90,0,0,0,290,300,0,150,0,60,0
5160,5692,Auto,90,1.0,180,0,0,0,290,300,0,150,0,60,0
4660,5820,Fire IV,300,1.0,180,0,0,0,290,600,0,150,0,60,0
1050,7500,Thunder (dot),60,1.0,180,0,0,0,290,600,0,150,0,120,0
6490,7650,Fire IV,300,1.0,180,0,0,0,290,900,0,150,0,120,0
8820,9352,Auto,90,1.0,270,0,0,0,290,900,0,150,0,120,0
8320,9480,Fire IV,300,1.0,270,0,0,0,290,1200,0,150,0,120,0
1050,10500,Thunder (dot),60,1.0,270,0,0,0,290,1200,0,150,0,180,0
10150,11310,Fire IV,300,1.0,270,0,0,0,290,1500,0,150,0,180,0
11020,11640,Xenoglossy,890,1.0,270,0,0,0,290,1500,0,150,0,180,890
11600,12132,Auto,90,1.0,360,0,0,0,290,1500,0,150,0,180,890
1050,13500,Thunder (dot),60,1.0,360,0,0,0,290,1500,0,150,0,240,890
14380,14912,Auto,90,1.0,450,0,0,0,290,1500,0,150,0,240,890
13810,14970,Fire IV,300,1.0,450,0,0,0,290,1800,0,150,0,240,890
15641,16261,Flare Star,500,1.0,450,0,0,0,290,1800,500,150,0,240,890
1050,16500,Thunder (dot),60,1.0,450,0,0,0,290,1800,500,150,0,300,890
17971,18503,Auto,90,1.0,540,0,0,0,290,1800,500,150,0,300,890
17471,18631,Fire IV,300,1.0,540,0,0,0,290,2100,500,150,0,300,890
1050,19500,Thunder (dot),60,1.0,540,0,0,0,290,2100,500,150,0,360,890
19301,20461,Fire IV,300,1.0,540,0,0,0,290,2400,500,150,0,360,890
21631,22163,Auto,90,1.0,630,0,0,0,290,2400,500,150,0,360,890
21131,22291,Fire IV,300,1.0,630,0,0,0,290,2700,500,150,0,360,890
1050,22500,Thunder (dot),60,1.0,630,0,0,0,290,2700,500,150,0,420,890
22961,24121,Fire IV,300,1.0,630,0,0,0,290,3000,500,150,0,420,890
1050,25500,Thunder (dot),60,1.0,630,0,0,0,290,3000,500,150,0,480,890
25481,26241,High Thunder,150,1.0,630,0,0,0,290,3000,500,300,0,480,890
25981,26513,Auto,90,1.0,720,0,0,0,290,3000,500,300,0,480,890
27201,28361,Fire IV,300,1.0,720,0,0,0,290,3300,500,300,0,480,890
25481,28500,Thunder (dot),60,1.0,720,0,0,0,290,3300,500,300,0,540,890
29851,30383,Auto,90,1.0,810,0,0,0,290,3300,500,300,0,540,890
29351,30511,Fire IV,300,1.0,810,0,0,0,290,3600,500,300,0,540,890
25481,31500,Thunder (dot),60,1.0,810,0,0,0,290,3600,500,300,0,600,890
31501,32121,Flare Star,500,1.0,810,0,0,0,290,3600,1000,300,0,600,890
32430,32920,Despair,350,1.0,810,0,0,350,290,3600,1000,300,0,600,890
33131,33663,Auto,90,1.0,900,0,0,350,290,3600,1000,300,0,600,890
25481,34500,Thunder (dot),60,1.0,900,0,0,350,290,3600,1000,300,0,660,890
34581,35421,Blizzard III,290,1.0,900,290,0,350,290,3600,1000,300,0,660,890
36411,36943,Auto,90,1.0,990,290,0,350,290,3600,1000,300,0,660,890
25481,37500,Thunder (dot),60,1.0,990,290,0,350,290,3600,1000,300,0,720,890
36731,37891,Blizzard IV,300,1.0,990,290,300,350,290,3600,1000,300,0,720,890
38881,39551,Paradox,540,1.0,990,290,300,350,290,3600,1000,300,540,720,890
39691,40223,Auto,90,1.0,1080,290,300,350,290,3600,1000,300,540,720,890
25481,40500,Thunder (dot),60,1.0,1080,290,300,350,290,3600,1000,300,540,780,890
41031,41701,Paradox,540,1.0,1080,290,300,350,290,3600,1000,300,1080,780,890
25481,43500,Thunder (dot),60,1.0,1080,290,300,350,290,3600,1000,300,1080,840,890
42971,43503,Auto,90,1.0,1170,290,300,350,290,3600,1000,300,1080,840,890
43181,44471,Fire III,290,1.0,1170,290,300,350,580,3600,1000,300,1080,840,890
25481,46500,Thunder (dot),60,1.0,1170,290,300,350,580,3600,1000,300,1080,900,890
46791,47323,Auto,90,1.0,1260,290,300,350,580,3600,1000,300,1080,900,890
46291,47451,Fire IV,300,1.0,1260,290,300,350,580,3900,1000,300,1080,900,890
48121,49281,Fire IV,300,1.0,1260,290,300,350,580,4200,1000,300,1080,900,890
25481,49500,Thunder (dot),60,1.0,1260,290,300,350,580,4200,1000,300,1080,960,890
50451,50983,Auto,90,1.0,1350,290,300,350,580,4200,1000,300,1080,960,890
49951,51111,Fire IV,300,1.0,1350,290,300,350,580,4500,1000,300,1080,960,890
25481,52500,Thunder (dot),60,1.0,1350,290,300,350,580,4500,1000,300,1080,1020,890
51781,52941,Fire IV,300,1.0,1350,290,300,350,580,4800,1000,300,1080,1020,890
54111,54643,Auto,90,1.0,1440,290,300,350,580,4800,1000,300,1080,1020,890
53611,54771,Fire IV,300,1.0,1440,290,300,350,580,5100,1000,300,1080,1020,890
25481,55500,Thunder (dot),60,1.0,1440,290,300,350,580,5100,1000,300,1080,1080,890
55802,56562,High Thunder,150,1.0,1440,290,300,350,580,5100,1000,450,1080,1080,890
56891,57423,Auto,90,1.0,1530,290,300,350,580,5100,1000,450,1080,1080,890
56312,57472,Fire IV,300,1.0,1530,290,300,350,580,5400,1000,450,1080,1080,890
55802,58500,Thunder (dot),60,1.0,1530,290,300,350,580,5400,1000,450,1080,1140,890
58142,58762,Flare Star,500,1.0,1530,290,300,350,580,5400,1500,450,1080,1140,890
59671,60203,Auto,90,1.0,1620,290,300,350,580,5400,1500,450,1080,1140,890
59972,60462,Despair,350,1.0,1620,290,300,700,580,5400,1500,450,1080,1140,890
55802,61500,Thunder (dot),60,1.0,1620,290,300,700,580,5400,1500,450,1080,1200,890
61802,62642,Blizzard III,290,1.0,1620,580,300,700,580,5400,1500,450,1080,1200,890
62451,62983,Auto,90,1.0,1710,580,300,700,580,5400,1500,450,1080,1200,890
55802,64500,Thunder (dot),60,1.0,1710,580,300,700,580,5400,1500,450,1080,1260,890
64592,65752,Blizzard IV,300,1.0,1710,580,600,700,580,5400,1500,450,1080,1260,890
65231,65763,Auto,90,1.0,1800,580,600,700,580,5400,1500,450,1080,1260,890
65462,66132,Paradox,540,1.0,1800,580,600,700,580,5400,1500,450,1620,1260,890
55802,67500,Thunder (dot),60,1.0,1800,580,600,700,580,5400,1500,450,1620,1320,890
67612,68282,Paradox,540,1.0,1800,580,600,700,580,5400,1500,450,2160,1320,890
68511,69043,Auto,90,1.0,1890,580,600,700,580,5400,1500,450,2160,1320,890
55802,70500,Thunder (dot),60,1.0,1890,580,600,700,580,5400,1500,450,2160,1380,890
69762,71052,Fire III,290,1.0,1890,580,600,700,870,5400,1500,450,2160,1380,890
71791,72323,Auto,90,1.0,1980,580,600,700,870,5400,1500,450,2160,1380,890
55802,73500,Thunder (dot),60,1.0,1980,580,600,700,870,5400,1500,450,2160,1440,890
73132,74292,Fire IV,300,1.0,1980,580,600,700,870,5700,1500,450,2160,1440,890
75782,76314,Auto,90,1.0,2070,580,600,700,870,5700,1500,450,2160,1440,890
75282,76442,Fire IV,300,1.0,2070,580,600,700,870,6000,1500,450,2160,1440,890
55802,76500,Thunder (dot),60,1.0,2070,580,600,700,870,6000,1500,450,2160,1500,890
77432,78592,Fire IV,300,1.0,2070,580,600,700,870,6300,1500,450,2160,1500,890
55802,79500,Thunder (dot),60,1.0,2070,580,600,700,870,6300,1500,450,2160,1560,890
80082,80614,Auto,90,1.0,2160,580,600,700,870,6300,1500,450,2160,1560,890
79582,80742,Fire IV,300,1.0,2160,580,600,700,870,6600,1500,450,2160,1560,890
55802,82500,Thunder (dot),60,1.0,2160,580,600,700,870,6600,1500,450,2160,1620,890
81732,82892,Fire IV,300,1.0,2160,580,600,700,870,6900,1500,450,2160,1620,890
84382,84914,Auto,90,1.0,2250,580,600,700,870,6900,1500,450,2160,1620,890
83882,85042,Fire IV,300,1.0,2250,580,600,700,870,7200,1500,450,2160,1620,890
55802,85500,Thunder (dot),60,1.0,2250,580,600,700,870,7200,1500,450,2160,1680,890
86462,87222,High Thunder,150,1.0,2250,580,600,700,870,7200,1500,600,2160,1680,890
86462,88500,Thunder (dot),60,1.0,2250,580,600,700,870,7200,1500,600,2160,1740,890
88182,88802,Flare Star,500,1.0,2250,580,600,700,870,7200,2000,600,2160,1740,890
88682,89214,Auto,90,1.0,2340,580,600,700,870,7200,2000,600,2160,1740,890
89112,89602,Despair,350,1.0,2340,580,600,1050,870,7200,2000,600,2160,1740,890
86462,91500,Thunder (dot),60,1.0,2340,580,600,1050,870,7200,2000,600,2160,1800,890
91262,92102,Blizzard III,290,1.0,2340,870,600,1050,870,7200,2000,600,2160,1800,890
91962,92494,Auto,90,1.0,2430,870,600,1050,870,7200,2000,600,2160,1800,890
86462,94500,Thunder (dot),60,1.0,2430,870,600,1050,870,7200,2000,600,2160,1860,890
95242,95774,Auto,90,1.0,2520,870,600,1050,870,7200,2000,600,2160,1860,890
94632,95792,Blizzard IV,300,1.0,2520,870,900,1050,870,7200,2000,600,2160,1860,890
95562,96232,Paradox,540,1.0,2520,870,900,1050,870,7200,2000,600,2700,1860,890
86462,97500,Thunder (dot),60,1.0,2520,870,900,1050,870,7200,2000,600,2700,1920,890
97712,98382,Paradox,540,1.0,2520,870,900,1050,870,7200,2000,600,3240,1920,890
98522,99054,Auto,90,1.0,2610,870,900,1050,870,7200,2000,600,3240,1920,890
86462,100500,Thunder (dot),60,1.0,2610,870,900,1050,870,7200,2000,600,3240,1980,890
99862,101152,Fire III,290,1.0,2610,870,900,1050,1160,7200,2000,600,3240,1980,890
101802,102334,Auto,90,1.0,2700,870,900,1050,1160,7200,2000,600,3240,1980,890
86462,103500,Thunder (dot),60,1.0,2700,870,900,1050,1160,7200,2000,600,3240,2040,890
103232,104392,Fire IV,300,1.0,2700,870,900,1050,1160,7500,2000,600,3240,2040,890
105882,106414,Auto,90,1.0,2790,870,900,1050,1160,7500,2000,600,3240,2040,890
86462,106500,Thunder (dot),60,1.0,2790,870,900,1050,1160,7500,2000,600,3240,2100,890
105382,106542,Fire IV,300,1.0,2790,870,900,1050,1160,7800,2000,600,3240,2100,890
107532,108692,Fire IV,300,1.0,2790,870,900,1050,1160,8100,2000,600,3240,2100,890
86462,109500,Thunder (dot),60,1.0,2790,870,900,1050,1160,8100,2000,600,3240,2160,890
110182,110714,Auto,90,1.0,2880,870,900,1050,1160,8100,2000,600,3240,2160,890
109682,110842,Fire IV,300,1.0,2880,870,900,1050,1160,8400,2000,600,3240,2160,890
86462,112500,Thunder (dot),60,1.0,2880,870,900,1050,1160,8400,2000,600,3240,2220,890
111832,112992,Fire IV,300,1.0,2880,870,900,1050,1160,8700,2000,600,3240,2220,890
114482,115014,Auto,90,1.0,2970,870,900,1050,1160,8700,2000,600,3240,2220,890
113982,115142,Fire IV,300,1.0,2970,870,900,1050,1160,9000,2000,600,3240,2220,890
86462,115500,Thunder (dot),60,1.0,2970,870,900,1050,1160,9000,2000,600,3240,2280,890
114912,115532,Xenoglossy,890,1.0,2970,870,900,1050,1160,9000,2000,600,3240,2280,1780
117062,117552,Despair,350,1.0,2970,870,900,1400,1160,9000,2000,600,3240,2280,1780
117762,118294,Auto,90,1.0,3060,870,900,1400,1160,9000,2000,600,3240,2280,1780
120432,121052,Flare Star,500,1.0,3060,870,900,1400,1160,9000,2500,600,3240,2280,1780
121042,121574,Auto,90,1.0,3150,870,900,1400,1160,9000,2500,600,3240,2280,1780
122582,123742,Fire IV,300,1.0,3150,870,900,1400,1160,9300,2500,600,3240,2280,1780
123512,124182,Paradox,540,1.0,3150,870,900,1400,1160,9300,2500,600,3780,2280,1780
124322,124854,Auto,90,1.0,3240,870,900,1400,1160,9300,2500,600,3780,2280,1780
126672,127832,Fire IV,300,1.0,3240,870,900,1400,1160,9600,2500,600,3780,2280,1780
128863,129623,High Thunder,150,1.0,3240,870,900,1400,1160,9600,2500,750,3780,2280,1780
129363,129895,Auto,90,1.0,3330,870,900,1400,1160,9600,2500,750,3780,2280,1780
128863,130500,Thunder (dot),60,1.0,3330,870,900,1400,1160,9600,2500,750,3780,2340,1780
130332,131492,Fire IV,300,1.0,3330,870,900,1400,1160,9900,2500,750,3780,2340,1780
132663,133195,Auto,90,1.0,3420,870,900,1400,1160,9900,2500,750,3780,2340,1780
132163,133323,Fire IV,300,1.0,3420,870,900,1400,1160,10200,2500,750,3780,2340,1780
128863,133500,Thunder (dot),60,1.0,3420,870,900,1400,1160,10200,2500,750,3780,2400,1780
133993,135153,Fire IV,300,1.0,3420,870,900,1400,1160,10500,2500,750,3780,2400,1780
128863,136500,Thunder (dot),60,1.0,3420,870,900,1400,1160,10500,2500,750,3780,2460,1780
136323,136855,Auto,90,1.0,3510,870,900,1400,1160,10500,2500,750,3780,2460,1780
135823,136983,Fire IV,300,1.0,3510,870,900,1400,1160,10800,2500,750,3780,2460,1780
137653,138273,Flare Star,500,1.0,3510,870,900,1400,1160,10800,3000,750,3780,2460,1780
138523,139143,Xenoglossy,890,1.0,3510,870,900,1400,1160,10800,3000,750,3780,2460,2670
128863,139500,Thunder (dot),60,1.0,3510,870,900,1400,1160,10800,3000,750,3780,2520,2670
139103,139635,Auto,90,1.0,3600,870,900,1400,1160,10800,3000,750,3780,2520,2670
140353,140973,Xenoglossy,890,1.0,3600,870,900,1400,1160,10800,3000,750,3780,2520,3560
141883,142415,Auto,90,1.0,3690,870,900,1400,1160,10800,3000,750,3780,2520,3560
128863,142500,Thunder (dot),60,1.0,3690,870,900,1400,1160,10800,3000,750,3780,2580,3560
142183,142803,Xenoglossy,890,1.0,3690,870,900,1400,1160,10800,3000,750,3780,2580,4450
144013,144633,Xenoglossy,890,1.0,3690,870,900,1400,1160,10800,3000,750,3780,2580,5340
144663,145195,Auto,90,1.0,3780,870,900,1400,1160,10800,3000,750,3780,2580,5340
128863,145500,Thunder (dot),60,1.0,3780,870,900,1400,1160,10800,3000,750,3780,2640,5340
145843,146333,Despair,350,1.0,3780,870,900,1750,1160,10800,3000,750,3780,2640,5340
147443,147975,Auto,90,1.0,3870,870,900,1750,1160,10800,3000,750,3780,2640,5340
128863,148500,Thunder (dot),60,1.0,3870,870,900,1750,1160,10800,3000,750,3780,2700,5340
147993,148833,Blizzard III,290,1.0,3870,1160,900,1750,1160,10800,3000,750,3780,2700,5340
128863,151500,Thunder (dot),60,1.0,3870,1160,900,1750,1160,10800,3000,750,3780,2760,5340
151863,152395,Auto,90,1.0,3960,1160,900,1750,1160,10800,3000,750,3780,2760,5340
151363,152523,Blizzard IV,300,1.0,3960,1160,1200,1750,1160,10800,3000,750,3780,2760,5340
152293,152963,Paradox,540,1.0,3960,1160,1200,1750,1160,10800,3000,750,4320,2760,5340
128863,154500,Thunder (dot),60,1.0,3960,1160,1200,1750,1160,10800,3000,750,4320,2820,5340
155143,155675,Auto,90,1.0,4050,1160,1200,1750,1160,10800,3000,750,4320,2820,5340
154443,155733,Fire III,290,1.0,4050,1160,1200,1750,1450,10800,3000,750,4320,2820,5340
128863,157500,Thunder (dot),60,1.0,4050,1160,1200,1750,1450,10800,3000,750,4320,2880,5340
158423,158955,Auto,90,1.0,4140,1160,1200,1750,1450,10800,3000,750,4320,2880,5340
157813,158973,Fire IV,300,1.0,4140,1160,1200,1750,1450,11100,3000,750,4320,2880,5340
160393,161153,High Thunder,150,1.0,4140,1160,1200,1750,1450,11100,3000,900,4320,2880,5340
162613,163145,Auto,90,1.0,4230,1160,1200,1750,1450,11100,3000,900,4320,2880,5340
162113,163273,Fire IV,300,1.0,4230,1160,1200,1750,1450,11400,3000,900,4320,2880,5340
160393,163500,Thunder (dot),60,1.0,4230,1160,1200,1750,1450,11400,3000,900,4320,2940,5340
164263,165423,Fire IV,300,1.0,4230,1160,1200,1750,1450,11700,3000,900,4320,2940,5340
160393,166500,Thunder (dot),60,1.0,4230,1160,1200,1750,1450,11700,3000,900,4320,3000,5340
166913,167445,Auto,90,1.0,4320,1160,1200,1750,1450,11700,3000,900,4320,3000,5340
166413,167573,Fire IV,300,1.0,4320,1160,1200,1750,1450,12000,3000,900,4320,3000,5340
160393,169500,Thunder (dot),60,1.0,4320,1160,1200,1750,1450,12000,3000,900,4320,3060,5340
168563,169723,Fire IV,300,1.0,4320,1160,1200,1750,1450,12300,3000,900,4320,3060,5340
171214,171746,Auto,90,1.0,4410,1160,1200,1750,1450,12300,3000,900,4320,3060,5340
170714,171874,Fire IV,300,1.0,4410,1160,1200,1750,1450,12600,3000,900,4320,3060,5340
171644,172314,Paradox,540,1.0,4410,1160,1200,1750,1450,12600,3000,900,4860,3060,5340
160393,172500,Thunder (dot),60,1.0,4410,1160,1200,1750,1450,12600,3000,900,4860,3120,5340
173794,174414,Flare Star,500,1.0,4410,1160,1200,1750,1450,12600,3500,900,4860,3120,5340
174494,175026,Auto,90,1.0,4500,1160,1200,1750,1450,12600,3500,900,4860,3120,5340
160393,175500,Thunder (dot),60,1.0,4500,1160,1200,1750,1450,12600,3500,900,4860,3180,5340
175944,176434,Despair,350,1.0,4500,1160,1200,2100,1450,12600,3500,900,4860,3180,5340
177774,178306,Auto,90,1.0,4590,1160,1200,2100,1450,12600,3500,900,4860,3180,5340
160393,178500,Thunder (dot),60,1.0,4590,1160,1200,2100,1450,12600,3500,900,4860,3240,5340
178094,178934,Blizzard III,290,1.0,4590,1450,1200,2100,1450,12600,3500,900,4860,3240,5340
180244,181404,Blizzard IV,300,1.0,4590,1450,1500,2100,1450,12600,3500,900,4860,3240,5340
160393,181500,Thunder (dot),60,1.0,4590,1450,1500,2100,1450,12600,3500,900,4860,3300,5340
181054,181586,Auto,90,1.0,4680,1450,1500,2100,1450,12600,3500,900,4860,3300,5340
182394,183064,Paradox,540,1.0,4680,1450,1500,2100,1450,12600,3500,900,5400,3300,5340
160393,184500,Thunder (dot),60,1.0,4680,1450,1500,2100,1450,12600,3500,900,5400,3360,5340
184334,184866,Auto,90,1.0,4770,1450,1500,2100,1450,12600,3500,900,5400,3360,5340
184544,185834,Fire III,290,1.0,4770,1450,1500,2100,1740,12600,3500,900,5400,3360,5340
160393,187500,Thunder (dot),60,1.0,4770,1450,1500,2100,1740,12600,3500,900,5400,3420,5340
188414,188946,Auto,90,1.0,4860,1450,1500,2100,1740,12600,3500,900,5400,3420,5340
187914,189074,Fire IV,300,1.0,4860,1450,1500,2100,1740,12900,3500,900,5400,3420,5340
160393,190500,Thunder (dot),60,1.0,4860,1450,1500,2100,1740,12900,3500,900,5400,3480,5340
190494,191254,High Thunder,150,1.0,4860,1450,1500,2100,1740,12900,3500,1050,5400,3480,5340
192714,193246,Auto,90,1.0,4950,1450,1500,2100,1740,12900,3500,1050,5400,3480,5340
192214,193374,Fire IV,300,1.0,4950,1450,1500,2100,1740,13200,3500,1050,5400,3480,5340
190494,193500,Thunder (dot),60,1.0,4950,1450,1500,2100,1740,13200,3500,1050,5400,3540,5340
194364,195524,Fire IV,300,1.0,4950,1450,1500,2100,1740,13500,3500,1050,5400,3540,5340
190494,196500,Thunder (dot),60,1.0,4950,1450,1500,2100,1740,13500,3500,1050,5400,3600,5340
197014,197546,Auto,90,1.0,5040,1450,1500,2100,1740,13500,3500,1050,5400,3600,5340
196514,197674,Fire IV,300,1.0,5040,1450,1500,2100,1740,13800,3500,1050,5400,3600,5340
190494,199500,Thunder (dot),60,1.0,5040,1450,1500,2100,1740,13800,3500,1050,5400,3660,5340
198664,199824,Fire IV,300,1.0,5040,1450,1500,2100,1740,14100,3500,1050,5400,3660,5340
201314,201846,Auto,90,1.0,5130,1450,1500,2100,1740,14100,3500,1050,5400,3660,5340
200814,201974,Fire IV,300,1.0,5130,1450,1500,2100,1740,14400,3500,1050,5400,3660,5340
190494,202500,Thunder (dot),60,1.0,5130,1450,1500,2100,1740,14400,3500,1050,5400,3720,5340
202964,203584,Flare Star,500,1.0,5130,1450,1500,2100,1740,14400,4000,1050,5400,3720,5340
203894,204564,Paradox,540,1.0,5130,1450,1500,2100,1740,14400,4000,1050,5940,3720,5340
204594,205126,Auto,90,1.0,5220,1450,1500,2100,1740,14400,4000,1050,5940,3720,5340
190494,205500,Thunder (dot),60,1.0,5220,1450,1500,2100,1740,14400,4000,1050,5940,3780,5340
206044,206534,Despair,350,1.0,5220,1450,1500,2450,1740,14400,4000,1050,5940,3780,5340
207874,208406,Auto,90,1.0,5310,1450,1500,2450,1740,14400,4000,1050,5940,3780,5340
190494,208500,Thunder (dot),60,1.0,5310,1450,1500,2450,1740,14400,4000,1050,5940,3840,5340
208194,209034,Blizzard III,290,1.0,5310,1740,1500,2450,1740,14400,4000,1050,5940,3840,5340
190494,211500,Thunder (dot),60,1.0,5310,1740,1500,2450,1740,14400,4000,1050,5940,3900,5340
212064,212596,Auto,90,1.0,5400,1740,1500,2450,1740,14400,4000,1050,5940,3900,5340
211564,212724,Blizzard IV,300,1.0,5400,1740,1800,2450,1740,14400,4000,1050,5940,3900,5340
212494,213164,Paradox,540,1.0,5400,1740,1800,2450,1740,14400,4000,1050,6480,3900,5340
190494,214500,Thunder (dot),60,1.0,5400,1740,1800,2450,1740,14400,4000,1050,6480,3960,5340
215344,215876,Auto,90,1.0,5490,1740,1800,2450,1740,14400,4000,1050,6480,3960,5340
214644,215934,Fire III,290,1.0,5490,1740,1800,2450,2030,14400,4000,1050,6480,3960,5340
190494,217500,Thunder (dot),60,1.0,5490,1740,1800,2450,2030,14400,4000,1050,6480,4020,5340
218624,219156,Auto,90,1.0,5580,1740,1800,2450,2030,14400,4000,1050,6480,4020,5340
218014,219174,Fire IV,300,1.0,5580,1740,1800,2450,2030,14700,4000,1050,6480,4020,5340
190494,220500,Thunder (dot),60,1.0,5580,1740,1800,2450,2030,14700,4000,1050,6480,4080,5340
220594,221354,High Thunder,150,1.0,5580,1740,1800,2450,2030,14700,4000,1200,6480,4080,5340
222814,223346,Auto,90,1.0,5670,1740,1800,2450,2030,14700,4000,1200,6480,4080,5340
222314,223474,Fire IV,300,1.0,5670,1740,1800,2450,2030,15000,4000,1200,6480,4080,5340
220594,223500,Thunder (dot),60,1.0,5670,1740,1800,2450,2030,15000,4000,1200,6480,4140,5340
224464,225624,Fire IV,300,1.0,5670,1740,1800,2450,2030,15300,4000,1200,6480,4140,5340
220594,226500,Thunder (dot),60,1.0,5670,1740,1800,2450,2030,15300,4000,1200,6480,4200,5340
227114,227646,Auto,90,1.0,5760,1740,1800,2450,2030,15300,4000,1200,6480,4200,5340
226614,227774,Fire IV,300,1.0,5760,1740,1800,2450,2030,15600,4000,1200,6480,4200,5340
220594,229500,Thunder (dot),60,1.0,5760,1740,1800,2450,2030,15600,4000,1200,6480,4260,5340
228764,229924,Fire IV,300,1.0,5760,1740,1800,2450,2030,15900,4000,1200,6480,4260,5340
231414,231946,Auto,90,1.0,5850,1740,1800,2450,2030,15900,4000,1200,6480,4260,5340
230914,232074,Fire IV,300,1.0,5850,1740,1800,2450,2030,16200,4000,1200,6480,4260,5340
220594,232500,Thunder (dot),60,1.0,5850,1740,1800,2450,2030,16200,4000,1200,6480,4320,5340
231844,232514,Paradox,540,1.0,5850,1740,1800,2450,2030,16200,4000,1200,7020,4320,5340
233994,234614,Xenoglossy,890,1.0,5850,1740,1800,2450,2030,16200,4000,1200,7020,4320,6230
234694,235226,Auto,90,1.0,5940,1740,1800,2450,2030,16200,4000,1200,7020,4320,6230
220594,235500,Thunder (dot),60,1.0,5940,1740,1800,2450,2030,16200,4000,1200,7020,4380,6230
236144,236634,Despair,350,1.0,5940,1740,1800,2800,2030,16200,4000,1200,7020,4380,6230
220594,238500,Thunder (dot),60,1.0,5940,1740,1800,2800,2030,16200,4000,1200,7020,4440,6230
237974,238506,Auto,90,1.0,6030,1740,1800,2800,2030,16200,4000,1200,7020,4440,6230
239514,240134,Flare Star,500,1.0,6030,1740,1800,2800,2030,16200,4500,1200,7020,4440,6230
220594,241500,Thunder (dot),60,1.0,6030,1740,1800,2800,2030,16200,4500,1200,7020,4500,6230
242164,242696,Auto,90,1.0,6120,1740,1800,2800,2030,16200,4500,1200,7020,4500,6230
241664,242824,Fire IV,300,1.0,6120,1740,1800,2800,2030,16500,4500,1200,7020,4500,6230
242594,243264,Paradox,540,1.0,6120,1740,1800,2800,2030,16500,4500,1200,7560,4500,6230
220594,244500,Thunder (dot),60,1.0,6120,1740,1800,2800,2030,16500,4500,1200,7560,4560,6230
246254,246786,Auto,90,1.0,6210,1740,1800,2800,2030,16500,4500,1200,7560,4560,6230
245754,246914,Fire IV,300,1.0,6210,1740,1800,2800,2030,16800,4500,1200,7560,4560,6230
220594,247500,Thunder (dot),60,1.0,6210,1740,1800,2800,2030,16800,4500,1200,7560,4620,6230
247944,248704,High Thunder,150,1.0,6210,1740,1800,2800,2030,16800,4500,1350,7560,4620,6230
249914,250446,Auto,90,1.0,6300,1740,1800,2800,2030,16800,4500,1350,7560,4620,6230
247944,250500,Thunder (dot),60,1.0,6300,1740,1800,2800,2030,16800,4500,1350,7560,4680,6230
249414,250574,Fire IV,300,1.0,6300,1740,1800,2800,2030,17100,4500,1350,7560,4680,6230
251244,252404,Fire IV,300,1.0,6300,1740,1800,2800,2030,17400,4500,1350,7560,4680,6230
247944,253500,Thunder (dot),60,1.0,6300,1740,1800,2800,2030,17400,4500,1350,7560,4740,6230
253574,254106,Auto,90,1.0,6390,1740,1800,2800,2030,17400,4500,1350,7560,4740,6230
253074,254234,Fire IV,300,1.0,6390,1740,1800,2800,2030,17700,4500,1350,7560,4740,6230
254904,256064,Fire IV,300,1.0,6390,1740,1800,2800,2030,18000,4500,1350,7560,4740,6230
247944,256500,Thunder (dot),60,1.0,6390,1740,1800,2800,2030,18000,4500,1350,7560,4800,6230
256735,257355,Flare Star,500,1.0,6390,1740,1800,2800,2030,18000,5000,1350,7560,4800,6230
257235,257767,Auto,90,1.0,6480,1740,1800,2800,2030,18000,5000,1350,7560,4800,6230
257605,258225,Xenoglossy,890,1.0,6480,1740,1800,2800,2030,18000,5000,1350,7560,4800,7120
247944,259500,Thunder (dot),60,1.0,6480,1740,1800,2800,2030,18000,5000,1350,7560,4860,7120
259435,260055,Xenoglossy,890,1.0,6480,1740,1800,2800,2030,18000,5000,1350,7560,4860,8010
260015,260547,Auto,90,1.0,6570,1740,1800,2800,2030,18000,5000,1350,7560,4860,8010
261265,261885,Xenoglossy,890,1.0,6570,1740,1800,2800,2030,18000,5000,1350,7560,4860,8900
247944,262500,Thunder (dot),60,1.0,6570,1740,1800,2800,2030,18000,5000,1350,7560,4920,8900
262795,263327,Auto,90,1.0,6660,1740,1800,2800,2030,18000,5000,1350,7560,4920,8900
263095,263715,Xenoglossy,890,1.0,6660,1740,1800,2800,2030,18000,5000,1350,7560,4920,9790
264925,265415,Despair,350,1.0,6660,1740,1800,3150,2030,18000,5000,1350,7560,4920,9790
247944,265500,Thunder (dot),60,1.0,6660,1740,1800,3150,2030,18000,5000,1350,7560,4980,9790
265575,266107,Auto,90,1.0,6750,1740,1800,3150,2030,18000,5000,1350,7560,4980,9790
267075,267745,Paradox,540,1.0,6750,1740,1800,3150,2030,18000,5000,1350,8100,4980,9790
247944,268500,Thunder (dot),60,1.0,6750,1740,1800,3150,2030,18000,5000,1350,8100,5040,9790
268855,269387,Auto,90,1.0,6840,1740,1800,3150,2030,18000,5000,1350,8100,5040,9790
269225,270065,Blizzard III,290,1.0,6840,2030,1800,3150,2030,18000,5000,1350,8100,5040,9790
247944,271500,Thunder (dot),60,1.0,6840,2030,1800,3150,2030,18000,5000,1350,8100,5100,9790
271375,272535,Blizzard IV,300,1.0,6840,2030,2100,3150,2030,18000,5000,1350,8100,5100,9790
272135,272667,Auto,90,1.0,6930,2030,2100,3150,2030,18000,5000,1350,8100,5100,9790
247944,274500,Thunder (dot),60,1.0,6930,2030,2100,3150,2030,18000,5000,1350,8100,5160,9790
273525,274815,Fire III,290,1.0,6930,2030,2100,3150,2320,18000,5000,1350,8100,5160,9790
275415,275947,Auto,90,1.0,7020,2030,2100,3150,2320,18000,5000,1350,8100,5160,9790
247944,277500,Thunder (dot),60,1.0,7020,2030,2100,3150,2320,18000,5000,1350,8100,5220,9790
276895,278055,Fire IV,300,1.0,7020,2030,2100,3150,2320,18300,5000,1350,8100,5220,9790
279475,280235,High Thunder,150,1.0,7020,2030,2100,3150,2320,18300,5000,1500,8100,5220,9790
279475,280500,Thunder (dot),60,1.0,7020,2030,2100,3150,2320,18300,5000,1500,8100,5280,9790
279975,280507,Auto,90,1.0,7110,2030,2100,3150,2320,18300,5000,1500,8100,5280,9790
281195,282355,Fire IV,300,1.0,7110,2030,2100,3150,2320,18600,5000,1500,8100,5280,9790
279475,283500,Thunder (dot),60,1.0,7110,2030,2100,3150,2320,18600,5000,1500,8100,5340,9790
283845,284377,Auto,90,1.0,7200,2030,2100,3150,2320,18600,5000,1500,8100,5340,9790
283345,284505,Fire IV,300,1.0,7200,2030,2100,3150,2320,18900,5000,1500,8100,5340,9790
279475,286500,Thunder (dot),60,1.0,7200,2030,2100,3150,2320,18900,5000,1500,8100,5400,9790
285495,286655,Fire IV,300,1.0,7200,2030,2100,3150,2320,19200,5000,1500,8100,5400,9790
288145,288677,Auto,90,1.0,7290,2030,2100,3150,2320,19200,5000,1500,8100,5400,9790
287645,288805,Fire IV,300,1.0,7290,2030,2100,3150,2320,19500,5000,1500,8100,5400,9790
279475,289500,Thunder (dot),60,1.0,7290,2030,2100,3150,2320,19500,5000,1500,8100,5460,9790
289795,290955,Fire IV,300,1.0,7290,2030,2100,3150,2320,19800,5000,1500,8100,5460,9790
279475,292500,Thunder (dot),60,1.0,7290,2030,2100,3150,2320,19800,5000,1500,8100,5520,9790
291945,292565,Flare Star,500,1.0,7290,2030,2100,3150,2320,19800,5500,1500,8100,5520,9790
292445,292977,Auto,90,1.0,7380,2030,2100,3150,2320,19800,5500,1500,8100,5520,9790
292875,293545,Paradox,540,1.0,7380,2030,2100,3150,2320,19800,5500,1500,8640,5520,9790
279475,295500,Thunder (dot),60,1.0,7380,2030,2100,3150,2320,19800,5500,1500,8640,5580,9790
295025,295515,Despair,350,1.0,7380,2030,2100,3500,2320,19800,5500,1500,8640,5580,9790
295725,296257,Auto,90,1.0,7470,2030,2100,3500,2320,19800,5500,1500,8640,5580,9790
297175,298015,Blizzard III,290,1.0,7470,2320,2100,3500,2320,19800,5500,1500,8640,5580,9790
279475,298500,Thunder (dot),60,1.0,7470,2320,2100,3500,2320,19800,5500,1500,8640,5640,9790
299005,299537,Auto,90,1.0,7560,2320,2100,3500,2320,19800,5500,1500,8640,5640,9790
279475,301500,Thunder (dot),60,1.0,7560,2320,2100,3500,2320,19800,5500,1500,8640,5700,9790
300545,301705,Blizzard IV,300,1.0,7560,2320,2400,3500,2320,19800,5500,1500,8640,5700,9790
301475,302145,Paradox,540,1.0,7560,2320,2400,3500,2320,19800,5500,1500,9180,5700,9790
302285,302817,Auto,90,1.0,7650,2320,2400,3500,2320,19800,5500,1500,9180,5700,9790
279475,304500,Thunder (dot),60,1.0,7650,2320,2400,3500,2320,19800,5500,1500,9180,5760,9790
303625,304915,Fire III,290,1.0,7650,2320,2400,3500,2610,19800,5500,1500,9180,5760,9790
305565,306097,Auto,90,1.0,7740,2320,2400,3500,2610,19800,5500,1500,9180,5760,9790
279475,307500,Thunder (dot),60,1.0,7740,2320,2400,3500,2610,19800,5500,1500,9180,5820,9790
306995,308155,Fire IV,300,1.0,7740,2320,2400,3500,2610,20100,5500,1500,9180,5820,9790
309575,310335,High Thunder,150,1.0,7740,2320,2400,3500,2610,20100,5500,1650,9180,5820,9790
309575,310500,Thunder (dot),60,1.0,7740,2320,2400,3500,2610,20100,5500,1650,9180,5880,9790
310075,310607,Auto,90,1.0,7830,2320,2400,3500,2610,20100,5500,1650,9180,5880,9790
311295,312455,Fire IV,300,1.0,7830,2320,2400,3500,2610,20400,5500,1650,9180,5880,9790
309575,313500,Thunder (dot),60,1.0,7830,2320,2400,3500,2610,20400,5500,1650,9180,5940,9790
313945,314477,Auto,90,1.0,7920,2320,2400,3500,2610,20400,5500,1650,9180,5940,9790
313445,314605,Fire IV,300,1.0,7920,2320,2400,3500,2610,20700,5500,1650,9180,5940,9790
309575,316500,Thunder (dot),60,1.0,7920,2320,2400,3500,2610,20700,5500,1650,9180,6000,9790
315595,316755,Fire IV,300,1.0,7920,2320,2400,3500,2610,21000,5500,1650,9180,6000,9790
318245,318777,Auto,90,1.0,8010,2320,2400,3500,2610,21000,5500,1650,9180,6000,9790
317745,318905,Fire IV,300,1.0,8010,2320,2400,3500,2610,21300,5500,1650,9180,6000,9790
309575,319500,Thunder (dot),60,1.0,8010,2320,2400,3500,2610,21300,5500,1650,9180,6060,9790
319895,321055,Fire IV,300,1.0,8010,2320,2400,3500,2610,21600,5500,1650,9180,6060,9790
309575,322500,Thunder (dot),60,1.0,8010,2320,2400,3500,2610,21600,5500,1650,9180,6120,9790
322045,322665,Flare Star,500,1.0,8010,2320,2400,3500,2610,21600,6000,1650,9180,6120,9790
322545,323077,Auto,90,1.0,8100,2320,2400,3500,2610,21600,6000,1650,9180,6120,9790
322975,323645,Paradox,540,1.0,8100,2320,2400,3500,2610,21600,6000,1650,9720,6120,9790
309575,325500,Thunder (dot),60,1.0,8100,2320,2400,3500,2610,21600,6000,1650,9720,6180,9790
325125,325615,Despair,350,1.0,8100,2320,2400,3850,2610,21600,6000,1650,9720,6180,9790
325825,326357,Auto,90,1.0,8190,2320,2400,3850,2610,21600,6000,1650,9720,6180,9790
327275,328115,Blizzard III,290,1.0,8190,2610,2400,3850,2610,21600,6000,1650,9720,6180,9790
309575,328500,Thunder (dot),60,1.0,8190,2610,2400,3850,2610,21600,6000,1650,9720,6240,9790
329105,329637,Auto,90,1.0,8280,2610,2400,3850,2610,21600,6000,1650,9720,6240,9790
329425,330585,Blizzard IV,300,1.0,8280,2610,2700,3850,2610,21600,6000,1650,9720,6240,9790
309575,331500,Thunder (dot),60,1.0,8280,2610,2700,3850,2610,21600,6000,1650,9720,6300,9790
331575,332245,Paradox,540,1.0,8280,2610,2700,3850,2610,21600,6000,1650,10260,6300,9790
332385,332917,Auto,90,1.0,8370,2610,2700,3850,2610,21600,6000,1650,10260,6300,9790
309575,334500,Thunder (dot),60,1.0,8370,2610,2700,3850,2610,21600,6000,1650,10260,6360,9790
333725,335015,Fire III,290,1.0,8370,2610,2700,3850,2900,21600,6000,1650,10260,6360,9790
335665,336197,Auto,90,1.0,8460,2610,2700,3850,2900,21600,6000,1650,10260,6360,9790
309575,337500,Thunder (dot),60,1.0,8460,2610,2700,3850,2900,21600,6000,1650,10260,6420,9790
337095,338255,Fire IV,300,1.0,8460,2610,2700,3850,2900,21900,6000,1650,10260,6420,9790
339675,340435,High Thunder,150,1.0,8460,2610,2700,3850,2900,21900,6000,1800,10260,6420,9790
339675,340500,Thunder (dot),60,1.0,8460,2610,2700,3850,2900,21900,6000,1800,10260,6480,9790
340175,340707,Auto,90,1.0,8550,2610,2700,3850,2900,21900,6000,1800,10260,6480,9790
341395,342555,Fire IV,300,1.0,8550,2610,2700,3850,2900,22200,6000,1800,10260,6480,9790
339675,343500,Thunder (dot),60,1.0,8550,2610,2700,3850,2900,22200,6000,1800,10260,6540,9790
344045,344577,Auto,90,1.0,8640,2610,2700,3850,2900,22200,6000,1800,10260,6540,9790
343545,344705,Fire IV,300,1.0,8640,2610,2700,3850,2900,22500,6000,1800,10260,6540,9790
339675,346500,Thunder (dot),60,1.0,8640,2610,2700,3850,2900,22500,6000,1800,10260,6600,9790
345695,346855,Fire IV,300,1.0,8640,2610,2700,3850,2900,22800,6000,1800,10260,6600,9790
348345,348877,Auto,90,1.0,8730,2610,2700,3850,2900,22800,6000,1800,10260,6600,9790
347845,349005,Fire IV,300,1.0,8730,2610,2700,3850,2900,23100,6000,1800,10260,6600,9790
339675,349500,Thunder (dot),60,1.0,8730,2610,2700,3850,2900,23100,6000,1800,10260,6660,9790
349996,351156,Fire IV,300,1.0,8730,2610,2700,3850,2900,23400,6000,1800,10260,6660,9790
350926,351596,Paradox,540,1.0,8730,2610,2700,3850,2900,23400,6000,1800,10800,6660,9790
351625,352157,Auto,90,1.0,8820,2610,2700,3850,2900,23400,6000,1800,10800,6660,9790
339675,352500,Thunder (dot),60,1.0,8820,2610,2700,3850,2900,23400,6000,1800,10800,6720,9790
353076,353566,Despair,350,1.0,8820,2610,2700,4200,2900,23400,6000,1800,10800,6720,9790
354905,355437,Auto,90,1.0,8910,2610,2700,4200,2900,23400,6000,1800,10800,6720,9790
339675,355500,Thunder (dot),60,1.0,8910,2610,2700,4200,2900,23400,6000,1800,10800,6780,9790
356446,357066,Flare Star,500,1.0,8910,2610,2700,4200,2900,23400,6500,1800,10800,6780,9790
357376,357996,Xenoglossy,890,1.0,8910,2610,2700,4200,2900,23400,6500,1800,10800,6780,10680
339675,358500,Thunder (dot),60,1.0,8910,2610,2700,4200,2900,23400,6500,1800,10800,6840,10680
358185,358717,Auto,90,1.0,9000,2610,2700,4200,2900,23400,6500,1800,10800,6840,10680
339675,361500,Thunder (dot),60,1.0,9000,2610,2700,4200,2900,23400,6500,1800,10800,6900,10680
360746,361906,Fire IV,300,1.0,9000,2610,2700,4200,2900,23700,6500,1800,10800,6900,10680
361465,361997,Auto,90,1.0,9090,2610,2700,4200,2900,23700,6500,1800,10800,6900,10680
362896,364056,Fire IV,300,1.0,9090,2610,2700,4200,2900,24000,6500,1800,10800,6900,10680
363826,364496,Paradox,540,1.0,9090,2610,2700,4200,2900,24000,6500,1800,11340,6900,10680
339675,364500,Thunder (dot),60,1.0,9090,2610,2700,4200,2900,24000,6500,1800,11340,6960,10680
364745,365277,Auto,90,1.0,9180,2610,2700,4200,2900,24000,6500,1800,11340,6960,10680
339675,367500,Thunder (dot),60,1.0,9180,2610,2700,4200,2900,24000,6500,1800,11340,7020,10680
367525,368057,Auto,90,1.0,9270,2610,2700,4200,2900,24000,6500,1800,11340,7020,10680
366936,368096,Fire IV,300,1.0,9270,2610,2700,4200,2900,24300,6500,1800,11340,7020,10680
369126,369886,High Thunder,150,1.0,9270,2610,2700,4200,2900,24300,6500,1950,11340,7020,10680
369126,370500,Thunder (dot),60,1.0,9270,2610,2700,4200,2900,24300,6500,1950,11340,7080,10680
371096,371628,Auto,90,1.0,9360,2610,2700,4200,2900,24300,6500,1950,11340,7080,10680
370596,371756,Fire IV,300,1.0,9360,2610,2700,4200,2900,24600,6500,1950,11340,7080,10680
369126,373500,Thunder (dot),60,1.0,9360,2610,2700,4200,2900,24600,6500,1950,11340,7140,10680
372426,373586,Fire IV,300,1.0,9360,2610,2700,4200,2900,24900,6500,1950,11340,7140,10680
374756,375288,Auto,90,1.0,9450,2610,2700,4200,2900,24900,6500,1950,11340,7140,10680
374256,375416,Fire IV,300,1.0,9450,2610,2700,4200,2900,25200,6500,1950,11340,7140,10680
369126,376500,Thunder (dot),60,1.0,9450,2610,2700,4200,2900,25200,6500,1950,11340,7200,10680
376086,376706,Flare Star,500,1.0,9450,2610,2700,4200,2900,25200,7000,1950,11340,7200,10680
376956,377576,Xenoglossy,890,1.0,9450,2610,2700,4200,2900,25200,7000,1950,11340,7200,11570
377536,378068,Auto,90,1.0,9540,2610,2700,4200,2900,25200,7000,1950,11340,7200,11570
378786,379406,Xenoglossy,890,1.0,9540,2610,2700,4200,2900,25200,7000,1950,11340,7200,12460
369126,379500,Thunder (dot),60,1.0,9540,2610,2700,4200,2900,25200,7000,1950,11340,7260,12460
380316,380848,Auto,90,1.0,9630,2610,2700,4200,2900,25200,7000,1950,11340,7260,12460
380616,381236,Xenoglossy,890,1.0,9630,2610,2700,4200,2900,25200,7000,1950,11340,7260,13350
369126,382500,Thunder (dot),60,1.0,9630,2610,2700,4200,2900,25200,7000,1950,11340,7320,13350
382446,383066,Xenoglossy,890,1.0,9630,2610,2700,4200,2900,25200,7000,1950,11340,7320,14240
383096,383628,Auto,90,1.0,9720,2610,2700,4200,2900,25200,7000,1950,11340,7320,14240
384276,384766,Despair,350,1.0,9720,2610,2700,4550,2900,25200,7000,1950,11340,7320,14240
369126,385500,Thunder (dot),60,1.0,9720,2610,2700,4550,2900,25200,7000,1950,11340,7380,14240
385876,386408,Auto,90,1.0,9810,2610,2700,4550,2900,25200,7000,1950,11340,7380,14240
386107,386777,Paradox,540,1.0,9810,2610,2700,4550,2900,25200,7000,1950,11880,7380,14240
369126,388500,Thunder (dot),60,1.0,9810,2610,2700,4550,2900,25200,7000,1950,11880,7440,14240
388257,389097,Blizzard III,290,1.0,9810,2900,2700,4550,2900,25200,7000,1950,11880,7440,14240
389156,389688,Auto,90,1.0,9900,2900,2700,4550,2900,25200,7000,1950,11880,7440,14240
369126,391500,Thunder (dot),60,1.0,9900,2900,2700,4550,2900,25200,7000,1950,11880,7500,14240
390407,391567,Blizzard IV,300,1.0,9900,2900,3000,4550,2900,25200,7000,1950,11880,7500,14240
392436,392968,Auto,90,1.0,9990,2900,3000,4550,2900,25200,7000,1950,11880,7500,14240
392557,393847,Fire III,290,1.0,9990,2900,3000,4550,3190,25200,7000,1950,11880,7500,14240
369126,394500,Thunder (dot),60,1.0,9990,2900,3000,4550,3190,25200,7000,1950,11880,7560,14240
396427,396959,Auto,90,1.0,10080,2900,3000,4550,3190,25200,7000,1950,11880,7560,14240
395927,397087,Fire IV,300,1.0,10080,2900,3000,4550,3190,25500,7000,1950,11880,7560,14240
369126,397500,Thunder (dot),60,1.0,10080,2900,3000,4550,3190,25500,7000,1950,11880,7620,14240
398507,399267,High Thunder,150,1.0,10080,2900,3000,4550,3190,25500,7000,2100,11880,7620,14240
398507,400500,Thunder (dot),60,1.0,10080,2900,3000,4550,3190,25500,7000,2100,11880,7680,14240
400727,401259,Auto,90,1.0,10170,2900,3000,4550,3190,25500,7000,2100,11880,7680,14240
400227,401387,Fire IV,300,1.0,10170,2900,3000,4550,3190,25800,7000,2100,11880,7680,14240
398507,403500,Thunder (dot),60,1.0,10170,2900,3000,4550,3190,25800,7000,2100,11880,7740,14240
402377,403537,Fire IV,300,1.0,10170,2900,3000,4550,3190,26100,7000,2100,11880,7740,14240
405027,405559,Auto,90,1.0,10260,2900,3000,4550,3190,26100,7000,2100,11880,7740,14240
404527,405687,Fire IV,300,1.0,10260,2900,3000,4550,3190,26400,7000,2100,11880,7740,14240
398507,406500,Thunder (dot),60,1.0,10260,2900,3000,4550,3190,26400,7000,2100,11880,7800,14240
406677,407837,Fire IV,300,1.0,10260,2900,3000,4550,3190,26700,7000,2100,11880,7800,14240
398507,409500,Thunder (dot),60,1.0,10260,2900,3000,4550,3190,26700,7000,2100,11880,7860,14240
409327,409859,Auto,90,1.0,10350,2900,3000,4550,3190,26700,7000,2100,11880,7860,14240
408827,409987,Fire IV,300,1.0,10350,2900,3000,4550,3190,27000,7000,2100,11880,7860,14240
410977,411597,Flare Star,500,1.0,10350,2900,3000,4550,3190,27000,7500,2100,11880,7860,14240
398507,412500,Thunder (dot),60,1.0,10350,2900,3000,4550,3190,27000,7500,2100,11880,7920,14240
411907,412577,Paradox,540,1.0,10350,2900,3000,4550,3190,27000,7500,2100,12420,7920,14240
412607,413139,Auto,90,1.0,10440,2900,3000,4550,3190,27000,7500,2100,12420,7920,14240
414057,414547,Despair,350,1.0,10440,2900,3000,4900,3190,27000,7500,2100,12420,7920,14240
398507,415500,Thunder (dot),60,1.0,10440,2900,3000,4900,3190,27000,7500,2100,12420,7980,14240
415887,416419,Auto,90,1.0,10530,2900,3000,4900,3190,27000,7500,2100,12420,7980,14240
416207,417047,Blizzard III,290,1.0,10530,3190,3000,4900,3190,27000,7500,2100,12420,7980,14240
398507,418500,Thunder (dot),60,1.0,10530,3190,3000,4900,3190,27000,7500,2100,12420,8040,14240
420077,420609,Auto,90,1.0,10620,3190,3000,4900,3190,27000,7500,2100,12420,8040,14240
419577,420737,Blizzard IV,300,1.0,10620,3190,3300,4900,3190,27000,7500,2100,12420,8040,14240
420507,421177,Paradox,540,1.0,10620,3190,3300,4900,3190,27000,7500,2100,12960,8040,14240
398507,421500,Thunder (dot),60,1.0,10620,3190,3300,4900,3190,27000,7500,2100,12960,8100,14240
423357,423889,Auto,90,1.0,10710,3190,3300,4900,3190,27000,7500,2100,12960,8100,14240
422657,423947,Fire III,290,1.0,10710,3190,3300,4900,3480,27000,7500,2100,12960,8100,14240
398507,424500,Thunder (dot),60,1.0,10710,3190,3300,4900,3480,27000,7500,2100,12960,8160,14240
426457,427217,High Thunder,150,1.0,10710,3190,3300,4900,3480,27000,7500,2250,12960,8160,14240
426957,427489,Auto,90,1.0,10800,3190,3300,4900,3480,27000,7500,2250,12960,8160,14240
426457,427500,Thunder (dot),60,1.0,10800,3190,3300,4900,3480,27000,7500,2250,12960,8220,14240
428177,429337,Fire IV,300,1.0,10800,3190,3300,4900,3480,27300,7500,2250,12960,8220,14240
426457,430500,Thunder (dot),60,1.0,10800,3190,3300,4900,3480,27300,7500,2250,12960,8280,14240
430827,431359,Auto,90,1.0,10890,3190,3300,4900,3480,27300,7500,2250,12960,8280,14240
430327,431487,Fire IV,300,1.0,10890,3190,3300,4900,3480,27600,7500,2250,12960,8280,14240
426457,433500,Thunder (dot),60,1.0,10890,3190,3300,4900,3480,27600,7500,2250,12960,8340,14240
432477,433637,Fire IV,300,1.0,10890,3190,3300,4900,3480,27900,7500,2250,12960,8340,14240
435127,435659,Auto,90,1.0,10980,3190,3300,4900,3480,27900,7500,2250,12960,8340,14240
434627,435787,Fire IV,300,1.0,10980,3190,3300,4900,3480,28200,7500,2250,12960,8340,14240
426457,436500,Thunder (dot),60,1.0,10980,3190,3300,4900,3480,28200,7500,2250,12960,8400,14240
436777,437937,Fire IV,300,1.0,10980,3190,3300,4900,3480,28500,7500,2250,12960,8400,14240
426457,439500,Thunder (dot),60,1.0,10980,3190,3300,4900,3480,28500,7500,2250,12960,8460,14240
439427,439959,Auto,90,1.0,11070,3190,3300,4900,3480,28500,7500,2250,12960,8460,14240
438927,440087,Fire IV,300,1.0,11070,3190,3300,4900,3480,28800,7500,2250,12960,8460,14240
441077,441697,Flare Star,500,1.0,11070,3190,3300,4900,3480,28800,8000,2250,12960,8460,14240
426457,442500,Thunder (dot),60,1.0,11070,3190,3300,4900,3480,28800,8000,2250,12960,8520,14240
442007,442677,Paradox,540,1.0,11070,3190,3300,4900,3480,28800,8000,2250,13500,8520,14240
442707,443239,Auto,90,1.0,11160,3190,3300,4900,3480,28800,8000,2250,13500,8520,14240
444157,444647,Despair,350,1.0,11160,3190,3300,5250,3480,28800,8000,2250,13500,8520,14240
426457,445500,Thunder (dot),60,1.0,11160,3190,3300,5250,3480,28800,8000,2250,13500,8580,14240
445987,446519,Auto,90,1.0,11250,3190,3300,5250,3480,28800,8000,2250,13500,8580,14240
446307,447147,Blizzard III,290,1.0,11250,3480,3300,5250,3480,28800,8000,2250,13500,8580,14240
426457,448500,Thunder (dot),60,1.0,11250,3480,3300,5250,3480,28800,8000,2250,13500,8640,14240
448457,449617,Blizzard IV,300,1.0,11250,3480,3600,5250,3480,28800,8000,2250,13500,8640,14240
449267,449799,Auto,90,1.0,11340,3480,3600,5250,3480,28800,8000,2250,13500,8640,14240
450607,451277,Paradox,540,1.0,11340,3480,3600,5250,3480,28800,8000,2250,14040,8640,14240
426457,451500,Thunder (dot),60,1.0,11340,3480,3600,5250,3480,28800,8000,2250,14040,8700,14240
452547,453079,Auto,90,1.0,11430,3480,3600,5250,3480,28800,8000,2250,14040,8700,14240
426457,454500,Thunder (dot),60,1.0,11430,3480,3600,5250,3480,28800,8000,2250,14040,8760,14240
454407,455167,High Thunder,150,1.0,11430,3480,3600,5250,3480,28800,8000,2400,14040,8760,14240
454907,456197,Fire III,290,1.0,11430,3480,3600,5250,3770,28800,8000,2400,14040,8760,14240
455827,456359,Auto,90,1.0,11520,3480,3600,5250,3770,28800,8000,2400,14040,8760,14240
454407,457500,Thunder (dot),60,1.0,11520,3480,3600,5250,3770,28800,8000,2400,14040,8820,14240
458277,459437,Fire IV,300,1.0,11520,3480,3600,5250,3770,29100,8000,2400,14040,8820,14240
459107,459639,Auto,90,1.0,11610,3480,3600,5250,3770,29100,8000,2400,14040,8820,14240
454407,460500,Thunder (dot),60,1.0,11610,3480,3600,5250,3770,29100,8000,2400,14040,8880,14240
460427,461587,Fire IV,300,1.0,11610,3480,3600,5250,3770,29400,8000,2400,14040,8880,14240
454407,463500,Thunder (dot),60,1.0,11610,3480,3600,5250,3770,29400,8000,2400,14040,8940,14240
463077,463609,Auto,90,1.0,11700,3480,3600,5250,3770,29400,8000,2400,14040,8940,14240
462577,463737,Fire IV,300,1.0,11700,3480,3600,5250,3770,29700,8000,2400,14040,8940,14240
464727,465887,Fire IV,300,1.0,11700,3480,3600,5250,3770,30000,8000,2400,14040,8940,14240
454407,466500,Thunder (dot),60,1.0,11700,3480,3600,5250,3770,30000,8000,2400,14040,9000,14240
467377,467909,Auto,90,1.0,11790,3480,3600,5250,3770,30000,8000,2400,14040,9000,14240
466877,468037,Fire IV,300,1.0,11790,3480,3600,5250,3770,30300,8000,2400,14040,9000,14240
454407,469500,Thunder (dot),60,1.0,11790,3480,3600,5250,3770,30300,8000,2400,14040,9060,14240
469027,470187,Fire IV,300,1.0,11790,3480,3600,5250,3770,30600,8000,2400,14040,9060,14240
469957,470627,Paradox,540,1.0,11790,3480,3600,5250,3770,30600,8000,2400,14580,9060,14240
470657,471189,Auto,90,1.0,11880,3480,3600,5250,3770,30600,8000,2400,14580,9060,14240
454407,472500,Thunder (dot),60,1.0,11880,3480,3600,5250,3770,30600,8000,2400,14580,9120,14240
472107,472597,Despair,350,1.0,11880,3480,3600,5600,3770,30600,8000,2400,14580,9120,14240
473937,474469,Auto,90,1.0,11970,3480,3600,5600,3770,30600,8000,2400,14580,9120,14240
454407,475500,Thunder (dot),60,1.0,11970,3480,3600,5600,3770,30600,8000,2400,14580,9180,14240
475477,476097,Flare Star,500,1.0,11970,3480,3600,5600,3770,30600,8500,2400,14580,9180,14240
476407,477027,Xenoglossy,890,1.0,11970,3480,3600,5600,3770,30600,8500,2400,14580,9180,15130
477217,477749,Auto,90,1.0,12060,3480,3600,5600,3770,30600,8500,2400,14580,9180,15130
454407,478500,Thunder (dot),60,1.0,12060,3480,3600,5600,3770,30600,8500,2400,14580,9240,15130
479777,480937,Fire IV,300,1.0,12060,3480,3600,5600,3770,30900,8500,2400,14580,9240,15130
480497,481029,Auto,90,1.0,12150,3480,3600,5600,3770,30900,8500,2400,14580,9240,15130
454407,481500,Thunder (dot),60,1.0,12150,3480,3600,5600,3770,30900,8500,2400,14580,9300,15130
481927,483087,Fire IV,300,1.0,12150,3480,3600,5600,3770,31200,8500,2400,14580,9300,15130
482857,483527,Paradox,540,1.0,12150,3480,3600,5600,3770,31200,8500,2400,15120,9300,15130
483777,484309,Auto,90,1.0,12240,3480,3600,5600,3770,31200,8500,2400,15120,9300,15130
454407,484500,Thunder (dot),60,1.0,12240,3480,3600,5600,3770,31200,8500,2400,15120,9360,15130
486017,487177,Fire IV,300,1.0,12240,3480,3600,5600,3770,31500,8500,2400,15120,9360,15130
488207,488967,High Thunder,150,1.0,12240,3480,3600,5600,3770,31500,8500,2550,15120,9360,15130
488707,489239,Auto,90,1.0,12330,3480,3600,5600,3770,31500,8500,2550,15120,9360,15130
488207,490500,Thunder (dot),60,1.0,12330,3480,3600,5600,3770,31500,8500,2550,15120,9420,15130
489677,490837,Fire IV,300,1.0,12330,3480,3600,5600,3770,31800,8500,2550,15120,9420,15130
492007,492539,Auto,90,1.0,12420,3480,3600,5600,3770,31800,8500,2550,15120,9420,15130
491507,492667,Fire IV,300,1.0,12420,3480,3600,5600,3770,32100,8500,2550,15120,9420,15130
488207,493500,Thunder (dot),60,1.0,12420,3480,3600,5600,3770,32100,8500,2550,15120,9480,15130
493338,494498,Fire IV,300,1.0,12420,3480,3600,5600,3770,32400,8500,2550,15120,9480,15130
495168,495788,Flare Star,500,1.0,12420,3480,3600,5600,3770,32400,9000,2550,15120,9480,15130
495668,496200,Auto,90,1.0,12510,3480,3600,5600,3770,32400,9000,2550,15120,9480,15130
488207,496500,Thunder (dot),60,1.0,12510,3480,3600,5600,3770,32400,9000,2550,15120,9540,15130
496038,496658,Xenoglossy,890,1.0,12510,3480,3600,5600,3770,32400,9000,2550,15120,9540,16020
497868,498488,Xenoglossy,890,1.0,12510,3480,3600,5600,3770,32400,9000,2550,15120,9540,16910
498448,498980,Auto,90,1.0,12600,3480,3600,5600,3770,32400,9000,2550,15120,9540,16910
488207,499500,Thunder (dot),60,1.0,12600,3480,3600,5600,3770,32400,9000,2550,15120,9600,16910
499698,500318,Xenoglossy,890,1.0,12600,3480,3600,5600,3770,32400,9000,2550,15120,9600,17800
501228,501760,Auto,90,1.0,12690,3480,3600,5600,3770,32400,9000,2550,15120,9600,17800
501528,502018,Despair,350,1.0,12690,3480,3600,5950,3770,32400,9000,2550,15120,9600,17800
488207,502500,Thunder (dot),60,1.0,12690,3480,3600,5950,3770,32400,9000,2550,15120,9660,17800
503358,503978,Xenoglossy,890,1.0,12690,3480,3600,5950,3770,32400,9000,2550,15120,9660,18690
504008,504540,Auto,90,1.0,12780,3480,3600,5950,3770,32400,9000,2550,15120,9660,18690
488207,505500,Thunder (dot),60,1.0,12780,3480,3600,5950,3770,32400,9000,2550,15120,9720,18690
505188,505858,Paradox,540,1.0,12780,3480,3600,5950,3770,32400,9000,2550,15660,9720,18690
506788,507320,Auto,90,1.0,12870,3480,3600,5950,3770,32400,9000,2550,15660,9720,18690
507338,508178,Blizzard III,290,1.0,12870,3770,3600,5950,3770,32400,9000,2550,15660,9720,18690
488207,508500,Thunder (dot),60,1.0,12870,3770,3600,5950,3770,32400,9000,2550,15660,9780,18690
510068,510600,Auto,90,1.0,12960,3770,3600,5950,3770,32400,9000,2550,15660,9780,18690
509488,510648,Blizzard IV,300,1.0,12960,3770,3900,5950,3770,32400,9000,2550,15660,9780,18690
488207,511500,Thunder (dot),60,1.0,12960,3770,3900,5950,3770,32400,9000,2550,15660,9840,18690
511638,512928,Fire III,290,1.0,12960,3770,3900,5950,4060,32400,9000,2550,15660,9840,18690
513348,513880,Auto,90,1.0,13050,3770,3900,5950,4060,32400,9000,2550,15660,9840,18690
488207,514500,Thunder (dot),60,1.0,13050,3770,3900,5950,4060,32400,9000,2550,15660,9900,18690
515008,516168,Fire IV,300,1.0,13050,3770,3900,5950,4060,32700,9000,2550,15660,9900,18690
488207,517500,Thunder (dot),60,1.0,13050,3770,3900,5950,4060,32700,9000,2550,15660,9960,18690
517588,518348,High Thunder,150,1.0,13050,3770,3900,5950,4060,32700,9000,2700,15660,9960,18690
518088,518620,Auto,90,1.0,13140,3770,3900,5950,4060,32700,9000,2700,15660,9960,18690
519307,520467,Fire IV,300,1.0,13140,3770,3900,5950,4060,33000,9000,2700,15660,9960,18690
517588,520500,Thunder (dot),60,1.0,13140,3770,3900,5950,4060,33000,9000,2700,15660,10020,18690
521958,522490,Auto,90,1.0,13230,3770,3900,5950,4060,33000,9000,2700,15660,10020,18690
521458,522618,Fire IV,300,1.0,13230,3770,3900,5950,4060,33300,9000,2700,15660,10020,18690
517588,523500,Thunder (dot),60,1.0,13230,3770,3900,5950,4060,33300,9000,2700,15660,10080,18690
523608,524768,Fire IV,300,1.0,13230,3770,3900,5950,4060,33600,9000,2700,15660,10080,18690
517588,526500,Thunder (dot),60,1.0,13230,3770,3900,5950,4060,33600,9000,2700,15660,10140,18690
526258,526790,Auto,90,1.0,13320,3770,3900,5950,4060,33600,9000,2700,15660,10140,18690
525758,526918,Fire IV,300,1.0,13320,3770,3900,5950,4060,33900,9000,2700,15660,10140,18690
527908,529068,Fire IV,300,1.0,13320,3770,3900,5950,4060,34200,9000,2700,15660,10140,18690
517588,529500,Thunder (dot),60,1.0,13320,3770,3900,5950,4060,34200,9000,2700,15660,10200,18690
530058,530678,Flare Star,500,1.0,13320,3770,3900,5950,4060,34200,9500,2700,15660,10200,18690
530558,531090,Auto,90,1.0,13410,3770,3900,5950,4060,34200,9500,2700,15660,10200,18690
530988,531658,Paradox,540,1.0,13410,3770,3900,5950,4060,34200,9500,2700,16200,10200,18690
517588,532500,Thunder (dot),60,1.0,13410,3770,3900,5950,4060,34200,9500,2700,16200,10260,18690
533138,533628,Despair,350,1.0,13410,3770,3900,6300,4060,34200,9500,2700,16200,10260,18690
533838,534370,Auto,90,1.0,13500,3770,3900,6300,4060,34200,9500,2700,16200,10260,18690
517588,535500,Thunder (dot),60,1.0,13500,3770,3900,6300,4060,34200,9500,2700,16200,10320,18690
535288,536128,Blizzard III,290,1.0,13500,4060,3900,6300,4060,34200,9500,2700,16200,10320,18690
537118,537650,Auto,90,1.0,13590,4060,3900,6300,4060,34200,9500,2700,16200,10320,18690
517588,538500,Thunder (dot),60,1.0,13590,4060,3900,6300,4060,34200,9500,2700,16200,10380,18690
538658,539818,Blizzard IV,300,1.0,13590,4060,4200,6300,4060,34200,9500,2700,16200,10380,18690
539588,540258,Paradox,540,1.0,13590,4060,4200,6300,4060,34200,9500,2700,16740,10380,18690
540398,540930,Auto,90,1.0,13680,4060,4200,6300,4060,34200,9500,2700,16740,10380,18690
517588,541500,Thunder (dot),60,1.0,13680,4060,4200,6300,4060,34200,9500,2700,16740,10440,18690
541738,543028,Fire III,290,1.0,13680,4060,4200,6300,4350,34200,9500,2700,16740,10440,18690
543678,544210,Auto,90,1.0,13770,4060,4200,6300,4350,34200,9500,2700,16740,10440,18690
517588,544500,Thunder (dot),60,1.0,13770,4060,4200,6300,4350,34200,9500,2700,16740,10500,18690
545108,546268,Fire IV,300,1.0,13770,4060,4200,6300,4350,34500,9500,2700,16740,10500,18690
517588,547500,Thunder (dot),60,1.0,13770,4060,4200,6300,4350,34500,9500,2700,16740,10560,18690
547688,548448,High Thunder,150,1.0,13770,4060,4200,6300,4350,34500,9500,2850,16740,10560,18690
548188,548720,Auto,90,1.0,13860,4060,4200,6300,4350,34500,9500,2850,16740,10560,18690
547688,550500,Thunder (dot),60,1.0,13860,4060,4200,6300,4350,34500,9500,2850,16740,10620,18690
549408,550568,Fire IV,300,1.0,13860,4060,4200,6300,4350,34800,9500,2850,16740,10620,18690
552058,552590,Auto,90,1.0,13950,4060,4200,6300,4350,34800,9500,2850,16740,10620,18690
551558,552718,Fire IV,300,1.0,13950,4060,4200,6300,4350,35100,9500,2850,16740,10620,18690
547688,553500,Thunder (dot),60,1.0,13950,4060,4200,6300,4350,35100,9500,2850,16740,10680,18690
553708,554868,Fire IV,300,1.0,13950,4060,4200,6300,4350,35400,9500,2850,16740,10680,18690
547688,556500,Thunder (dot),60,1.0,13950,4060,4200,6300,4350,35400,9500,2850,16740,10740,18690
556358,556890,Auto,90,1.0,14040,4060,4200,6300,4350,35400,9500,2850,16740,10740,18690
555858,557018,Fire IV,300,1.0,14040,4060,4200,6300,4350,35700,9500,2850,16740,10740,18690
558008,559168,Fire IV,300,1.0,14040,4060,4200,6300,4350,36000,9500,2850,16740,10740,18690
547688,559500,Thunder (dot),60,1.0,14040,4060,4200,6300,4350,36000,9500,2850,16740,10800,18690
560159,560779,Flare Star,500,1.0,14040,4060,4200,6300,4350,36000,10000,2850,16740,10800,18690
560659,561191,Auto,90,1.0,14130,4060,4200,6300,4350,36000,10000,2850,16740,10800,18690
561089,561759,Paradox,540,1.0,14130,4060,4200,6300,4350,36000,10000,2850,17280,10800,18690
547688,562500,Thunder (dot),60,1.0,14130,4060,4200,6300,4350,36000,10000,2850,17280,10860,18690
563239,563729,Despair,350,1.0,14130,4060,4200,6650,4350,36000,10000,2850,17280,10860,18690
563939,564471,Auto,90,1.0,14220,4060,4200,6650,4350,36000,10000,2850,17280,10860,18690
547688,565500,Thunder (dot),60,1.0,14220,4060,4200,6650,4350,36000,10000,2850,17280,10920,18690
565389,566229,Blizzard III,290,1.0,14220,4350,4200,6650,4350,36000,10000,2850,17280,10920,18690
567219,567751,Auto,90,1.0,14310,4350,4200,6650,4350,36000,10000,2850,17280,10920,18690
547688,568500,Thunder (dot),60,1.0,14310,4350,4200,6650,4350,36000,10000,2850,17280,10980,18690
567539,568699,Blizzard IV,300,1.0,14310,4350,4500,6650,4350,36000,10000,2850,17280,10980,18690
569689,570359,Paradox,540,1.0,14310,4350,4500,6650,4350,36000,10000,2850,17820,10980,18690
570499,571031,Auto,90,1.0,14400,4350,4500,6650,4350,36000,10000,2850,17820,10980,18690
547688,571500,Thunder (dot),60,1.0,14400,4350,4500,6650,4350,36000,10000,2850,17820,11040,18690
571839,573129,Fire III,290,1.0,14400,4350,4500,6650,4640,36000,10000,2850,17820,11040,18690
573779,574311,Auto,90,1.0,14490,4350,4500,6650,4640,36000,10000,2850,17820,11040,18690
547688,574500,Thunder (dot),60,1.0,14490,4350,4500,6650,4640,36000,10000,2850,17820,11100,18690
575209,576369,Fire IV,300,1.0,14490,4350,4500,6650,4640,36300,10000,2850,17820,11100,18690
547688,577500,Thunder (dot),60,1.0,14490,4350,4500,6650,4640,36300,10000,2850,17820,11160,18690
577789,578549,High Thunder,150,1.0,14490,4350,4500,6650,4640,36300,10000,3000,17820,11160,18690
578289,578821,Auto,90,1.0,14580,4350,4500,6650,4640,36300,10000,3000,17820,11160,18690
577789,580500,Thunder (dot),60,1.0,14580,4350,4500,6650,4640,36300,10000,3000,17820,11220,18690
579509,580669,Fire IV,300,1.0,14580,4350,4500,6650,4640,36600,10000,3000,17820,11220,18690
582159,582691,Auto,90,1.0,14670,4350,4500,6650,4640,36600,10000,3000,17820,11220,18690
581659,582819,Fire IV,300,1.0,14670,4350,4500,6650,4640,36900,10000,3000,17820,11220,18690
577789,583500,Thunder (dot),60,1.0,14670,4350,4500,6650,4640,36900,10000,3000,17820,11280,18690
583809,584969,Fire IV,300,1.0,14670,4350,4500,6650,4640,37200,10000,3000,17820,11280,18690
577789,586500,Thunder (dot),60,1.0,14670,4350,4500,6650,4640,37200,10000,3000,17820,11340,18690
586459,586991,Auto,90,1.0,14760,4350,4500,6650,4640,37200,10000,3000,17820,11340,18690
585959,587119,Fire IV,300,1.0,14760,4350,4500,6650,4640,37500,10000,3000,17820,11340,18690
588109,589269,Fire IV,300,1.0,14760,4350,4500,6650,4640,37800,10000,3000,17820,11340,18690
577789,589500,Thunder (dot),60,1.0,14760,4350,4500,6650,4640,37800,10000,3000,17820,11400,18690
590259,590879,Flare Star,500,1.0,14760,4350,4500,6650,4640,37800,10500,3000,17820,11400,18690
590759,591291,Auto,90,1.0,14850,4350,4500,6650,4640,37800,10500,3000,17820,11400,18690
591189,591859,Paradox,540,1.0,14850,4350,4500,6650,4640,37800,10500,3000,18360,11400,18690
577789,592500,Thunder (dot),60,1.0,14850,4350,4500,6650,4640,37800,10500,3000,18360,11460,18690
593339,593829,Despair,350,1.0,14850,4350,4500,7000,4640,37800,10500,3000,18360,11460,18690
594039,594571,Auto,90,1.0,14940,4350,4500,7000,4640,37800,10500,3000,18360,11460,18690
577789,595500,Thunder (dot),60,1.0,14940,4350,4500,7000,4640,37800,10500,3000,18360,11520,18690
595489,596109,Xenoglossy,890,1.0,14940,4350,4500,7000,4640,37800,10500,3000,18360,11520,19580
597319,597851,Auto,90,1.0,15030,4350,4500,7000,4640,37800,10500,3000,18360,11520,19580
577789,598500,Thunder (dot),60,1.0,15030,4350,4500,7000,4640,37800,10500,3000,18360,11580,19580
598859,600019,Fire IV,300,1.0,15030,4350,4500,7000,4640,38100,10500,3000,18360,11580,19580
577789,601500,Thunder (dot),60,1.0,15030,4350,4500,7000,4640,38100,10500,3000,18360,11640,19580
601509,602041,Auto,90,1.0,15120,4350,4500,7000,4640,38100,10500,3000,18360,11640,19580
601009,602169,Fire IV,300,1.0,15120,4350,4500,7000,4640,38400,10500,3000,18360,11640,19580
603159,604319,Fire IV,300,1.0,15120,4350,4500,7000,4640,38700,10500,3000,18360,11640,19580
577789,604500,Thunder (dot),60,1.0,15120,4350,4500,7000,4640,38700,10500,3000,18360,11700,19580
604089,604759,Paradox,540,1.0,15120,4350,4500,7000,4640,38700,10500,3000,18900,11700,19580
604789,605321,Auto,90,1.0,15210,4350,4500,7000,4640,38700,10500,3000,18900,11700,19580
577789,607500,Thunder (dot),60,1.0,15210,4350,4500,7000,4640,38700,10500,3000,18900,11760,19580
607249,608409,Fire IV,300,1.0,15210,4350,4500,7000,4640,39000,10500,3000,18900,11760,19580
608069,608601,Auto,90,1.0,15300,4350,4500,7000,4640,39000,10500,3000,18900,11760,19580
609439,610199,High Thunder,150,1.0,15300,4350,4500,7000,4640,39000,10500,3150,18900,11760,19580
609439,610500,Thunder (dot),60,1.0,15300,4350,4500,7000,4640,39000,10500,3150,18900,11820,19580
611409,611941,Auto,90,1.0,15390,4350,4500,7000,4640,39000,10500,3150,18900,11820,19580
610909,612069,Fire IV,300,1.0,15390,4350,4500,7000,4640,39300,10500,3150,18900,11820,19580
609439,613500,Thunder (dot),60,1.0,15390,4350,4500,7000,4640,39300,10500,3150,18900,11880,19580
612739,613899,Fire IV,300,1.0,15390,4350,4500,7000,4640,39600,10500,3150,18900,11880,19580
614569,615189,Flare Star,500,1.0,15390,4350,4500,7000,4640,39600,11000,3150,18900,11880,19580
615069,615601,Auto,90,1.0,15480,4350,4500,7000,4640,39600,11000,3150,18900,11880,19580
615439,616059,Xenoglossy,890,1.0,15480,4350,4500,7000,4640,39600,11000,3150,18900,11880,20470
609439,616500,Thunder (dot),60,1.0,15480,4350,4500,7000,4640,39600,11000,3150,18900,11940,20470
617269,617889,Xenoglossy,890,1.0,15480,4350,4500,7000,4640,39600,11000,3150,18900,11940,21360
617849,618381,Auto,90,1.0,15570,4350,4500,7000,4640,39600,11000,3150,18900,11940,21360
609439,619500,Thunder (dot),60,1.0,15570,4350,4500,7000,4640,39600,11000,3150,18900,12000,21360
619099,619719,Xenoglossy,890,1.0,15570,4350,4500,7000,4640,39600,11000,3150,18900,12000,22250
620629,621161,Auto,90,1.0,15660,4350,4500,7000,4640,39600,11000,3150,18900,12000,22250
620929,621419,Despair,350,1.0,15660,4350,4500,7350,4640,39600,11000,3150,18900,12000,22250
609439,622500,Thunder (dot),60,1.0,15660,4350,4500,7350,4640,39600,11000,3150,18900,12060,22250
622760,623430,Paradox,540,1.0,15660,4350,4500,7350,4640,39600,11000,3150,19440,12060,22250
623409,623941,Auto,90,1.0,15750,4350,4500,7350,4640,39600,11000,3150,19440,12060,22250
624590,625210,Xenoglossy,890,1.0,15750,4350,4500,7350,4640,39600,11000,3150,19440,12060,23140
609439,625500,Thunder (dot),60,1.0,15750,4350,4500,7350,4640,39600,11000,3150,19440,12120,23140
626189,626721,Auto,90,1.0,15840,4350,4500,7350,4640,39600,11000,3150,19440,12120,23140
626420,627260,Blizzard III,290,1.0,15840,4640,4500,7350,4640,39600,11000,3150,19440,12120,23140
609439,628500,Thunder (dot),60,1.0,15840,4640,4500,7350,4640,39600,11000,3150,19440,12180,23140
628570,629730,Blizzard IV,300,1.0,15840,4640,4800,7350,4640,39600,11000,3150,19440,12180,23140
629469,630001,Auto,90,1.0,15930,4640,4800,7350,4640,39600,11000,3150,19440,12180,23140
609439,631500,Thunder (dot),60,1.0,15930,4640,4800,7350,4640,39600,11000,3150,19440,12240,23140
630720,632010,Fire III,290,1.0,15930,4640,4800,7350,4930,39600,11000,3150,19440,12240,23140
632749,633281,Auto,90,1.0,16020,4640,4800,7350,4930,39600,11000,3150,19440,12240,23140
609439,634500,Thunder (dot),60,1.0,16020,4640,4800,7350,4930,39600,11000,3150,19440,12300,23140
634090,635250,Fire IV,300,1.0,16020,4640,4800,7350,4930,39900,11000,3150,19440,12300,23140
636740,637272,Auto,90,1.0,16110,4640,4800,7350,4930,39900,11000,3150,19440,12300,23140
636240,637400,Fire IV,300,1.0,16110,4640,4800,7350,4930,40200,11000,3150,19440,12300,23140
609439,637500,Thunder (dot),60,1.0,16110,4640,4800,7350,4930,40200,11000,3150,19440,12360,23140
638820,639580,High Thunder,150,1.0,16110,4640,4800,7350,4930,40200,11000,3300,19440,12360,23140
638820,640500,Thunder (dot),60,1.0,16110,4640,4800,7350,4930,40200,11000,3300,19440,12420,23140
641040,641572,Auto,90,1.0,16200,4640,4800,7350,4930,40200,11000,3300,19440,12420,23140
640540,641700,Fire IV,300,1.0,16200,4640,4800,7350,4930,40500,11000,3300,19440,12420,23140
638820,643500,Thunder (dot),60,1.0,16200,4640,4800,7350,4930,40500,11000,3300,19440,12480,23140
642690,643850,Fire IV,300,1.0,16200,4640,4800,7350,4930,40800,11000,3300,19440,12480,23140
645340,645872,Auto,90,1.0,16290,4640,4800,7350,4930,40800,11000,3300,19440,12480,23140
644840,646000,Fire IV,300,1.0,16290,4640,4800,7350,4930,41100,11000,3300,19440,12480,23140
638820,646500,Thunder (dot),60,1.0,16290,4640,4800,7350,4930,41100,11000,3300,19440,12540,23140
646990,648150,Fire IV,300,1.0,16290,4640,4800,7350,4930,41400,11000,3300,19440,12540,23140
638820,649500,Thunder (dot),60,1.0,16290,4640,4800,7350,4930,41400,11000,3300,19440,12600,23140
649140,649760,Flare Star,500,1.0,16290,4640,4800,7350,4930,41400,11500,3300,19440,12600,23140
649640,650172,Auto,90,1.0,16380,4640,4800,7350,4930,41400,11500,3300,19440,12600,23140
650070,650740,Paradox,540,1.0,16380,4640,4800,7350,4930,41400,11500,3300,19980,12600,23140
638820,652500,Thunder (dot),60,1.0,16380,4640,4800,7350,4930,41400,11500,3300,19980,12660,23140
652220,652710,Despair,350,1.0,16380,4640,4800,7700,4930,41400,11500,3300,19980,12660,23140
652920,653452,Auto,90,1.0,16470,4640,4800,7700,4930,41400,11500,3300,19980,12660,23140
654370,655210,Blizzard III,290,1.0,16470,4930,4800,7700,4930,41400,11500,3300,19980,12660,23140
638820,655500,Thunder (dot),60,1.0,16470,4930,4800,7700,4930,41400,11500,3300,19980,12720,23140
656200,656732,Auto,90,1.0,16560,4930,4800,7700,4930,41400,11500,3300,19980,12720,23140
638820,658500,Thunder (dot),60,1.0,16560,4930,4800,7700,4930,41400,11500,3300,19980,12780,23140
657740,658900,Blizzard IV,300,1.0,16560,4930,5100,7700,4930,41400,11500,3300,19980,12780,23140
658670,659340,Paradox,540,1.0,16560,4930,5100,7700,4930,41400,11500,3300,20520,12780,23140
659480,660012,Auto,90,1.0,16650,4930,5100,7700,4930,41400,11500,3300,20520,12780,23140
638820,661500,Thunder (dot),60,1.0,16650,4930,5100,7700,4930,41400,11500,3300,20520,12840,23140
660820,662110,Fire III,290,1.0,16650,4930,5100,7700,5220,41400,11500,3300,20520,12840,23140
662760,663292,Auto,90,1.0,16740,4930,5100,7700,5220,41400,11500,3300,20520,12840,23140
638820,664500,Thunder (dot),60,1.0,16740,4930,5100,7700,5220,41400,11500,3300,20520,12900,23140
664190,665350,Fire IV,300,1.0,16740,4930,5100,7700,5220,41700,11500,3300,20520,12900,23140
666840,667372,Auto,90,1.0,16830,4930,5100,7700,5220,41700,11500,3300,20520,12900,23140
638820,667500,Thunder (dot),60,1.0,16830,4930,5100,7700,5220,41700,11500,3300,20520,12960,23140
666340,667500,Fire IV,300,1.0,16830,4930,5100,7700,5220,42000,11500,3300,20520,12960,23140
668920,669680,High Thunder,150,1.0,16830,4930,5100,7700,5220,42000,11500,3450,20520,12960,23140
668920,670500,Thunder (dot),60,1.0,16830,4930,5100,7700,5220,42000,11500,3450,20520,13020,23140
671140,671672,Auto,90,1.0,16920,4930,5100,7700,5220,42000,11500,3450,20520,13020,23140
670640,671800,Fire IV,300,1.0,16920,4930,5100,7700,5220,42300,11500,3450,20520,13020,23140
668920,673500,Thunder (dot),60,1.0,16920,4930,5100,7700,5220,42300,11500,3450,20520,13080,23140
672790,673950,Fire IV,300,1.0,16920,4930,5100,7700,5220,42600,11500,3450,20520,13080,23140
675440,675972,Auto,90,1.0,17010,4930,5100,7700,5220,42600,11500,3450,20520,13080,23140
674940,676100,Fire IV,300,1.0,17010,4930,5100,7700,5220,42900,11500,3450,20520,13080,23140
668920,676500,Thunder (dot),60,1.0,17010,4930,5100,7700,5220,42900,11500,3450,20520,13140,23140
677090,678250,Fire IV,300,1.0,17010,4930,5100,7700,5220,43200,11500,3450,20520,13140,23140
668920,679500,Thunder (dot),60,1.0,17010,4930,5100,7700,5220,43200,11500,3450,20520,13200,23140
679240,679860,Flare Star,500,1.0,17010,4930,5100,7700,5220,43200,12000,3450,20520,13200,23140
679740,680272,Auto,90,1.0,17100,4930,5100,7700,5220,43200,12000,3450,20520,13200,23140
680170,680840,Paradox,540,1.0,17100,4930,5100,7700,5220,43200,12000,3450,21060,13200,23140
668920,682500,Thunder (dot),60,1.0,17100,4930,5100,7700,5220,43200,12000,3450,21060,13260,23140
682320,682810,Despair,350,1.0,17100,4930,5100,8050,5220,43200,12000,3450,21060,13260,23140
683020,683552,Auto,90,1.0,17190,4930,5100,8050,5220,43200,12000,3450,21060,13260,23140
684470,685310,Blizzard III,290,1.0,17190,5220,5100,8050,5220,43200,12000,3450,21060,13260,23140
668920,685500,Thunder (dot),60,1.0,17190,5220,5100,8050,5220,43200,12000,3450,21060,13320,23140
686300,686832,Auto,90,1.0,17280,5220,5100,8050,5220,43200,12000,3450,21060,13320,23140
686620,687780,Blizzard IV,300,1.0,17280,5220,5400,8050,5220,43200,12000,3450,21060,13320,23140
668920,688500,Thunder (dot),60,1.0,17280,5220,5400,8050,5220,43200,12000,3450,21060,13380,23140
688770,689440,Paradox,540,1.0,17280,5220,5400,8050,5220,43200,12000,3450,21600,13380,23140
689580,690112,Auto,90,1.0,17370,5220,5400,8050,5220,43200,12000,3450,21600,13380,23140
668920,691500,Thunder (dot),60,1.0,17370,5220,5400,8050,5220,43200,12000,3450,21600,13440,23140
690920,692210,Fire III,290,1.0,17370,5220,5400,8050,5510,43200,12000,3450,21600,13440,23140
692860,693392,Auto,90,1.0,17460,5220,5400,8050,5510,43200,12000,3450,21600,13440,23140
668920,694500,Thunder (dot),60,1.0,17460,5220,5400,8050,5510,43200,12000,3450,21600,13500,23140
694290,695450,Fire IV,300,1.0,17460,5220,5400,8050,5510,43500,12000,3450,21600,13500,23140
696940,697472,Auto,90,1.0,17550,5220,5400,8050,5510,43500,12000,3450,21600,13500,23140
668920,697500,Thunder (dot),60,1.0,17550,5220,5400,8050,5510,43500,12000,3450,21600,13560,23140
696440,697600,Fire IV,300,1.0,17550,5220,5400,8050,5510,43800,12000,3450,21600,13560,23140
699020,699780,High Thunder,150,1.0,17550,5220,5400,8050,5510,43800,12000,3600,21600,13560,23140
699020,700500,Thunder (dot),60,1.0,17550,5220,5400,8050,5510,43800,12000,3600,21600,13620,23140
701240,701772,Auto,90,1.0,17640,5220,5400,8050,5510,43800,12000,3600,21600,13620,23140
700740,701900,Fire IV,300,1.0,17640,5220,5400,8050,5510,44100,12000,3600,21600,13620,23140
699020,703500,Thunder (dot),60,1.0,17640,5220,5400,8050,5510,44100,12000,3600,21600,13680,23140
702890,704050,Fire IV,300,1.0,17640,5220,5400,8050,5510,44400,12000,3600,21600,13680,23140
705540,706072,Auto,90,1.0,17730,5220,5400,8050,5510,44400,12000,3600,21600,13680,23140
705040,706200,Fire IV,300,1.0,17730,5220,5400,8050,5510,44700,12000,3600,21600,13680,23140
699020,706500,Thunder (dot),60,1.0,17730,5220,5400,8050,5510,44700,12000,3600,21600,13740,23140
707190,708350,Fire IV,300,1.0,17730,5220,5400,8050,5510,45000,12000,3600,21600,13740,23140
699020,709500,Thunder (dot),60,1.0,17730,5220,5400,8050,5510,45000,12000,3600,21600,13800,23140
709340,709960,Flare Star,500,1.0,17730,5220,5400,8050,5510,45000,12500,3600,21600,13800,23140
709840,710372,Auto,90,1.0,17820,5220,5400,8050,5510,45000,12500,3600,21600,13800,23140
710270,710940,Paradox,540,1.0,17820,5220,5400,8050,5510,45000,12500,3600,22140,13800,23140
699020,712500,Thunder (dot),60,1.0,17820,5220,5400,8050,5510,45000,12500,3600,22140,13860,23140
712420,712910,Despair,350,1.0,17820,5220,5400,8400,5510,45000,12500,3600,22140,13860,23140
713120,713652,Auto,90,1.0,17910,5220,5400,8400,5510,45000,12500,3600,22140,13860,23140
699020,715500,Thunder (dot),60,1.0,17910,5220,5400,8400,5510,45000,12500,3600,22140,13920,23140
716400,716932,Auto,90,1.0,18000,5220,5400,8400,5510,45000,12500,3600,22140,13920,23140
715790,716950,Fire IV,300,1.0,18000,5220,5400,8400,5510,45300,12500,3600,22140,13920,23140
716720,717340,Xenoglossy,890,1.0,18000,5220,5400,8400,5510,45300,12500,3600,22140,13920,24030
699020,718500,Thunder (dot),60,1.0,18000,5220,5400,8400,5510,45300,12500,3600,22140,13980,24030
720590,721122,Auto,90,1.0,18090,5220,5400,8400,5510,45300,12500,3600,22140,13980,24030
720090,721250,Fire IV,300,1.0,18090,5220,5400,8400,5510,45600,12500,3600,22140,13980,24030
699020,721500,Thunder (dot),60,1.0,18090,5220,5400,8400,5510,45600,12500,3600,22140,14040,24030
722240,723400,Fire IV,300,1.0,18090,5220,5400,8400,5510,45900,12500,3600,22140,14040,24030
723170,723840,Paradox,540,1.0,18090,5220,5400,8400,5510,45900,12500,3600,22680,14040,24030
723870,724402,Auto,90,1.0,18180,5220,5400,8400,5510,45900,12500,3600,22680,14040,24030
699020,724500,Thunder (dot),60,1.0,18180,5220,5400,8400,5510,45900,12500,3600,22680,14100,24030
726330,727490,Fire IV,300,1.0,18180,5220,5400,8400,5510,46200,12500,3600,22680,14100,24030
699020,727500,Thunder (dot),60,1.0,18180,5220,5400,8400,5510,46200,12500,3600,22680,14160,24030
727150,727682,Auto,90,1.0,18270,5220,5400,8400,5510,46200,12500,3600,22680,14160,24030
728520,729280,High Thunder,150,1.0,18270,5220,5400,8400,5510,46200,12500,3750,22680,14160,24030
729031,730191,Fire IV,300,1.0,18270,5220,5400,8400,5510,46500,12500,3750,22680,14160,24030
729930,730462,Auto,90,1.0,18360,5220,5400,8400,5510,46500,12500,3750,22680,14160,24030
728520,730500,Thunder (dot),60,1.0,18360,5220,5400,8400,5510,46500,12500,3750,22680,14220,24030
730861,732021,Fire IV,300,1.0,18360,5220,5400,8400,5510,46800,12500,3750,22680,14220,24030
732710,733242,Auto,90,1.0,18450,5220,5400,8400,5510,46800,12500,3750,22680,14220,24030
732691,733311,Flare Star,500,1.0,18450,5220,5400,8400,5510,46800,13000,3750,22680,14220,24030
728520,733500,Thunder (dot),60,1.0,18450,5220,5400,8400,5510,46800,13000,3750,22680,14280,24030
734521,735011,Despair,350,1.0,18450,5220,5400,8750,5510,46800,13000,3750,22680,14280,24030
735490,736022,Auto,90,1.0,18540,5220,5400,8750,5510,46800,13000,3750,22680,14280,24030
728520,736500,Thunder (dot),60,1.0,18540,5220,5400,8750,5510,46800,13000,3750,22680,14340,24030
736351,736971,Xenoglossy,890,1.0,18540,5220,5400,8750,5510,46800,13000,3750,22680,14340,24920
738181,738801,Xenoglossy,890,1.0,18540,5220,5400,8750,5510,46800,13000,3750,22680,14340,25810
738270,738802,Auto,90,1.0,18630,5220,5400,8750,5510,46800,13000,3750,22680,14340,25810
728520,739500,Thunder (dot),60,1.0,18630,5220,5400,8750,5510,46800,13000,3750,22680,14400,25810
740011,740631,Xenoglossy,890,1.0,18630,5220,5400,8750,5510,46800,13000,3750,22680,14400,26700
741050,741582,Auto,90,1.0,18720,5220,5400,8750,5510,46800,13000,3750,22680,14400,26700
728520,742500,Thunder (dot),60,1.0,18720,5220,5400,8750,5510,46800,13000,3750,22680,14460,26700
741841,742511,Paradox,540,1.0,18720,5220,5400,8750,5510,46800,13000,3750,23220,14460,26700
743830,744362,Auto,90,1.0,18810,5220,5400,8750,5510,46800,13000,3750,23220,14460,26700
743671,744961,Fire III,290,1.0,18810,5220,5400,8750,5800,46800,13000,3750,23220,14460,26700
728520,745500,Thunder (dot),60,1.0,18810,5220,5400,8750,5800,46800,13000,3750,23220,14520,26700
745501,746121,Xenoglossy,890,1.0,18810,5220,5400,8750,5800,46800,13000,3750,23220,14520,27590
746610,747142,Auto,90,1.0,18900,5220,5400,8750,5800,46800,13000,3750,23220,14520,27590
747651,748141,Despair,350,1.0,18900,5220,5400,9100,5800,46800,13000,3750,23220,14520,27590
728520,748500,Thunder (dot),60,1.0,18900,5220,5400,9100,5800,46800,13000,3750,23220,14580,27590
749890,750422,Auto,90,1.0,18990,5220,5400,9100,5800,46800,13000,3750,23220,14580,27590
749801,750471,Paradox,540,1.0,18990,5220,5400,9100,5800,46800,13000,3750,23760,14580,27590
