sim_timestamp,sim_damage_timestamp,sim_name,sim_potency,sim_weight,Auto,Baneful Impaction (dot),Biolysis (dot),Broil IV,Energy Drain
-200,1500,Biolysis (dot),85,1.0,0,0,85,0,0
1500,2032,Auto,90,1.0,90,0,85,0,0
3140,3940,Broil IV,320,1.0,90,0,85,320,0
-200,4500,Biolysis (dot),85,1.0,90,0,170,320,0
4620,5152,Auto,90,1.0,180,0,170,320,0
4600,5400,Broil IV,320,1.0,180,0,170,640,0
-200,7500,Biolysis (dot),85,1.0,180,0,255,640,0
7940,8740,Broil IV,320,1.0,180,0,255,960,0
8440,8972,Auto,90,1.0,270,0,255,960,0
8543,9613,Energy Drain,100,1.0,270,0,255,960,100
-200,10500,Biolysis (dot),85,1.0,270,0,340,960,100
10340,11140,Broil IV,320,1.0,270,0,340,1280,100
10943,12013,Energy Drain,100,1.0,270,0,340,1280,200
11560,12092,Auto,90,1.0,360,0,340,1280,200
-200,13500,Biolysis (dot),85,1.0,360,0,425,1280,200
12740,13540,Broil IV,320,1.0,360,0,425,1600,200
13343,14413,Energy Drain,100,1.0,360,0,425,1600,300
15140,15940,Broil IV,320,1.0,360,0,425,1920,300
15640,16172,Auto,90,1.0,450,0,425,1920,300
-200,16500,Biolysis (dot),85,1.0,450,0,510,1920,300
17540,18340,Broil IV,320,1.0,450,0,510,2240,300
18760,19292,Auto,90,1.0,540,0,510,2240,300
-200,19500,Biolysis (dot),85,1.0,540,0,595,2240,300
18143,19500,Baneful Impaction (dot),140,1.0,540,140,595,2240,300
19940,20740,Broil IV,320,1.0,540,140,595,2560,300
20543,21613,Energy Drain,100,1.0,540,140,595,2560,400
-200,22500,Biolysis (dot),85,1.0,540,140,680,2560,400
18143,22500,Baneful Impaction (dot),140,1.0,540,280,680,2560,400
22340,23140,Broil IV,320,1.0,540,280,680,2880,400
22840,23372,Auto,90,1.0,630,280,680,2880,400
22943,24013,Energy Drain,100,1.0,630,280,680,2880,500
24420,25490,Energy Drain,100,1.0,630,280,680,2880,600
23800,25500,Biolysis (dot),85,1.0,630,280,765,2880,600
18143,25500,Baneful Impaction (dot),140,1.0,630,420,765,2880,600
25960,26492,Auto,90,1.0,720,420,765,2880,600
27140,27940,Broil IV,320,1.0,720,420,765,3200,600
23800,28500,Biolysis (dot),85,1.0,720,420,850,3200,600
18143,28500,Baneful Impaction (dot),140,1.0,720,560,850,3200,600
29541,30341,Broil IV,320,1.0,720,560,850,3520,600
30041,30573,Auto,90,1.0,810,560,850,3520,600
23800,31500,Biolysis (dot),85,1.0,810,560,935,3520,600
18143,31500,Baneful Impaction (dot),140,1.0,810,700,935,3520,600
31941,32741,Broil IV,320,1.0,810,700,935,3840,600
33161,33693,Auto,90,1.0,900,700,935,3840,600
23800,34500,Biolysis (dot),85,1.0,900,700,1020,3840,600
34341,35141,Broil IV,320,1.0,900,700,1020,4160,600
23800,37500,Biolysis (dot),85,1.0,900,700,1105,4160,600
36741,37541,Broil IV,320,1.0,900,700,1105,4480,600
37241,37773,Auto,90,1.0,990,700,1105,4480,600
39141,39941,Broil IV,320,1.0,990,700,1105,4800,600
23800,40500,Biolysis (dot),85,1.0,990,700,1190,4800,600
40361,40893,Auto,90,1.0,1080,700,1190,4800,600
41541,42341,Broil IV,320,1.0,1080,700,1190,5120,600
23800,43500,Biolysis (dot),85,1.0,1080,700,1275,5120,600
43941,44741,Broil IV,320,1.0,1080,700,1275,5440,600
44441,44973,Auto,90,1.0,1170,700,1275,5440,600
23800,46500,Biolysis (dot),85,1.0,1170,700,1360,5440,600
46341,47141,Broil IV,320,1.0,1170,700,1360,5760,600
47561,48093,Auto,90,1.0,1260,700,1360,5760,600
23800,49500,Biolysis (dot),85,1.0,1260,700,1445,5760,600
48741,49541,Broil IV,320,1.0,1260,700,1445,6080,600
51141,51941,Broil IV,320,1.0,1260,700,1445,6400,600
51641,52173,Auto,90,1.0,1350,700,1445,6400,600
23800,52500,Biolysis (dot),85,1.0,1350,700,1530,6400,600
54761,55293,Auto,90,1.0,1440,700,1530,6400,600
52601,55500,Biolysis (dot),85,1.0,1440,700,1615,6400,600
55941,56741,Broil IV,320,1.0,1440,700,1615,6720,600
52601,58500,Biolysis (dot),85,1.0,1440,700,1700,6720,600
58341,59141,Broil IV,320,1.0,1440,700,1700,7040,600
58841,59373,Auto,90,1.0,1530,700,1700,7040,600
52601,61500,Biolysis (dot),85,1.0,1530,700,1785,7040,600
60741,61541,Broil IV,320,1.0,1530,700,1785,7360,600
61961,62493,Auto,90,1.0,1620,700,1785,7360,600
63141,63941,Broil IV,320,1.0,1620,700,1785,7680,600
52601,64500,Biolysis (dot),85,1.0,1620,700,1870,7680,600
65541,66341,Broil IV,320,1.0,1620,700,1870,8000,600
66041,66573,Auto,90,1.0,1710,700,1870,8000,600
52601,67500,Biolysis (dot),85,1.0,1710,700,1955,8000,600
67941,68741,Broil IV,320,1.0,1710,700,1955,8320,600
69161,69693,Auto,90,1.0,1800,700,1955,8320,600
52601,70500,Biolysis (dot),85,1.0,1800,700,2040,8320,600
70341,71141,Broil IV,320,1.0,1800,700,2040,8640,600
52601,73500,Biolysis (dot),85,1.0,1800,700,2125,8640,600
72741,73541,Broil IV,320,1.0,1800,700,2125,8960,600
73241,73773,Auto,90,1.0,1890,700,2125,8960,600
75141,75941,Broil IV,320,1.0,1890,700,2125,9280,600
52601,76500,Biolysis (dot),85,1.0,1890,700,2210,9280,600
76361,76893,Auto,90,1.0,1980,700,2210,9280,600
77541,78341,Broil IV,320,1.0,1980,700,2210,9600,600
52601,79500,Biolysis (dot),85,1.0,1980,700,2295,9600,600
79941,80741,Broil IV,320,1.0,1980,700,2295,9920,600
80441,80973,Auto,90,1.0,2070,700,2295,9920,600
52601,82500,Biolysis (dot),85,1.0,2070,700,2380,9920,600
82341,83141,Broil IV,320,1.0,2070,700,2380,10240,600
83561,84093,Auto,90,1.0,2160,700,2380,10240,600
83801,85500,Biolysis (dot),85,1.0,2160,700,2465,10240,600
87141,87941,Broil IV,320,1.0,2160,700,2465,10560,600
87641,88173,Auto,90,1.0,2250,700,2465,10560,600
83801,88500,Biolysis (dot),85,1.0,2250,700,2550,10560,600
89542,90342,Broil IV,320,1.0,2250,700,2550,10880,600
90761,91293,Auto,90,1.0,2340,700,2550,10880,600
83801,91500,Biolysis (dot),85,1.0,2340,700,2635,10880,600
91942,92742,Broil IV,320,1.0,2340,700,2635,11200,600
83801,94500,Biolysis (dot),85,1.0,2340,700,2720,11200,600
94342,95142,Broil IV,320,1.0,2340,700,2720,11520,600
94842,95374,Auto,90,1.0,2430,700,2720,11520,600
83801,97500,Biolysis (dot),85,1.0,2430,700,2805,11520,600
96742,97542,Broil IV,320,1.0,2430,700,2805,11840,600
97962,98494,Auto,90,1.0,2520,700,2805,11840,600
99142,99942,Broil IV,320,1.0,2520,700,2805,12160,600
83801,100500,Biolysis (dot),85,1.0,2520,700,2890,12160,600
101542,102342,Broil IV,320,1.0,2520,700,2890,12480,600
102042,102574,Auto,90,1.0,2610,700,2890,12480,600
83801,103500,Biolysis (dot),85,1.0,2610,700,2975,12480,600
103942,104742,Broil IV,320,1.0,2610,700,2975,12800,600
105162,105694,Auto,90,1.0,2700,700,2975,12800,600
83801,106500,Biolysis (dot),85,1.0,2700,700,3060,12800,600
106342,107142,Broil IV,320,1.0,2700,700,3060,13120,600
83801,109500,Biolysis (dot),85,1.0,2700,700,3145,13120,600
108742,109542,Broil IV,320,1.0,2700,700,3145,13440,600
109242,109774,Auto,90,1.0,2790,700,3145,13440,600
111142,111942,Broil IV,320,1.0,2790,700,3145,13760,600
83801,112500,Biolysis (dot),85,1.0,2790,700,3230,13760,600
112362,112894,Auto,90,1.0,2880,700,3230,13760,600
113542,114342,Broil IV,320,1.0,2880,700,3230,14080,600
115482,116014,Auto,90,1.0,2970,700,3230,14080,600
115002,118500,Biolysis (dot),85,1.0,2970,700,3315,14080,600
118342,119142,Broil IV,320,1.0,2970,700,3315,14400,600
118842,119374,Auto,90,1.0,3060,700,3315,14400,600
115002,121500,Biolysis (dot),85,1.0,3060,700,3400,14400,600
120742,121542,Broil IV,320,1.0,3060,700,3400,14720,600
121962,122494,Auto,90,1.0,3150,700,3400,14720,600
123142,123942,Broil IV,320,1.0,3150,700,3400,15040,600
115002,124500,Biolysis (dot),85,1.0,3150,700,3485,15040,600
124602,125402,Broil IV,320,1.0,3150,700,3485,15360,600
125082,125614,Auto,90,1.0,3240,700,3485,15360,600
115002,127500,Biolysis (dot),85,1.0,3240,700,3570,15360,600
127942,128742,Broil IV,320,1.0,3240,700,3570,15680,600
128442,128974,Auto,90,1.0,3330,700,3570,15680,600
128544,129614,Energy Drain,100,1.0,3330,700,3570,15680,700
115002,130500,Biolysis (dot),85,1.0,3330,700,3655,15680,700
130341,131141,Broil IV,320,1.0,3330,700,3655,16000,700
130945,132015,Energy Drain,100,1.0,3330,700,3655,16000,800
131562,132094,Auto,90,1.0,3420,700,3655,16000,800
115002,133500,Biolysis (dot),85,1.0,3420,700,3740,16000,800
132742,133542,Broil IV,320,1.0,3420,700,3740,16320,800
133345,134415,Energy Drain,100,1.0,3420,700,3740,16320,900
135142,135942,Broil IV,320,1.0,3420,700,3740,16640,900
135642,136174,Auto,90,1.0,3510,700,3740,16640,900
115002,136500,Biolysis (dot),85,1.0,3510,700,3825,16640,900
137542,138342,Broil IV,320,1.0,3510,700,3825,16960,900
138762,139294,Auto,90,1.0,3600,700,3825,16960,900
115002,139500,Biolysis (dot),85,1.0,3600,700,3910,16960,900
138145,139500,Baneful Impaction (dot),140,1.0,3600,840,3910,16960,900
139942,140742,Broil IV,320,1.0,3600,840,3910,17280,900
140545,141615,Energy Drain,100,1.0,3600,840,3910,17280,1000
115002,142500,Biolysis (dot),85,1.0,3600,840,3995,17280,1000
138145,142500,Baneful Impaction (dot),140,1.0,3600,980,3995,17280,1000
142342,143142,Broil IV,320,1.0,3600,980,3995,17600,1000
142842,143374,Auto,90,1.0,3690,980,3995,17600,1000
142945,144015,Energy Drain,100,1.0,3690,980,3995,17600,1100
144422,145492,Energy Drain,100,1.0,3690,980,3995,17600,1200
138145,145500,Baneful Impaction (dot),140,1.0,3690,1120,3995,17600,1200
143802,145500,Biolysis (dot),85,1.0,3690,1120,4080,17600,1200
145962,146494,Auto,90,1.0,3780,1120,4080,17600,1200
147142,147942,Broil IV,320,1.0,3780,1120,4080,17920,1200
143802,148500,Biolysis (dot),85,1.0,3780,1120,4165,17920,1200
138145,148500,Baneful Impaction (dot),140,1.0,3780,1260,4165,17920,1200
149543,150343,Broil IV,320,1.0,3780,1260,4165,18240,1200
150043,150575,Auto,90,1.0,3870,1260,4165,18240,1200
143802,151500,Biolysis (dot),85,1.0,3870,1260,4250,18240,1200
138145,151500,Baneful Impaction (dot),140,1.0,3870,1400,4250,18240,1200
151943,152743,Broil IV,320,1.0,3870,1400,4250,18560,1200
153163,153695,Auto,90,1.0,3960,1400,4250,18560,1200
143802,154500,Biolysis (dot),85,1.0,3960,1400,4335,18560,1200
154343,155143,Broil IV,320,1.0,3960,1400,4335,18880,1200
143802,157500,Biolysis (dot),85,1.0,3960,1400,4420,18880,1200
156743,157543,Broil IV,320,1.0,3960,1400,4420,19200,1200
157243,157775,Auto,90,1.0,4050,1400,4420,19200,1200
159143,159943,Broil IV,320,1.0,4050,1400,4420,19520,1200
143802,160500,Biolysis (dot),85,1.0,4050,1400,4505,19520,1200
160363,160895,Auto,90,1.0,4140,1400,4505,19520,1200
161543,162343,Broil IV,320,1.0,4140,1400,4505,19840,1200
143802,163500,Biolysis (dot),85,1.0,4140,1400,4590,19840,1200
163943,164743,Broil IV,320,1.0,4140,1400,4590,20160,1200
164443,164975,Auto,90,1.0,4230,1400,4590,20160,1200
143802,166500,Biolysis (dot),85,1.0,4230,1400,4675,20160,1200
166343,167143,Broil IV,320,1.0,4230,1400,4675,20480,1200
167563,168095,Auto,90,1.0,4320,1400,4675,20480,1200
143802,169500,Biolysis (dot),85,1.0,4320,1400,4760,20480,1200
168743,169543,Broil IV,320,1.0,4320,1400,4760,20800,1200
171143,171943,Broil IV,320,1.0,4320,1400,4760,21120,1200
171643,172175,Auto,90,1.0,4410,1400,4760,21120,1200
143802,172500,Biolysis (dot),85,1.0,4410,1400,4845,21120,1200
173543,174343,Broil IV,320,1.0,4410,1400,4845,21440,1200
174763,175295,Auto,90,1.0,4500,1400,4845,21440,1200
175003,178500,Biolysis (dot),85,1.0,4500,1400,4930,21440,1200
178343,179143,Broil IV,320,1.0,4500,1400,4930,21760,1200
178843,179375,Auto,90,1.0,4590,1400,4930,21760,1200
175003,181500,Biolysis (dot),85,1.0,4590,1400,5015,21760,1200
180743,181543,Broil IV,320,1.0,4590,1400,5015,22080,1200
181963,182495,Auto,90,1.0,4680,1400,5015,22080,1200
183143,183943,Broil IV,320,1.0,4680,1400,5015,22400,1200
175003,184500,Biolysis (dot),85,1.0,4680,1400,5100,22400,1200
183746,184816,Energy Drain,100,1.0,4680,1400,5100,22400,1300
185543,186343,Broil IV,320,1.0,4680,1400,5100,22720,1300
186043,186575,Auto,90,1.0,4770,1400,5100,22720,1300
186146,187216,Energy Drain,100,1.0,4770,1400,5100,22720,1400
175003,187500,Biolysis (dot),85,1.0,4770,1400,5185,22720,1400
187943,188743,Broil IV,320,1.0,4770,1400,5185,23040,1400
188546,189616,Energy Drain,100,1.0,4770,1400,5185,23040,1500
189163,189695,Auto,90,1.0,4860,1400,5185,23040,1500
175003,190500,Biolysis (dot),85,1.0,4860,1400,5270,23040,1500
190343,191143,Broil IV,320,1.0,4860,1400,5270,23360,1500
175003,193500,Biolysis (dot),85,1.0,4860,1400,5355,23360,1500
192743,193543,Broil IV,320,1.0,4860,1400,5355,23680,1500
193243,193775,Auto,90,1.0,4950,1400,5355,23680,1500
195143,195943,Broil IV,320,1.0,4950,1400,5355,24000,1500
175003,196500,Biolysis (dot),85,1.0,4950,1400,5440,24000,1500
196363,196895,Auto,90,1.0,5040,1400,5440,24000,1500
197543,198343,Broil IV,320,1.0,5040,1400,5440,24320,1500
175003,199500,Biolysis (dot),85,1.0,5040,1400,5525,24320,1500
199943,200743,Broil IV,320,1.0,5040,1400,5525,24640,1500
200443,200975,Auto,90,1.0,5130,1400,5525,24640,1500
175003,202500,Biolysis (dot),85,1.0,5130,1400,5610,24640,1500
202343,203143,Broil IV,320,1.0,5130,1400,5610,24960,1500
203563,204095,Auto,90,1.0,5220,1400,5610,24960,1500
175003,205500,Biolysis (dot),85,1.0,5220,1400,5695,24960,1500
204743,205543,Broil IV,320,1.0,5220,1400,5695,25280,1500
206683,207215,Auto,90,1.0,5310,1400,5695,25280,1500
206203,208500,Biolysis (dot),85,1.0,5310,1400,5780,25280,1500
209544,210344,Broil IV,320,1.0,5310,1400,5780,25600,1500
210044,210576,Auto,90,1.0,5400,1400,5780,25600,1500
206203,211500,Biolysis (dot),85,1.0,5400,1400,5865,25600,1500
211944,212744,Broil IV,320,1.0,5400,1400,5865,25920,1500
213164,213696,Auto,90,1.0,5490,1400,5865,25920,1500
206203,214500,Biolysis (dot),85,1.0,5490,1400,5950,25920,1500
214344,215144,Broil IV,320,1.0,5490,1400,5950,26240,1500
206203,217500,Biolysis (dot),85,1.0,5490,1400,6035,26240,1500
216744,217544,Broil IV,320,1.0,5490,1400,6035,26560,1500
217244,217776,Auto,90,1.0,5580,1400,6035,26560,1500
219144,219944,Broil IV,320,1.0,5580,1400,6035,26880,1500
206203,220500,Biolysis (dot),85,1.0,5580,1400,6120,26880,1500
220364,220896,Auto,90,1.0,5670,1400,6120,26880,1500
221544,222344,Broil IV,320,1.0,5670,1400,6120,27200,1500
206203,223500,Biolysis (dot),85,1.0,5670,1400,6205,27200,1500
223944,224744,Broil IV,320,1.0,5670,1400,6205,27520,1500
224444,224976,Auto,90,1.0,5760,1400,6205,27520,1500
206203,226500,Biolysis (dot),85,1.0,5760,1400,6290,27520,1500
226344,227144,Broil IV,320,1.0,5760,1400,6290,27840,1500
227564,228096,Auto,90,1.0,5850,1400,6290,27840,1500
206203,229500,Biolysis (dot),85,1.0,5850,1400,6375,27840,1500
228744,229544,Broil IV,320,1.0,5850,1400,6375,28160,1500
231144,231944,Broil IV,320,1.0,5850,1400,6375,28480,1500
231644,232176,Auto,90,1.0,5940,1400,6375,28480,1500
206203,232500,Biolysis (dot),85,1.0,5940,1400,6460,28480,1500
233544,234344,Broil IV,320,1.0,5940,1400,6460,28800,1500
234764,235296,Auto,90,1.0,6030,1400,6460,28800,1500
206203,235500,Biolysis (dot),85,1.0,6030,1400,6545,28800,1500
235004,238500,Biolysis (dot),85,1.0,6030,1400,6630,28800,1500
238344,239144,Broil IV,320,1.0,6030,1400,6630,29120,1500
238844,239376,Auto,90,1.0,6120,1400,6630,29120,1500
235004,241500,Biolysis (dot),85,1.0,6120,1400,6715,29120,1500
240744,241544,Broil IV,320,1.0,6120,1400,6715,29440,1500
241964,242496,Auto,90,1.0,6210,1400,6715,29440,1500
243144,243944,Broil IV,320,1.0,6210,1400,6715,29760,1500
235004,244500,Biolysis (dot),85,1.0,6210,1400,6800,29760,1500
244604,245404,Broil IV,320,1.0,6210,1400,6800,30080,1500
245084,245616,Auto,90,1.0,6300,1400,6800,30080,1500
235004,247500,Biolysis (dot),85,1.0,6300,1400,6885,30080,1500
247944,248744,Broil IV,320,1.0,6300,1400,6885,30400,1500
248444,248976,Auto,90,1.0,6390,1400,6885,30400,1500
248547,249617,Energy Drain,100,1.0,6390,1400,6885,30400,1600
235004,250500,Biolysis (dot),85,1.0,6390,1400,6970,30400,1600
250344,251144,Broil IV,320,1.0,6390,1400,6970,30720,1600
250947,252017,Energy Drain,100,1.0,6390,1400,6970,30720,1700
251564,252096,Auto,90,1.0,6480,1400,6970,30720,1700
235004,253500,Biolysis (dot),85,1.0,6480,1400,7055,30720,1700
252744,253544,Broil IV,320,1.0,6480,1400,7055,31040,1700
253347,254417,Energy Drain,100,1.0,6480,1400,7055,31040,1800
255144,255944,Broil IV,320,1.0,6480,1400,7055,31360,1800
255644,256176,Auto,90,1.0,6570,1400,7055,31360,1800
235004,256500,Biolysis (dot),85,1.0,6570,1400,7140,31360,1800
257543,258343,Broil IV,320,1.0,6570,1400,7140,31680,1800
258764,259296,Auto,90,1.0,6660,1400,7140,31680,1800
235004,259500,Biolysis (dot),85,1.0,6660,1400,7225,31680,1800
258147,259500,Baneful Impaction (dot),140,1.0,6660,1540,7225,31680,1800
259944,260744,Broil IV,320,1.0,6660,1540,7225,32000,1800
260547,261617,Energy Drain,100,1.0,6660,1540,7225,32000,1900
235004,262500,Biolysis (dot),85,1.0,6660,1540,7310,32000,1900
258147,262500,Baneful Impaction (dot),140,1.0,6660,1680,7310,32000,1900
262344,263144,Broil IV,320,1.0,6660,1680,7310,32320,1900
262844,263376,Auto,90,1.0,6750,1680,7310,32320,1900
262947,264017,Energy Drain,100,1.0,6750,1680,7310,32320,2000
264424,265494,Energy Drain,100,1.0,6750,1680,7310,32320,2100
263804,265500,Biolysis (dot),85,1.0,6750,1680,7395,32320,2100
258147,265500,Baneful Impaction (dot),140,1.0,6750,1820,7395,32320,2100
265964,266496,Auto,90,1.0,6840,1820,7395,32320,2100
267144,267944,Broil IV,320,1.0,6840,1820,7395,32640,2100
263804,268500,Biolysis (dot),85,1.0,6840,1820,7480,32640,2100
258147,268500,Baneful Impaction (dot),140,1.0,6840,1960,7480,32640,2100
269545,270345,Broil IV,320,1.0,6840,1960,7480,32960,2100
270045,270577,Auto,90,1.0,6930,1960,7480,32960,2100
263804,271500,Biolysis (dot),85,1.0,6930,1960,7565,32960,2100
258147,271500,Baneful Impaction (dot),140,1.0,6930,2100,7565,32960,2100
271945,272745,Broil IV,320,1.0,6930,2100,7565,33280,2100
273165,273697,Auto,90,1.0,7020,2100,7565,33280,2100
263804,274500,Biolysis (dot),85,1.0,7020,2100,7650,33280,2100
274345,275145,Broil IV,320,1.0,7020,2100,7650,33600,2100
263804,277500,Biolysis (dot),85,1.0,7020,2100,7735,33600,2100
276745,277545,Broil IV,320,1.0,7020,2100,7735,33920,2100
277245,277777,Auto,90,1.0,7110,2100,7735,33920,2100
279145,279945,Broil IV,320,1.0,7110,2100,7735,34240,2100
263804,280500,Biolysis (dot),85,1.0,7110,2100,7820,34240,2100
280365,280897,Auto,90,1.0,7200,2100,7820,34240,2100
281545,282345,Broil IV,320,1.0,7200,2100,7820,34560,2100
263804,283500,Biolysis (dot),85,1.0,7200,2100,7905,34560,2100
283945,284745,Broil IV,320,1.0,7200,2100,7905,34880,2100
284445,284977,Auto,90,1.0,7290,2100,7905,34880,2100
263804,286500,Biolysis (dot),85,1.0,7290,2100,7990,34880,2100
286345,287145,Broil IV,320,1.0,7290,2100,7990,35200,2100
287565,288097,Auto,90,1.0,7380,2100,7990,35200,2100
263804,289500,Biolysis (dot),85,1.0,7380,2100,8075,35200,2100
288745,289545,Broil IV,320,1.0,7380,2100,8075,35520,2100
291145,291945,Broil IV,320,1.0,7380,2100,8075,35840,2100
291645,292177,Auto,90,1.0,7470,2100,8075,35840,2100
263804,292500,Biolysis (dot),85,1.0,7470,2100,8160,35840,2100
293545,294345,Broil IV,320,1.0,7470,2100,8160,36160,2100
294765,295297,Auto,90,1.0,7560,2100,8160,36160,2100
295005,298500,Biolysis (dot),85,1.0,7560,2100,8245,36160,2100
298345,299145,Broil IV,320,1.0,7560,2100,8245,36480,2100
298845,299377,Auto,90,1.0,7650,2100,8245,36480,2100
295005,301500,Biolysis (dot),85,1.0,7650,2100,8330,36480,2100
300745,301545,Broil IV,320,1.0,7650,2100,8330,36800,2100
301965,302497,Auto,90,1.0,7740,2100,8330,36800,2100
303145,303945,Broil IV,320,1.0,7740,2100,8330,37120,2100
295005,304500,Biolysis (dot),85,1.0,7740,2100,8415,37120,2100
305545,306345,Broil IV,320,1.0,7740,2100,8415,37440,2100
306045,306577,Auto,90,1.0,7830,2100,8415,37440,2100
295005,307500,Biolysis (dot),85,1.0,7830,2100,8500,37440,2100
307945,308745,Broil IV,320,1.0,7830,2100,8500,37760,2100
309165,309697,Auto,90,1.0,7920,2100,8500,37760,2100
295005,310500,Biolysis (dot),85,1.0,7920,2100,8585,37760,2100
310345,311145,Broil IV,320,1.0,7920,2100,8585,38080,2100
295005,313500,Biolysis (dot),85,1.0,7920,2100,8670,38080,2100
312745,313545,Broil IV,320,1.0,7920,2100,8670,38400,2100
313245,313777,Auto,90,1.0,8010,2100,8670,38400,2100
315145,315945,Broil IV,320,1.0,8010,2100,8670,38720,2100
295005,316500,Biolysis (dot),85,1.0,8010,2100,8755,38720,2100
316365,316897,Auto,90,1.0,8100,2100,8755,38720,2100
317545,318345,Broil IV,320,1.0,8100,2100,8755,39040,2100
295005,319500,Biolysis (dot),85,1.0,8100,2100,8840,39040,2100
319945,320745,Broil IV,320,1.0,8100,2100,8840,39360,2100
320445,320977,Auto,90,1.0,8190,2100,8840,39360,2100
295005,322500,Biolysis (dot),85,1.0,8190,2100,8925,39360,2100
322345,323145,Broil IV,320,1.0,8190,2100,8925,39680,2100
323565,324097,Auto,90,1.0,8280,2100,8925,39680,2100
295005,325500,Biolysis (dot),85,1.0,8280,2100,9010,39680,2100
324745,325545,Broil IV,320,1.0,8280,2100,9010,40000,2100
326685,327217,Auto,90,1.0,8370,2100,9010,40000,2100
326205,328500,Biolysis (dot),85,1.0,8370,2100,9095,40000,2100
329546,330346,Broil IV,320,1.0,8370,2100,9095,40320,2100
330046,330578,Auto,90,1.0,8460,2100,9095,40320,2100
326205,331500,Biolysis (dot),85,1.0,8460,2100,9180,40320,2100
331946,332746,Broil IV,320,1.0,8460,2100,9180,40640,2100
333166,333698,Auto,90,1.0,8550,2100,9180,40640,2100
326205,334500,Biolysis (dot),85,1.0,8550,2100,9265,40640,2100
334346,335146,Broil IV,320,1.0,8550,2100,9265,40960,2100
326205,337500,Biolysis (dot),85,1.0,8550,2100,9350,40960,2100
336746,337546,Broil IV,320,1.0,8550,2100,9350,41280,2100
337246,337778,Auto,90,1.0,8640,2100,9350,41280,2100
339146,339946,Broil IV,320,1.0,8640,2100,9350,41600,2100
326205,340500,Biolysis (dot),85,1.0,8640,2100,9435,41600,2100
340366,340898,Auto,90,1.0,8730,2100,9435,41600,2100
341546,342346,Broil IV,320,1.0,8730,2100,9435,41920,2100
326205,343500,Biolysis (dot),85,1.0,8730,2100,9520,41920,2100
343946,344746,Broil IV,320,1.0,8730,2100,9520,42240,2100
344446,344978,Auto,90,1.0,8820,2100,9520,42240,2100
326205,346500,Biolysis (dot),85,1.0,8820,2100,9605,42240,2100
346346,347146,Broil IV,320,1.0,8820,2100,9605,42560,2100
347566,348098,Auto,90,1.0,8910,2100,9605,42560,2100
326205,349500,Biolysis (dot),85,1.0,8910,2100,9690,42560,2100
348746,349546,Broil IV,320,1.0,8910,2100,9690,42880,2100
351146,351946,Broil IV,320,1.0,8910,2100,9690,43200,2100
351646,352178,Auto,90,1.0,9000,2100,9690,43200,2100
326205,352500,Biolysis (dot),85,1.0,9000,2100,9775,43200,2100
353546,354346,Broil IV,320,1.0,9000,2100,9775,43520,2100
354766,355298,Auto,90,1.0,9090,2100,9775,43520,2100
326205,355500,Biolysis (dot),85,1.0,9090,2100,9860,43520,2100
355626,356696,Energy Drain,100,1.0,9090,2100,9860,43520,2200
356626,357696,Energy Drain,100,1.0,9090,2100,9860,43520,2300
355006,358500,Biolysis (dot),85,1.0,9090,2100,9945,43520,2300
358346,359146,Broil IV,320,1.0,9090,2100,9945,43840,2300
358846,359378,Auto,90,1.0,9180,2100,9945,43840,2300
358949,360019,Energy Drain,100,1.0,9180,2100,9945,43840,2400
355006,361500,Biolysis (dot),85,1.0,9180,2100,10030,43840,2400
360746,361546,Broil IV,320,1.0,9180,2100,10030,44160,2400
361966,362498,Auto,90,1.0,9270,2100,10030,44160,2400
363146,363946,Broil IV,320,1.0,9270,2100,10030,44480,2400
355006,364500,Biolysis (dot),85,1.0,9270,2100,10115,44480,2400
364606,365406,Broil IV,320,1.0,9270,2100,10115,44800,2400
365086,365618,Auto,90,1.0,9360,2100,10115,44800,2400
355006,367500,Biolysis (dot),85,1.0,9360,2100,10200,44800,2400
367946,368746,Broil IV,320,1.0,9360,2100,10200,45120,2400
368446,368978,Auto,90,1.0,9450,2100,10200,45120,2400
368549,369619,Energy Drain,100,1.0,9450,2100,10200,45120,2500
355006,370500,Biolysis (dot),85,1.0,9450,2100,10285,45120,2500
370346,371146,Broil IV,320,1.0,9450,2100,10285,45440,2500
370949,372019,Energy Drain,100,1.0,9450,2100,10285,45440,2600
371566,372098,Auto,90,1.0,9540,2100,10285,45440,2600
355006,373500,Biolysis (dot),85,1.0,9540,2100,10370,45440,2600
372746,373546,Broil IV,320,1.0,9540,2100,10370,45760,2600
373349,374419,Energy Drain,100,1.0,9540,2100,10370,45760,2700
375146,375946,Broil IV,320,1.0,9540,2100,10370,46080,2700
375646,376178,Auto,90,1.0,9630,2100,10370,46080,2700
355006,376500,Biolysis (dot),85,1.0,9630,2100,10455,46080,2700
377546,378346,Broil IV,320,1.0,9630,2100,10455,46400,2700
378766,379298,Auto,90,1.0,9720,2100,10455,46400,2700
378149,379500,Baneful Impaction (dot),140,1.0,9720,2240,10455,46400,2700
355006,379500,Biolysis (dot),85,1.0,9720,2240,10540,46400,2700
379946,380746,Broil IV,320,1.0,9720,2240,10540,46720,2700
380549,381619,Energy Drain,100,1.0,9720,2240,10540,46720,2800
355006,382500,Biolysis (dot),85,1.0,9720,2240,10625,46720,2800
378149,382500,Baneful Impaction (dot),140,1.0,9720,2380,10625,46720,2800
382346,383146,Broil IV,320,1.0,9720,2380,10625,47040,2800
382846,383378,Auto,90,1.0,9810,2380,10625,47040,2800
382949,384019,Energy Drain,100,1.0,9810,2380,10625,47040,2900
384426,385496,Energy Drain,100,1.0,9810,2380,10625,47040,3000
383806,385500,Biolysis (dot),85,1.0,9810,2380,10710,47040,3000
378149,385500,Baneful Impaction (dot),140,1.0,9810,2520,10710,47040,3000
385966,386498,Auto,90,1.0,9900,2520,10710,47040,3000
387146,387946,Broil IV,320,1.0,9900,2520,10710,47360,3000
383806,388500,Biolysis (dot),85,1.0,9900,2520,10795,47360,3000
378149,388500,Baneful Impaction (dot),140,1.0,9900,2660,10795,47360,3000
389547,390347,Broil IV,320,1.0,9900,2660,10795,47680,3000
390047,390579,Auto,90,1.0,9990,2660,10795,47680,3000
383806,391500,Biolysis (dot),85,1.0,9990,2660,10880,47680,3000
378149,391500,Baneful Impaction (dot),140,1.0,9990,2800,10880,47680,3000
391947,392747,Broil IV,320,1.0,9990,2800,10880,48000,3000
393167,393699,Auto,90,1.0,10080,2800,10880,48000,3000
383806,394500,Biolysis (dot),85,1.0,10080,2800,10965,48000,3000
394347,395147,Broil IV,320,1.0,10080,2800,10965,48320,3000
383806,397500,Biolysis (dot),85,1.0,10080,2800,11050,48320,3000
396747,397547,Broil IV,320,1.0,10080,2800,11050,48640,3000
397247,397779,Auto,90,1.0,10170,2800,11050,48640,3000
399147,399947,Broil IV,320,1.0,10170,2800,11050,48960,3000
383806,400500,Biolysis (dot),85,1.0,10170,2800,11135,48960,3000
400367,400899,Auto,90,1.0,10260,2800,11135,48960,3000
401547,402347,Broil IV,320,1.0,10260,2800,11135,49280,3000
383806,403500,Biolysis (dot),85,1.0,10260,2800,11220,49280,3000
403947,404747,Broil IV,320,1.0,10260,2800,11220,49600,3000
404447,404979,Auto,90,1.0,10350,2800,11220,49600,3000
383806,406500,Biolysis (dot),85,1.0,10350,2800,11305,49600,3000
406347,407147,Broil IV,320,1.0,10350,2800,11305,49920,3000
407567,408099,Auto,90,1.0,10440,2800,11305,49920,3000
383806,409500,Biolysis (dot),85,1.0,10440,2800,11390,49920,3000
408747,409547,Broil IV,320,1.0,10440,2800,11390,50240,3000
411147,411947,Broil IV,320,1.0,10440,2800,11390,50560,3000
411647,412179,Auto,90,1.0,10530,2800,11390,50560,3000
383806,412500,Biolysis (dot),85,1.0,10530,2800,11475,50560,3000
413547,414347,Broil IV,320,1.0,10530,2800,11475,50880,3000
414767,415299,Auto,90,1.0,10620,2800,11475,50880,3000
415007,418500,Biolysis (dot),85,1.0,10620,2800,11560,50880,3000
418347,419147,Broil IV,320,1.0,10620,2800,11560,51200,3000
418847,419379,Auto,90,1.0,10710,2800,11560,51200,3000
415007,421500,Biolysis (dot),85,1.0,10710,2800,11645,51200,3000
420747,421547,Broil IV,320,1.0,10710,2800,11645,51520,3000
421967,422499,Auto,90,1.0,10800,2800,11645,51520,3000
423147,423947,Broil IV,320,1.0,10800,2800,11645,51840,3000
415007,424500,Biolysis (dot),85,1.0,10800,2800,11730,51840,3000
425547,426347,Broil IV,320,1.0,10800,2800,11730,52160,3000
426047,426579,Auto,90,1.0,10890,2800,11730,52160,3000
415007,427500,Biolysis (dot),85,1.0,10890,2800,11815,52160,3000
427947,428747,Broil IV,320,1.0,10890,2800,11815,52480,3000
429167,429699,Auto,90,1.0,10980,2800,11815,52480,3000
415007,430500,Biolysis (dot),85,1.0,10980,2800,11900,52480,3000
430347,431147,Broil IV,320,1.0,10980,2800,11900,52800,3000
415007,433500,Biolysis (dot),85,1.0,10980,2800,11985,52800,3000
432747,433547,Broil IV,320,1.0,10980,2800,11985,53120,3000
433247,433779,Auto,90,1.0,11070,2800,11985,53120,3000
435147,435947,Broil IV,320,1.0,11070,2800,11985,53440,3000
415007,436500,Biolysis (dot),85,1.0,11070,2800,12070,53440,3000
436367,436899,Auto,90,1.0,11160,2800,12070,53440,3000
437547,438347,Broil IV,320,1.0,11160,2800,12070,53760,3000
415007,439500,Biolysis (dot),85,1.0,11160,2800,12155,53760,3000
439947,440747,Broil IV,320,1.0,11160,2800,12155,54080,3000
440447,440979,Auto,90,1.0,11250,2800,12155,54080,3000
415007,442500,Biolysis (dot),85,1.0,11250,2800,12240,54080,3000
442347,443147,Broil IV,320,1.0,11250,2800,12240,54400,3000
443567,444099,Auto,90,1.0,11340,2800,12240,54400,3000
443807,445500,Biolysis (dot),85,1.0,11340,2800,12325,54400,3000
447147,447947,Broil IV,320,1.0,11340,2800,12325,54720,3000
447647,448179,Auto,90,1.0,11430,2800,12325,54720,3000
443807,448500,Biolysis (dot),85,1.0,11430,2800,12410,54720,3000
449548,450348,Broil IV,320,1.0,11430,2800,12410,55040,3000
450767,451299,Auto,90,1.0,11520,2800,12410,55040,3000
443807,451500,Biolysis (dot),85,1.0,11520,2800,12495,55040,3000
451948,452748,Broil IV,320,1.0,11520,2800,12495,55360,3000
443807,454500,Biolysis (dot),85,1.0,11520,2800,12580,55360,3000
454348,455148,Broil IV,320,1.0,11520,2800,12580,55680,3000
454848,455380,Auto,90,1.0,11610,2800,12580,55680,3000
443807,457500,Biolysis (dot),85,1.0,11610,2800,12665,55680,3000
456748,457548,Broil IV,320,1.0,11610,2800,12665,56000,3000
457968,458500,Auto,90,1.0,11700,2800,12665,56000,3000
459148,459948,Broil IV,320,1.0,11700,2800,12665,56320,3000
443807,460500,Biolysis (dot),85,1.0,11700,2800,12750,56320,3000
461548,462348,Broil IV,320,1.0,11700,2800,12750,56640,3000
462048,462580,Auto,90,1.0,11790,2800,12750,56640,3000
443807,463500,Biolysis (dot),85,1.0,11790,2800,12835,56640,3000
463948,464748,Broil IV,320,1.0,11790,2800,12835,56960,3000
465168,465700,Auto,90,1.0,11880,2800,12835,56960,3000
443807,466500,Biolysis (dot),85,1.0,11880,2800,12920,56960,3000
466348,467148,Broil IV,320,1.0,11880,2800,12920,57280,3000
443807,469500,Biolysis (dot),85,1.0,11880,2800,13005,57280,3000
468748,469548,Broil IV,320,1.0,11880,2800,13005,57600,3000
469248,469780,Auto,90,1.0,11970,2800,13005,57600,3000
471148,471948,Broil IV,320,1.0,11970,2800,13005,57920,3000
443807,472500,Biolysis (dot),85,1.0,11970,2800,13090,57920,3000
472368,472900,Auto,90,1.0,12060,2800,13090,57920,3000
473548,474348,Broil IV,320,1.0,12060,2800,13090,58240,3000
475488,476020,Auto,90,1.0,12150,2800,13090,58240,3000
475008,478500,Biolysis (dot),85,1.0,12150,2800,13175,58240,3000
478348,479148,Broil IV,320,1.0,12150,2800,13175,58560,3000
478848,479380,Auto,90,1.0,12240,2800,13175,58560,3000
475008,481500,Biolysis (dot),85,1.0,12240,2800,13260,58560,3000
480748,481548,Broil IV,320,1.0,12240,2800,13260,58880,3000
481968,482500,Auto,90,1.0,12330,2800,13260,58880,3000
483148,483948,Broil IV,320,1.0,12330,2800,13260,59200,3000
475008,484500,Biolysis (dot),85,1.0,12330,2800,13345,59200,3000
484608,485408,Broil IV,320,1.0,12330,2800,13345,59520,3000
485088,485620,Auto,90,1.0,12420,2800,13345,59520,3000
475008,487500,Biolysis (dot),85,1.0,12420,2800,13430,59520,3000
487948,488748,Broil IV,320,1.0,12420,2800,13430,59840,3000
488448,488980,Auto,90,1.0,12510,2800,13430,59840,3000
488551,489621,Energy Drain,100,1.0,12510,2800,13430,59840,3100
475008,490500,Biolysis (dot),85,1.0,12510,2800,13515,59840,3100
490348,491148,Broil IV,320,1.0,12510,2800,13515,60160,3100
490951,492021,Energy Drain,100,1.0,12510,2800,13515,60160,3200
491568,492100,Auto,90,1.0,12600,2800,13515,60160,3200
475008,493500,Biolysis (dot),85,1.0,12600,2800,13600,60160,3200
492748,493548,Broil IV,320,1.0,12600,2800,13600,60480,3200
493351,494421,Energy Drain,100,1.0,12600,2800,13600,60480,3300
495148,495948,Broil IV,320,1.0,12600,2800,13600,60800,3300
495648,496180,Auto,90,1.0,12690,2800,13600,60800,3300
475008,496500,Biolysis (dot),85,1.0,12690,2800,13685,60800,3300
497548,498348,Broil IV,320,1.0,12690,2800,13685,61120,3300
498768,499300,Auto,90,1.0,12780,2800,13685,61120,3300
475008,499500,Biolysis (dot),85,1.0,12780,2800,13770,61120,3300
495751,499500,Baneful Impaction (dot),140,1.0,12780,2940,13770,61120,3300
499948,500748,Broil IV,320,1.0,12780,2940,13770,61440,3300
500551,501621,Energy Drain,100,1.0,12780,2940,13770,61440,3400
475008,502500,Biolysis (dot),85,1.0,12780,2940,13855,61440,3400
495751,502500,Baneful Impaction (dot),140,1.0,12780,3080,13855,61440,3400
502348,503148,Broil IV,320,1.0,12780,3080,13855,61760,3400
502848,503380,Auto,90,1.0,12870,3080,13855,61760,3400
502951,504021,Energy Drain,100,1.0,12870,3080,13855,61760,3500
504428,505498,Energy Drain,100,1.0,12870,3080,13855,61760,3600
495751,505500,Baneful Impaction (dot),140,1.0,12870,3220,13855,61760,3600
503808,505500,Biolysis (dot),85,1.0,12870,3220,13940,61760,3600
505968,506500,Auto,90,1.0,12960,3220,13940,61760,3600
507148,507948,Broil IV,320,1.0,12960,3220,13940,62080,3600
503808,508500,Biolysis (dot),85,1.0,12960,3220,14025,62080,3600
495751,508500,Baneful Impaction (dot),140,1.0,12960,3360,14025,62080,3600
509549,510349,Broil IV,320,1.0,12960,3360,14025,62400,3600
510049,510581,Auto,90,1.0,13050,3360,14025,62400,3600
503808,511500,Biolysis (dot),85,1.0,13050,3360,14110,62400,3600
495751,511500,Baneful Impaction (dot),140,1.0,13050,3500,14110,62400,3600
511949,512749,Broil IV,320,1.0,13050,3500,14110,62720,3600
513169,513701,Auto,90,1.0,13140,3500,14110,62720,3600
503808,514500,Biolysis (dot),85,1.0,13140,3500,14195,62720,3600
514349,515149,Broil IV,320,1.0,13140,3500,14195,63040,3600
503808,517500,Biolysis (dot),85,1.0,13140,3500,14280,63040,3600
516748,517548,Broil IV,320,1.0,13140,3500,14280,63360,3600
517248,517780,Auto,90,1.0,13230,3500,14280,63360,3600
519148,519948,Broil IV,320,1.0,13230,3500,14280,63680,3600
503808,520500,Biolysis (dot),85,1.0,13230,3500,14365,63680,3600
520368,520900,Auto,90,1.0,13320,3500,14365,63680,3600
521549,522349,Broil IV,320,1.0,13320,3500,14365,64000,3600
503808,523500,Biolysis (dot),85,1.0,13320,3500,14450,64000,3600
523949,524749,Broil IV,320,1.0,13320,3500,14450,64320,3600
524449,524981,Auto,90,1.0,13410,3500,14450,64320,3600
503808,526500,Biolysis (dot),85,1.0,13410,3500,14535,64320,3600
526349,527149,Broil IV,320,1.0,13410,3500,14535,64640,3600
527569,528101,Auto,90,1.0,13500,3500,14535,64640,3600
503808,529500,Biolysis (dot),85,1.0,13500,3500,14620,64640,3600
528749,529549,Broil IV,320,1.0,13500,3500,14620,64960,3600
531149,531949,Broil IV,320,1.0,13500,3500,14620,65280,3600
531649,532181,Auto,90,1.0,13590,3500,14620,65280,3600
503808,532500,Biolysis (dot),85,1.0,13590,3500,14705,65280,3600
534769,535301,Auto,90,1.0,13680,3500,14705,65280,3600
532609,535500,Biolysis (dot),85,1.0,13680,3500,14790,65280,3600
535949,536749,Broil IV,320,1.0,13680,3500,14790,65600,3600
532609,538500,Biolysis (dot),85,1.0,13680,3500,14875,65600,3600
538349,539149,Broil IV,320,1.0,13680,3500,14875,65920,3600
538849,539381,Auto,90,1.0,13770,3500,14875,65920,3600
532609,541500,Biolysis (dot),85,1.0,13770,3500,14960,65920,3600
540749,541549,Broil IV,320,1.0,13770,3500,14960,66240,3600
541969,542501,Auto,90,1.0,13860,3500,14960,66240,3600
543149,543949,Broil IV,320,1.0,13860,3500,14960,66560,3600
532609,544500,Biolysis (dot),85,1.0,13860,3500,15045,66560,3600
543752,544822,Energy Drain,100,1.0,13860,3500,15045,66560,3700
545549,546349,Broil IV,320,1.0,13860,3500,15045,66880,3700
546049,546581,Auto,90,1.0,13950,3500,15045,66880,3700
546152,547222,Energy Drain,100,1.0,13950,3500,15045,66880,3800
532609,547500,Biolysis (dot),85,1.0,13950,3500,15130,66880,3800
547949,548749,Broil IV,320,1.0,13950,3500,15130,67200,3800
548552,549622,Energy Drain,100,1.0,13950,3500,15130,67200,3900
549169,549701,Auto,90,1.0,14040,3500,15130,67200,3900
532609,550500,Biolysis (dot),85,1.0,14040,3500,15215,67200,3900
550349,551149,Broil IV,320,1.0,14040,3500,15215,67520,3900
532609,553500,Biolysis (dot),85,1.0,14040,3500,15300,67520,3900
552749,553549,Broil IV,320,1.0,14040,3500,15300,67840,3900
553249,553781,Auto,90,1.0,14130,3500,15300,67840,3900
555149,555949,Broil IV,320,1.0,14130,3500,15300,68160,3900
532609,556500,Biolysis (dot),85,1.0,14130,3500,15385,68160,3900
556369,556901,Auto,90,1.0,14220,3500,15385,68160,3900
557549,558349,Broil IV,320,1.0,14220,3500,15385,68480,3900
532609,559500,Biolysis (dot),85,1.0,14220,3500,15470,68480,3900
559949,560749,Broil IV,320,1.0,14220,3500,15470,68800,3900
560449,560981,Auto,90,1.0,14310,3500,15470,68800,3900
532609,562500,Biolysis (dot),85,1.0,14310,3500,15555,68800,3900
562349,563149,Broil IV,320,1.0,14310,3500,15555,69120,3900
563569,564101,Auto,90,1.0,14400,3500,15555,69120,3900
563809,565500,Biolysis (dot),85,1.0,14400,3500,15640,69120,3900
567149,567949,Broil IV,320,1.0,14400,3500,15640,69440,3900
567649,568181,Auto,90,1.0,14490,3500,15640,69440,3900
563809,568500,Biolysis (dot),85,1.0,14490,3500,15725,69440,3900
569550,570350,Broil IV,320,1.0,14490,3500,15725,69760,3900
570769,571301,Auto,90,1.0,14580,3500,15725,69760,3900
563809,571500,Biolysis (dot),85,1.0,14580,3500,15810,69760,3900
571950,572750,Broil IV,320,1.0,14580,3500,15810,70080,3900
563809,574500,Biolysis (dot),85,1.0,14580,3500,15895,70080,3900
574350,575150,Broil IV,320,1.0,14580,3500,15895,70400,3900
574850,575382,Auto,90,1.0,14670,3500,15895,70400,3900
563809,577500,Biolysis (dot),85,1.0,14670,3500,15980,70400,3900
576750,577550,Broil IV,320,1.0,14670,3500,15980,70720,3900
577970,578502,Auto,90,1.0,14760,3500,15980,70720,3900
579150,579950,Broil IV,320,1.0,14760,3500,15980,71040,3900
563809,580500,Biolysis (dot),85,1.0,14760,3500,16065,71040,3900
581550,582350,Broil IV,320,1.0,14760,3500,16065,71360,3900
582050,582582,Auto,90,1.0,14850,3500,16065,71360,3900
563809,583500,Biolysis (dot),85,1.0,14850,3500,16150,71360,3900
583950,584750,Broil IV,320,1.0,14850,3500,16150,71680,3900
585170,585702,Auto,90,1.0,14940,3500,16150,71680,3900
563809,586500,Biolysis (dot),85,1.0,14940,3500,16235,71680,3900
586350,587150,Broil IV,320,1.0,14940,3500,16235,72000,3900
563809,589500,Biolysis (dot),85,1.0,14940,3500,16320,72000,3900
588750,589550,Broil IV,320,1.0,14940,3500,16320,72320,3900
589250,589782,Auto,90,1.0,15030,3500,16320,72320,3900
591150,591950,Broil IV,320,1.0,15030,3500,16320,72640,3900
563809,592500,Biolysis (dot),85,1.0,15030,3500,16405,72640,3900
592370,592902,Auto,90,1.0,15120,3500,16405,72640,3900
593550,594350,Broil IV,320,1.0,15120,3500,16405,72960,3900
595490,596022,Auto,90,1.0,15210,3500,16405,72960,3900
595010,598500,Biolysis (dot),85,1.0,15210,3500,16490,72960,3900
598350,599150,Broil IV,320,1.0,15210,3500,16490,73280,3900
598850,599382,Auto,90,1.0,15300,3500,16490,73280,3900
595010,601500,Biolysis (dot),85,1.0,15300,3500,16575,73280,3900
600750,601550,Broil IV,320,1.0,15300,3500,16575,73600,3900
601970,602502,Auto,90,1.0,15390,3500,16575,73600,3900
603150,603950,Broil IV,320,1.0,15390,3500,16575,73920,3900
595010,604500,Biolysis (dot),85,1.0,15390,3500,16660,73920,3900
604610,605410,Broil IV,320,1.0,15390,3500,16660,74240,3900
605090,605622,Auto,90,1.0,15480,3500,16660,74240,3900
595010,607500,Biolysis (dot),85,1.0,15480,3500,16745,74240,3900
607950,608750,Broil IV,320,1.0,15480,3500,16745,74560,3900
608450,608982,Auto,90,1.0,15570,3500,16745,74560,3900
608553,609623,Energy Drain,100,1.0,15570,3500,16745,74560,4000
595010,610500,Biolysis (dot),85,1.0,15570,3500,16830,74560,4000
610350,611150,Broil IV,320,1.0,15570,3500,16830,74880,4000
610953,612023,Energy Drain,100,1.0,15570,3500,16830,74880,4100
611570,612102,Auto,90,1.0,15660,3500,16830,74880,4100
595010,613500,Biolysis (dot),85,1.0,15660,3500,16915,74880,4100
612750,613550,Broil IV,320,1.0,15660,3500,16915,75200,4100
613353,614423,Energy Drain,100,1.0,15660,3500,16915,75200,4200
615150,615950,Broil IV,320,1.0,15660,3500,16915,75520,4200
615650,616182,Auto,90,1.0,15750,3500,16915,75520,4200
595010,616500,Biolysis (dot),85,1.0,15750,3500,17000,75520,4200
617550,618350,Broil IV,320,1.0,15750,3500,17000,75840,4200
618770,619302,Auto,90,1.0,15840,3500,17000,75840,4200
615753,619500,Baneful Impaction (dot),140,1.0,15840,3640,17000,75840,4200
595010,619500,Biolysis (dot),85,1.0,15840,3640,17085,75840,4200
619950,620750,Broil IV,320,1.0,15840,3640,17085,76160,4200
620553,621623,Energy Drain,100,1.0,15840,3640,17085,76160,4300
615753,622500,Baneful Impaction (dot),140,1.0,15840,3780,17085,76160,4300
595010,622500,Biolysis (dot),85,1.0,15840,3780,17170,76160,4300
622350,623150,Broil IV,320,1.0,15840,3780,17170,76480,4300
622850,623382,Auto,90,1.0,15930,3780,17170,76480,4300
622953,624023,Energy Drain,100,1.0,15930,3780,17170,76480,4400
623810,625500,Biolysis (dot),85,1.0,15930,3780,17255,76480,4400
624430,625500,Energy Drain,100,1.0,15930,3780,17255,76480,4500
615753,625500,Baneful Impaction (dot),140,1.0,15930,3920,17255,76480,4500
625970,626502,Auto,90,1.0,16020,3920,17255,76480,4500
627150,627950,Broil IV,320,1.0,16020,3920,17255,76800,4500
615753,628500,Baneful Impaction (dot),140,1.0,16020,4060,17255,76800,4500
623810,628500,Biolysis (dot),85,1.0,16020,4060,17340,76800,4500
629551,630351,Broil IV,320,1.0,16020,4060,17340,77120,4500
630051,630583,Auto,90,1.0,16110,4060,17340,77120,4500
623810,631500,Biolysis (dot),85,1.0,16110,4060,17425,77120,4500
615753,631500,Baneful Impaction (dot),140,1.0,16110,4200,17425,77120,4500
631951,632751,Broil IV,320,1.0,16110,4200,17425,77440,4500
633171,633703,Auto,90,1.0,16200,4200,17425,77440,4500
623810,634500,Biolysis (dot),85,1.0,16200,4200,17510,77440,4500
634351,635151,Broil IV,320,1.0,16200,4200,17510,77760,4500
623810,637500,Biolysis (dot),85,1.0,16200,4200,17595,77760,4500
636751,637551,Broil IV,320,1.0,16200,4200,17595,78080,4500
637251,637783,Auto,90,1.0,16290,4200,17595,78080,4500
639151,639951,Broil IV,320,1.0,16290,4200,17595,78400,4500
623810,640500,Biolysis (dot),85,1.0,16290,4200,17680,78400,4500
640371,640903,Auto,90,1.0,16380,4200,17680,78400,4500
641551,642351,Broil IV,320,1.0,16380,4200,17680,78720,4500
623810,643500,Biolysis (dot),85,1.0,16380,4200,17765,78720,4500
643951,644751,Broil IV,320,1.0,16380,4200,17765,79040,4500
644451,644983,Auto,90,1.0,16470,4200,17765,79040,4500
623810,646500,Biolysis (dot),85,1.0,16470,4200,17850,79040,4500
646351,647151,Broil IV,320,1.0,16470,4200,17850,79360,4500
647571,648103,Auto,90,1.0,16560,4200,17850,79360,4500
623810,649500,Biolysis (dot),85,1.0,16560,4200,17935,79360,4500
648751,649551,Broil IV,320,1.0,16560,4200,17935,79680,4500
651151,651951,Broil IV,320,1.0,16560,4200,17935,80000,4500
651651,652183,Auto,90,1.0,16650,4200,17935,80000,4500
623810,652500,Biolysis (dot),85,1.0,16650,4200,18020,80000,4500
653551,654351,Broil IV,320,1.0,16650,4200,18020,80320,4500
654771,655303,Auto,90,1.0,16740,4200,18020,80320,4500
655011,658500,Biolysis (dot),85,1.0,16740,4200,18105,80320,4500
658351,659151,Broil IV,320,1.0,16740,4200,18105,80640,4500
658851,659383,Auto,90,1.0,16830,4200,18105,80640,4500
655011,661500,Biolysis (dot),85,1.0,16830,4200,18190,80640,4500
660751,661551,Broil IV,320,1.0,16830,4200,18190,80960,4500
661971,662503,Auto,90,1.0,16920,4200,18190,80960,4500
663151,663951,Broil IV,320,1.0,16920,4200,18190,81280,4500
655011,664500,Biolysis (dot),85,1.0,16920,4200,18275,81280,4500
665551,666351,Broil IV,320,1.0,16920,4200,18275,81600,4500
666051,666583,Auto,90,1.0,17010,4200,18275,81600,4500
655011,667500,Biolysis (dot),85,1.0,17010,4200,18360,81600,4500
667951,668751,Broil IV,320,1.0,17010,4200,18360,81920,4500
669171,669703,Auto,90,1.0,17100,4200,18360,81920,4500
655011,670500,Biolysis (dot),85,1.0,17100,4200,18445,81920,4500
670351,671151,Broil IV,320,1.0,17100,4200,18445,82240,4500
655011,673500,Biolysis (dot),85,1.0,17100,4200,18530,82240,4500
672751,673551,Broil IV,320,1.0,17100,4200,18530,82560,4500
673251,673783,Auto,90,1.0,17190,4200,18530,82560,4500
675151,675951,Broil IV,320,1.0,17190,4200,18530,82880,4500
655011,676500,Biolysis (dot),85,1.0,17190,4200,18615,82880,4500
676371,676903,Auto,90,1.0,17280,4200,18615,82880,4500
677551,678351,Broil IV,320,1.0,17280,4200,18615,83200,4500
655011,679500,Biolysis (dot),85,1.0,17280,4200,18700,83200,4500
679951,680751,Broil IV,320,1.0,17280,4200,18700,83520,4500
680451,680983,Auto,90,1.0,17370,4200,18700,83520,4500
655011,682500,Biolysis (dot),85,1.0,17370,4200,18785,83520,4500
682351,683151,Broil IV,320,1.0,17370,4200,18785,83840,4500
683571,684103,Auto,90,1.0,17460,4200,18785,83840,4500
655011,685500,Biolysis (dot),85,1.0,17460,4200,18870,83840,4500
684751,685551,Broil IV,320,1.0,17460,4200,18870,84160,4500
686691,687223,Auto,90,1.0,17550,4200,18870,84160,4500
686211,688500,Biolysis (dot),85,1.0,17550,4200,18955,84160,4500
689552,690352,Broil IV,320,1.0,17550,4200,18955,84480,4500
690052,690584,Auto,90,1.0,17640,4200,18955,84480,4500
686211,691500,Biolysis (dot),85,1.0,17640,4200,19040,84480,4500
691952,692752,Broil IV,320,1.0,17640,4200,19040,84800,4500
693172,693704,Auto,90,1.0,17730,4200,19040,84800,4500
686211,694500,Biolysis (dot),85,1.0,17730,4200,19125,84800,4500
694352,695152,Broil IV,320,1.0,17730,4200,19125,85120,4500
686211,697500,Biolysis (dot),85,1.0,17730,4200,19210,85120,4500
696752,697552,Broil IV,320,1.0,17730,4200,19210,85440,4500
697252,697784,Auto,90,1.0,17820,4200,19210,85440,4500
699152,699952,Broil IV,320,1.0,17820,4200,19210,85760,4500
686211,700500,Biolysis (dot),85,1.0,17820,4200,19295,85760,4500
700372,700904,Auto,90,1.0,17910,4200,19295,85760,4500
701552,702352,Broil IV,320,1.0,17910,4200,19295,86080,4500
686211,703500,Biolysis (dot),85,1.0,17910,4200,19380,86080,4500
703952,704752,Broil IV,320,1.0,17910,4200,19380,86400,4500
704452,704984,Auto,90,1.0,18000,4200,19380,86400,4500
686211,706500,Biolysis (dot),85,1.0,18000,4200,19465,86400,4500
706352,707152,Broil IV,320,1.0,18000,4200,19465,86720,4500
707572,708104,Auto,90,1.0,18090,4200,19465,86720,4500
686211,709500,Biolysis (dot),85,1.0,18090,4200,19550,86720,4500
708752,709552,Broil IV,320,1.0,18090,4200,19550,87040,4500
711152,711952,Broil IV,320,1.0,18090,4200,19550,87360,4500
711652,712184,Auto,90,1.0,18180,4200,19550,87360,4500
686211,712500,Biolysis (dot),85,1.0,18180,4200,19635,87360,4500
713552,714352,Broil IV,320,1.0,18180,4200,19635,87680,4500
714772,715304,Auto,90,1.0,18270,4200,19635,87680,4500
686211,715500,Biolysis (dot),85,1.0,18270,4200,19720,87680,4500
715952,716752,Broil IV,320,1.0,18270,4200,19720,88000,4500
717892,718424,Auto,90,1.0,18360,4200,19720,88000,4500
717412,718500,Biolysis (dot),85,1.0,18360,4200,19805,88000,4500
718032,719102,Energy Drain,100,1.0,18360,4200,19805,88000,4600
719032,720102,Energy Drain,100,1.0,18360,4200,19805,88000,4700
717412,721500,Biolysis (dot),85,1.0,18360,4200,19890,88000,4700
720752,721552,Broil IV,320,1.0,18360,4200,19890,88320,4700
721252,721784,Auto,90,1.0,18450,4200,19890,88320,4700
721355,722425,Energy Drain,100,1.0,18450,4200,19890,88320,4800
723152,723952,Broil IV,320,1.0,18450,4200,19890,88640,4800
717412,724500,Biolysis (dot),85,1.0,18450,4200,19975,88640,4800
724372,724904,Auto,90,1.0,18540,4200,19975,88640,4800
724612,725412,Broil IV,320,1.0,18540,4200,19975,88960,4800
717412,727500,Biolysis (dot),85,1.0,18540,4200,20060,88960,4800
727952,728752,Broil IV,320,1.0,18540,4200,20060,89280,4800
728452,728984,Auto,90,1.0,18630,4200,20060,89280,4800
717412,730500,Biolysis (dot),85,1.0,18630,4200,20145,89280,4800
728555,730500,Baneful Impaction (dot),140,1.0,18630,4340,20145,89280,4800
730352,731152,Broil IV,320,1.0,18630,4340,20145,89600,4800
730955,732025,Energy Drain,100,1.0,18630,4340,20145,89600,4900
731572,732104,Auto,90,1.0,18720,4340,20145,89600,4900
717412,733500,Biolysis (dot),85,1.0,18720,4340,20230,89600,4900
728555,733500,Baneful Impaction (dot),140,1.0,18720,4480,20230,89600,4900
732752,733552,Broil IV,320,1.0,18720,4480,20230,89920,4900
733355,734425,Energy Drain,100,1.0,18720,4480,20230,89920,5000
735152,735952,Broil IV,320,1.0,18720,4480,20230,90240,5000
735652,736184,Auto,90,1.0,18810,4480,20230,90240,5000
717412,736500,Biolysis (dot),85,1.0,18810,4480,20315,90240,5000
728555,736500,Baneful Impaction (dot),140,1.0,18810,4620,20315,90240,5000
735755,736825,Energy Drain,100,1.0,18810,4620,20315,90240,5100
737552,738352,Broil IV,320,1.0,18810,4620,20315,90560,5100
738772,739304,Auto,90,1.0,18900,4620,20315,90560,5100
728555,739500,Baneful Impaction (dot),140,1.0,18900,4760,20315,90560,5100
717412,739500,Biolysis (dot),85,1.0,18900,4760,20400,90560,5100
739952,740752,Broil IV,320,1.0,18900,4760,20400,90880,5100
740555,741625,Energy Drain,100,1.0,18900,4760,20400,90880,5200
717412,742500,Biolysis (dot),85,1.0,18900,4760,20485,90880,5200
728555,742500,Baneful Impaction (dot),140,1.0,18900,4900,20485,90880,5200
742352,743152,Broil IV,320,1.0,18900,4900,20485,91200,5200
742852,743384,Auto,90,1.0,18990,4900,20485,91200,5200
742955,744025,Energy Drain,100,1.0,18990,4900,20485,91200,5300
717412,745500,Biolysis (dot),85,1.0,18990,4900,20570,91200,5300
744752,745552,Broil IV,320,1.0,18990,4900,20570,91520,5300
745355,746425,Energy Drain,100,1.0,18990,4900,20570,91520,5400
745972,746504,Auto,90,1.0,19080,4900,20570,91520,5400
747152,747952,Broil IV,320,1.0,19080,4900,20570,91840,5400
749553,750353,Broil IV,320,1.0,19080,4900,20570,92160,5400
750053,750585,Auto,90,1.0,19170,4900,20570,92160,5400
751953,752753,Broil IV,320,1.0,19170,4900,20570,92480,5400
