sim_timestamp,sim_damage_timestamp,sim_name,sim_potency,sim_weight,Aero in Green,Auto,Blizzard in Cyan,Clawed Muse,Comet in Black,Fanged Muse,Fire in Red,Hammer Brush,Hammer Stamp,Holy in White,Mog of the Ages,Polishing Hammer,Pom Muse,Rainbow Drip,Retribution of the Madeen,Star Prism,Stone in Yellow,Thunder in Magenta,Water in Blue,Winged Muse
-600,640,Rainbow Drip,1000,1.0,0,0,0,0,0,0,0,0,0,0,0,0,0,1000,0,0,0,0,0,0
640,1172,Auto,90,1.0,0,90,0,0,0,0,0,0,0,0,0,0,0,1000,0,0,0,0,0,0
700,1320,Pom Muse,800,1.0,0,90,0,0,0,0,0,0,0,0,0,0,800,1000,0,0,0,0,0,0
5100,5632,Auto,90,1.0,0,180,0,0,0,0,0,0,0,0,0,0,800,1000,0,0,0,0,0,0
6100,7350,Star Prism,1100,1.0,0,180,0,0,0,0,0,0,0,0,0,0,800,1000,0,1100,0,0,0,0
9190,9940,Blizzard in Cyan,860,1.0,0,180,860,0,0,0,0,0,0,0,0,0,800,1000,0,1100,0,0,0,0
9690,10222,Auto,90,1.0,0,270,860,0,0,0,0,0,0,0,0,0,800,1000,0,1100,0,0,0,0
11660,12460,Stone in Yellow,900,1.0,0,270,860,0,0,0,0,0,0,0,0,0,800,1000,0,1100,900,0,0,0
12650,13182,Auto,90,1.0,0,360,860,0,0,0,0,0,0,0,0,0,800,1000,0,1100,900,0,0,0
14130,14980,Thunder in Magenta,940,1.0,0,360,860,0,0,0,0,0,0,0,0,0,800,1000,0,1100,900,940,0,0
15610,16142,Auto,90,1.0,0,450,860,0,0,0,0,0,0,0,0,0,800,1000,0,1100,900,940,0,0
16079,17059,Winged Muse,800,1.0,0,450,860,0,0,0,0,0,0,0,0,0,800,1000,0,1100,900,940,0,800
15380,17250,Comet in Black,940,1.0,0,450,860,0,940,0,0,0,0,0,0,0,800,1000,0,1100,900,940,0,800
17850,19090,Rainbow Drip,1000,1.0,0,450,860,0,940,0,0,0,0,0,0,0,800,2000,0,1100,900,940,0,800
18570,19102,Auto,90,1.0,0,540,860,0,940,0,0,0,0,0,0,0,800,2000,0,1100,900,940,0,800
18550,19700,Mog of the Ages,1000,1.0,0,540,860,0,940,0,0,0,0,0,1000,0,800,2000,0,1100,900,940,0,800
20351,21731,Hammer Stamp,560,1.0,0,540,860,0,940,0,0,0,560,0,1000,0,800,2000,0,1100,900,940,0,800
21530,22062,Auto,90,1.0,0,630,860,0,940,0,0,0,560,0,1000,0,800,2000,0,1100,900,940,0,800
22851,24101,Hammer Brush,580,1.0,0,630,860,0,940,0,0,580,560,0,1000,0,800,2000,0,1100,900,940,0,800
24490,25022,Auto,90,1.0,0,720,860,0,940,0,0,580,560,0,1000,0,800,2000,0,1100,900,940,0,800
25351,27451,Polishing Hammer,600,1.0,0,720,860,0,940,0,0,580,560,0,1000,600,800,2000,0,1100,900,940,0,800
27450,27982,Auto,90,1.0,0,810,860,0,940,0,0,580,560,0,1000,600,800,2000,0,1100,900,940,0,800
28551,29531,Clawed Muse,800,1.0,0,810,860,800,940,0,0,580,560,0,1000,600,800,2000,0,1100,900,940,0,800
30410,30942,Auto,90,1.0,0,900,860,800,940,0,0,580,560,0,1000,600,800,2000,0,1100,900,940,0,800
32851,33691,Fire in Red,490,1.0,0,900,860,800,940,0,490,580,560,0,1000,600,800,2000,0,1100,900,940,0,800
33370,33902,Auto,90,1.0,0,990,860,800,940,0,490,580,560,0,1000,600,800,2000,0,1100,900,940,0,800
35351,36241,Aero in Green,530,1.0,530,990,860,800,940,0,490,580,560,0,1000,600,800,2000,0,1100,900,940,0,800
36330,36862,Auto,90,1.0,530,1080,860,800,940,0,490,580,560,0,1000,600,800,2000,0,1100,900,940,0,800
37851,38831,Water in Blue,570,1.0,530,1080,860,800,940,0,490,580,560,0,1000,600,800,2000,0,1100,900,940,570,800
39290,39822,Auto,90,1.0,530,1170,860,800,940,0,490,580,560,0,1000,600,800,2000,0,1100,900,940,570,800
40351,41191,Fire in Red,490,1.0,530,1170,860,800,940,0,980,580,560,0,1000,600,800,2000,0,1100,900,940,570,800
42851,43741,Aero in Green,530,1.0,1060,1170,860,800,940,0,980,580,560,0,1000,600,800,2000,0,1100,900,940,570,800
43351,43883,Auto,90,1.0,1060,1260,860,800,940,0,980,580,560,0,1000,600,800,2000,0,1100,900,940,570,800
45351,46331,Water in Blue,570,1.0,1060,1260,860,800,940,0,980,580,560,0,1000,600,800,2000,0,1100,900,940,1140,800
46311,46843,Auto,90,1.0,1060,1350,860,800,940,0,980,580,560,0,1000,600,800,2000,0,1100,900,940,1140,800
48651,49401,Blizzard in Cyan,860,1.0,1060,1350,1720,800,940,0,980,580,560,0,1000,600,800,2000,0,1100,900,940,1140,800
49271,49803,Auto,90,1.0,1060,1440,1720,800,940,0,980,580,560,0,1000,600,800,2000,0,1100,900,940,1140,800
53151,53683,Auto,90,1.0,1060,1530,1720,800,940,0,980,580,560,0,1000,600,800,2000,0,1100,900,940,1140,800
54151,55531,Hammer Stamp,560,1.0,1060,1530,1720,800,940,0,980,580,1120,0,1000,600,800,2000,0,1100,900,940,1140,800
56111,56643,Auto,90,1.0,1060,1620,1720,800,940,0,980,580,1120,0,1000,600,800,2000,0,1100,900,940,1140,800
56651,57901,Hammer Brush,580,1.0,1060,1620,1720,800,940,0,980,1160,1120,0,1000,600,800,2000,0,1100,900,940,1140,800
59071,59603,Auto,90,1.0,1060,1710,1720,800,940,0,980,1160,1120,0,1000,600,800,2000,0,1100,900,940,1140,800
59151,61251,Polishing Hammer,600,1.0,1060,1710,1720,800,940,0,980,1160,1120,0,1000,1200,800,2000,0,1100,900,940,1140,800
64651,65183,Auto,90,1.0,1060,1800,1720,800,940,0,980,1160,1120,0,1000,1200,800,2000,0,1100,900,940,1140,800
65651,67521,Comet in Black,940,1.0,1060,1800,1720,800,1880,0,980,1160,1120,0,1000,1200,800,2000,0,1100,900,940,1140,800
67611,68143,Auto,90,1.0,1060,1890,1720,800,1880,0,980,1160,1120,0,1000,1200,800,2000,0,1100,900,940,1140,800
71952,72484,Auto,90,1.0,1060,1980,1720,800,1880,0,980,1160,1120,0,1000,1200,800,2000,0,1100,900,940,1140,800
75952,76484,Auto,90,1.0,1060,2070,1720,800,1880,0,980,1160,1120,0,1000,1200,800,2000,0,1100,900,940,1140,800
76052,77212,Fanged Muse,800,1.0,1060,2070,1720,800,1880,800,980,1160,1120,0,1000,1200,800,2000,0,1100,900,940,1140,800
79952,80484,Auto,90,1.0,1060,2160,1720,800,1880,800,980,1160,1120,0,1000,1200,800,2000,0,1100,900,940,1140,800
82752,83502,Blizzard in Cyan,860,1.0,1060,2160,2580,800,1880,800,980,1160,1120,0,1000,1200,800,2000,0,1100,900,940,1140,800
83252,83784,Auto,90,1.0,1060,2250,2580,800,1880,800,980,1160,1120,0,1000,1200,800,2000,0,1100,900,940,1140,800
86052,86852,Stone in Yellow,900,1.0,1060,2250,2580,800,1880,800,980,1160,1120,0,1000,1200,800,2000,0,1100,1800,940,1140,800
86552,87084,Auto,90,1.0,1060,2340,2580,800,1880,800,980,1160,1120,0,1000,1200,800,2000,0,1100,1800,940,1140,800
88552,89532,Water in Blue,570,1.0,1060,2340,2580,800,1880,800,980,1160,1120,0,1000,1200,800,2000,0,1100,1800,940,1710,800
89512,90044,Auto,90,1.0,1060,2430,2580,800,1880,800,980,1160,1120,0,1000,1200,800,2000,0,1100,1800,940,1710,800
91052,91892,Fire in Red,490,1.0,1060,2430,2580,800,1880,800,1470,1160,1120,0,1000,1200,800,2000,0,1100,1800,940,1710,800
92472,93004,Auto,90,1.0,1060,2520,2580,800,1880,800,1470,1160,1120,0,1000,1200,800,2000,0,1100,1800,940,1710,800
93552,94442,Aero in Green,530,1.0,1590,2520,2580,800,1880,800,1470,1160,1120,0,1000,1200,800,2000,0,1100,1800,940,1710,800
96052,97032,Water in Blue,570,1.0,1590,2520,2580,800,1880,800,1470,1160,1120,0,1000,1200,800,2000,0,1100,1800,940,2280,800
96552,97084,Auto,90,1.0,1590,2610,2580,800,1880,800,1470,1160,1120,0,1000,1200,800,2000,0,1100,1800,940,2280,800
98552,99392,Fire in Red,490,1.0,1590,2610,2580,800,1880,800,1960,1160,1120,0,1000,1200,800,2000,0,1100,1800,940,2280,800
99512,100044,Auto,90,1.0,1590,2700,2580,800,1880,800,1960,1160,1120,0,1000,1200,800,2000,0,1100,1800,940,2280,800
101052,101942,Aero in Green,530,1.0,2120,2700,2580,800,1880,800,1960,1160,1120,0,1000,1200,800,2000,0,1100,1800,940,2280,800
102472,103004,Auto,90,1.0,2120,2790,2580,800,1880,800,1960,1160,1120,0,1000,1200,800,2000,0,1100,1800,940,2280,800
103552,104532,Water in Blue,570,1.0,2120,2790,2580,800,1880,800,1960,1160,1120,0,1000,1200,800,2000,0,1100,1800,940,2850,800
106852,107602,Blizzard in Cyan,860,1.0,2120,2790,3440,800,1880,800,1960,1160,1120,0,1000,1200,800,2000,0,1100,1800,940,2850,800
107352,107884,Auto,90,1.0,2120,2880,3440,800,1880,800,1960,1160,1120,0,1000,1200,800,2000,0,1100,1800,940,2850,800
110152,110952,Stone in Yellow,900,1.0,2120,2880,3440,800,1880,800,1960,1160,1120,0,1000,1200,800,2000,0,1100,2700,940,2850,800
110652,111184,Auto,90,1.0,2120,2970,3440,800,1880,800,1960,1160,1120,0,1000,1200,800,2000,0,1100,2700,940,2850,800
111652,113032,Hammer Stamp,560,1.0,2120,2970,3440,800,1880,800,1960,1160,1680,0,1000,1200,800,2000,0,1100,2700,940,2850,800
113612,114144,Auto,90,1.0,2120,3060,3440,800,1880,800,1960,1160,1680,0,1000,1200,800,2000,0,1100,2700,940,2850,800
114152,115402,Hammer Brush,580,1.0,2120,3060,3440,800,1880,800,1960,1740,1680,0,1000,1200,800,2000,0,1100,2700,940,2850,800
116572,117104,Auto,90,1.0,2120,3150,3440,800,1880,800,1960,1740,1680,0,1000,1200,800,2000,0,1100,2700,940,2850,800
116652,118752,Polishing Hammer,600,1.0,2120,3150,3440,800,1880,800,1960,1740,1680,0,1000,1800,800,2000,0,1100,2700,940,2850,800
122152,122684,Auto,90,1.0,2120,3240,3440,800,1880,800,1960,1740,1680,0,1000,1800,800,2000,0,1100,2700,940,2850,800
122253,122873,Pom Muse,800,1.0,2120,3240,3440,800,1880,800,1960,1740,1680,0,1000,1800,1600,2000,0,1100,2700,940,2850,800
126153,126685,Auto,90,1.0,2120,3330,3440,800,1880,800,1960,1740,1680,0,1000,1800,1600,2000,0,1100,2700,940,2850,800
128373,129223,Thunder in Magenta,940,1.0,2120,3330,3440,800,1880,800,1960,1740,1680,0,1000,1800,1600,2000,0,1100,2700,1880,2850,800
129113,129645,Auto,90,1.0,2120,3420,3440,800,1880,800,1960,1740,1680,0,1000,1800,1600,2000,0,1100,2700,1880,2850,800
129622,131492,Comet in Black,940,1.0,2120,3420,3440,800,2820,800,1960,1740,1680,0,1000,1800,1600,2000,0,1100,2700,1880,2850,800
131023,132323,Retribution of the Madeen,1100,1.0,2120,3420,3440,800,2820,800,1960,1740,1680,0,1000,1800,1600,2000,1100,1100,2700,1880,2850,800
132073,132605,Auto,90,1.0,2120,3510,3440,800,2820,800,1960,1740,1680,0,1000,1800,1600,2000,1100,1100,2700,1880,2850,800
133313,134063,Blizzard in Cyan,860,1.0,2120,3510,4300,800,2820,800,1960,1740,1680,0,1000,1800,1600,2000,1100,1100,2700,1880,2850,800
135033,135565,Auto,90,1.0,2120,3600,4300,800,2820,800,1960,1740,1680,0,1000,1800,1600,2000,1100,1100,2700,1880,2850,800
134563,135813,Star Prism,1100,1.0,2120,3600,4300,800,2820,800,1960,1740,1680,0,1000,1800,1600,2000,1100,2200,2700,1880,2850,800
135263,136243,Winged Muse,800,1.0,2120,3600,4300,800,2820,800,1960,1740,1680,0,1000,1800,1600,2000,1100,2200,2700,1880,2850,1600
136433,138303,Comet in Black,940,1.0,2120,3600,4300,800,3760,800,1960,1740,1680,0,1000,1800,1600,2000,1100,2200,2700,1880,2850,1600
137993,138525,Auto,90,1.0,2120,3690,4300,800,3760,800,1960,1740,1680,0,1000,1800,1600,2000,1100,2200,2700,1880,2850,1600
138903,140283,Hammer Stamp,560,1.0,2120,3690,4300,800,3760,800,1960,1740,2240,0,1000,1800,1600,2000,1100,2200,2700,1880,2850,1600
140953,141485,Auto,90,1.0,2120,3780,4300,800,3760,800,1960,1740,2240,0,1000,1800,1600,2000,1100,2200,2700,1880,2850,1600
141403,142653,Hammer Brush,580,1.0,2120,3780,4300,800,3760,800,1960,2320,2240,0,1000,1800,1600,2000,1100,2200,2700,1880,2850,1600
143913,144445,Auto,90,1.0,2120,3870,4300,800,3760,800,1960,2320,2240,0,1000,1800,1600,2000,1100,2200,2700,1880,2850,1600
143903,146003,Polishing Hammer,600,1.0,2120,3870,4300,800,3760,800,1960,2320,2240,0,1000,2400,1600,2000,1100,2200,2700,1880,2850,1600
146873,147405,Auto,90,1.0,2120,3960,4300,800,3760,800,1960,2320,2240,0,1000,2400,1600,2000,1100,2200,2700,1880,2850,1600
146403,147643,Rainbow Drip,1000,1.0,2120,3960,4300,800,3760,800,1960,2320,2240,0,1000,2400,1600,3000,1100,2200,2700,1880,2850,1600
151903,152435,Auto,90,1.0,2120,4050,4300,800,3760,800,1960,2320,2240,0,1000,2400,1600,3000,1100,2200,2700,1880,2850,1600
155903,156435,Auto,90,1.0,2120,4140,4300,800,3760,800,1960,2320,2240,0,1000,2400,1600,3000,1100,2200,2700,1880,2850,1600
159903,160435,Auto,90,1.0,2120,4230,4300,800,3760,800,1960,2320,2240,0,1000,2400,1600,3000,1100,2200,2700,1880,2850,1600
160903,162243,Holy in White,570,1.0,2120,4230,4300,800,3760,800,1960,2320,2240,570,1000,2400,1600,3000,1100,2200,2700,1880,2850,1600
161603,162583,Clawed Muse,800,1.0,2120,4230,4300,1600,3760,800,1960,2320,2240,570,1000,2400,1600,3000,1100,2200,2700,1880,2850,1600
162863,163395,Auto,90,1.0,2120,4320,4300,1600,3760,800,1960,2320,2240,570,1000,2400,1600,3000,1100,2200,2700,1880,2850,1600
162303,163453,Mog of the Ages,1000,1.0,2120,4320,4300,1600,3760,800,1960,2320,2240,570,2000,2400,1600,3000,1100,2200,2700,1880,2850,1600
166403,166935,Auto,90,1.0,2120,4410,4300,1600,3760,800,1960,2320,2240,570,2000,2400,1600,3000,1100,2200,2700,1880,2850,1600
169204,169954,Blizzard in Cyan,860,1.0,2120,4410,5160,1600,3760,800,1960,2320,2240,570,2000,2400,1600,3000,1100,2200,2700,1880,2850,1600
169704,170236,Auto,90,1.0,2120,4500,5160,1600,3760,800,1960,2320,2240,570,2000,2400,1600,3000,1100,2200,2700,1880,2850,1600
172504,173304,Stone in Yellow,900,1.0,2120,4500,5160,1600,3760,800,1960,2320,2240,570,2000,2400,1600,3000,1100,2200,3600,1880,2850,1600
173004,173536,Auto,90,1.0,2120,4590,5160,1600,3760,800,1960,2320,2240,570,2000,2400,1600,3000,1100,2200,3600,1880,2850,1600
175004,175984,Water in Blue,570,1.0,2120,4590,5160,1600,3760,800,1960,2320,2240,570,2000,2400,1600,3000,1100,2200,3600,1880,3420,1600
175964,176496,Auto,90,1.0,2120,4680,5160,1600,3760,800,1960,2320,2240,570,2000,2400,1600,3000,1100,2200,3600,1880,3420,1600
177504,178344,Fire in Red,490,1.0,2120,4680,5160,1600,3760,800,2450,2320,2240,570,2000,2400,1600,3000,1100,2200,3600,1880,3420,1600
178924,179456,Auto,90,1.0,2120,4770,5160,1600,3760,800,2450,2320,2240,570,2000,2400,1600,3000,1100,2200,3600,1880,3420,1600
180004,180894,Aero in Green,530,1.0,2650,4770,5160,1600,3760,800,2450,2320,2240,570,2000,2400,1600,3000,1100,2200,3600,1880,3420,1600
182504,183484,Water in Blue,570,1.0,2650,4770,5160,1600,3760,800,2450,2320,2240,570,2000,2400,1600,3000,1100,2200,3600,1880,3990,1600
183004,183536,Auto,90,1.0,2650,4860,5160,1600,3760,800,2450,2320,2240,570,2000,2400,1600,3000,1100,2200,3600,1880,3990,1600
185004,185844,Fire in Red,490,1.0,2650,4860,5160,1600,3760,800,2940,2320,2240,570,2000,2400,1600,3000,1100,2200,3600,1880,3990,1600
185964,186496,Auto,90,1.0,2650,4950,5160,1600,3760,800,2940,2320,2240,570,2000,2400,1600,3000,1100,2200,3600,1880,3990,1600
187504,188394,Aero in Green,530,1.0,3180,4950,5160,1600,3760,800,2940,2320,2240,570,2000,2400,1600,3000,1100,2200,3600,1880,3990,1600
188924,189456,Auto,90,1.0,3180,5040,5160,1600,3760,800,2940,2320,2240,570,2000,2400,1600,3000,1100,2200,3600,1880,3990,1600
190004,190984,Water in Blue,570,1.0,3180,5040,5160,1600,3760,800,2940,2320,2240,570,2000,2400,1600,3000,1100,2200,3600,1880,4560,1600
193304,194054,Blizzard in Cyan,860,1.0,3180,5040,6020,1600,3760,800,2940,2320,2240,570,2000,2400,1600,3000,1100,2200,3600,1880,4560,1600
193804,194336,Auto,90,1.0,3180,5130,6020,1600,3760,800,2940,2320,2240,570,2000,2400,1600,3000,1100,2200,3600,1880,4560,1600
196604,197404,Stone in Yellow,900,1.0,3180,5130,6020,1600,3760,800,2940,2320,2240,570,2000,2400,1600,3000,1100,2200,4500,1880,4560,1600
197104,197636,Auto,90,1.0,3180,5220,6020,1600,3760,800,2940,2320,2240,570,2000,2400,1600,3000,1100,2200,4500,1880,4560,1600
199904,200754,Thunder in Magenta,940,1.0,3180,5220,6020,1600,3760,800,2940,2320,2240,570,2000,2400,1600,3000,1100,2200,4500,2820,4560,1600
200404,200936,Auto,90,1.0,3180,5310,6020,1600,3760,800,2940,2320,2240,570,2000,2400,1600,3000,1100,2200,4500,2820,4560,1600
202404,203244,Fire in Red,490,1.0,3180,5310,6020,1600,3760,800,3430,2320,2240,570,2000,2400,1600,3000,1100,2200,4500,2820,4560,1600
203364,203896,Auto,90,1.0,3180,5400,6020,1600,3760,800,3430,2320,2240,570,2000,2400,1600,3000,1100,2200,4500,2820,4560,1600
204904,205794,Aero in Green,530,1.0,3710,5400,6020,1600,3760,800,3430,2320,2240,570,2000,2400,1600,3000,1100,2200,4500,2820,4560,1600
206324,206856,Auto,90,1.0,3710,5490,6020,1600,3760,800,3430,2320,2240,570,2000,2400,1600,3000,1100,2200,4500,2820,4560,1600
207404,208384,Water in Blue,570,1.0,3710,5490,6020,1600,3760,800,3430,2320,2240,570,2000,2400,1600,3000,1100,2200,4500,2820,5130,1600
209284,209816,Auto,90,1.0,3710,5580,6020,1600,3760,800,3430,2320,2240,570,2000,2400,1600,3000,1100,2200,4500,2820,5130,1600
208904,210284,Hammer Stamp,560,1.0,3710,5580,6020,1600,3760,800,3430,2320,2800,570,2000,2400,1600,3000,1100,2200,4500,2820,5130,1600
211404,212654,Hammer Brush,580,1.0,3710,5580,6020,1600,3760,800,3430,2900,2800,570,2000,2400,1600,3000,1100,2200,4500,2820,5130,1600
212244,212776,Auto,90,1.0,3710,5670,6020,1600,3760,800,3430,2900,2800,570,2000,2400,1600,3000,1100,2200,4500,2820,5130,1600
215204,215736,Auto,90,1.0,3710,5760,6020,1600,3760,800,3430,2900,2800,570,2000,2400,1600,3000,1100,2200,4500,2820,5130,1600
213904,216004,Polishing Hammer,600,1.0,3710,5760,6020,1600,3760,800,3430,2900,2800,570,2000,3000,1600,3000,1100,2200,4500,2820,5130,1600
217404,218244,Fire in Red,490,1.0,3710,5760,6020,1600,3760,800,3920,2900,2800,570,2000,3000,1600,3000,1100,2200,4500,2820,5130,1600
218164,218696,Auto,90,1.0,3710,5850,6020,1600,3760,800,3920,2900,2800,570,2000,3000,1600,3000,1100,2200,4500,2820,5130,1600
219904,220794,Aero in Green,530,1.0,4240,5850,6020,1600,3760,800,3920,2900,2800,570,2000,3000,1600,3000,1100,2200,4500,2820,5130,1600
221124,221656,Auto,90,1.0,4240,5940,6020,1600,3760,800,3920,2900,2800,570,2000,3000,1600,3000,1100,2200,4500,2820,5130,1600
222404,223384,Water in Blue,570,1.0,4240,5940,6020,1600,3760,800,3920,2900,2800,570,2000,3000,1600,3000,1100,2200,4500,2820,5700,1600
224084,224616,Auto,90,1.0,4240,6030,6020,1600,3760,800,3920,2900,2800,570,2000,3000,1600,3000,1100,2200,4500,2820,5700,1600
223905,225775,Comet in Black,940,1.0,4240,6030,6020,1600,4700,800,3920,2900,2800,570,2000,3000,1600,3000,1100,2200,4500,2820,5700,1600
227044,227576,Auto,90,1.0,4240,6120,6020,1600,4700,800,3920,2900,2800,570,2000,3000,1600,3000,1100,2200,4500,2820,5700,1600
229005,229755,Blizzard in Cyan,860,1.0,4240,6120,6880,1600,4700,800,3920,2900,2800,570,2000,3000,1600,3000,1100,2200,4500,2820,5700,1600
230004,230536,Auto,90,1.0,4240,6210,6880,1600,4700,800,3920,2900,2800,570,2000,3000,1600,3000,1100,2200,4500,2820,5700,1600
232305,233105,Stone in Yellow,900,1.0,4240,6210,6880,1600,4700,800,3920,2900,2800,570,2000,3000,1600,3000,1100,2200,5400,2820,5700,1600
232964,233496,Auto,90,1.0,4240,6300,6880,1600,4700,800,3920,2900,2800,570,2000,3000,1600,3000,1100,2200,5400,2820,5700,1600
236805,237337,Auto,90,1.0,4240,6390,6880,1600,4700,800,3920,2900,2800,570,2000,3000,1600,3000,1100,2200,5400,2820,5700,1600
239605,240455,Thunder in Magenta,940,1.0,4240,6390,6880,1600,4700,800,3920,2900,2800,570,2000,3000,1600,3000,1100,2200,5400,3760,5700,1600
240105,240637,Auto,90,1.0,4240,6480,6880,1600,4700,800,3920,2900,2800,570,2000,3000,1600,3000,1100,2200,5400,3760,5700,1600
241105,242975,Comet in Black,940,1.0,4240,6480,6880,1600,5640,800,3920,2900,2800,570,2000,3000,1600,3000,1100,2200,5400,3760,5700,1600
243065,243597,Auto,90,1.0,4240,6570,6880,1600,5640,800,3920,2900,2800,570,2000,3000,1600,3000,1100,2200,5400,3760,5700,1600
244405,245745,Holy in White,570,1.0,4240,6570,6880,1600,5640,800,3920,2900,2800,1140,2000,3000,1600,3000,1100,2200,5400,3760,5700,1600
246025,246557,Auto,90,1.0,4240,6660,6880,1600,5640,800,3920,2900,2800,1140,2000,3000,1600,3000,1100,2200,5400,3760,5700,1600
248173,248923,Blizzard in Cyan,860,1.0,4240,6660,7740,1600,5640,800,3920,2900,2800,1140,2000,3000,1600,3000,1100,2200,5400,3760,5700,1600
248985,249517,Auto,90,1.0,4240,6750,7740,1600,5640,800,3920,2900,2800,1140,2000,3000,1600,3000,1100,2200,5400,3760,5700,1600
250643,251443,Stone in Yellow,900,1.0,4240,6750,7740,1600,5640,800,3920,2900,2800,1140,2000,3000,1600,3000,1100,2200,6300,3760,5700,1600
253113,253963,Thunder in Magenta,940,1.0,4240,6750,7740,1600,5640,800,3920,2900,2800,1140,2000,3000,1600,3000,1100,2200,6300,4700,5700,1600
253613,254145,Auto,90,1.0,4240,6840,7740,1600,5640,800,3920,2900,2800,1140,2000,3000,1600,3000,1100,2200,6300,4700,5700,1600
255063,256223,Fanged Muse,800,1.0,4240,6840,7740,1600,5640,1600,3920,2900,2800,1140,2000,3000,1600,3000,1100,2200,6300,4700,5700,1600
254363,256233,Comet in Black,940,1.0,4240,6840,7740,1600,6580,1600,3920,2900,2800,1140,2000,3000,1600,3000,1100,2200,6300,4700,5700,1600
256573,257105,Auto,90,1.0,4240,6930,7740,1600,6580,1600,3920,2900,2800,1140,2000,3000,1600,3000,1100,2200,6300,4700,5700,1600
256833,258083,Star Prism,1100,1.0,4240,6930,7740,1600,6580,1600,3920,2900,2800,1140,2000,3000,1600,3000,1100,3300,6300,4700,5700,1600
259533,260065,Auto,90,1.0,4240,7020,7740,1600,6580,1600,3920,2900,2800,1140,2000,3000,1600,3000,1100,3300,6300,4700,5700,1600
258702,260082,Hammer Stamp,560,1.0,4240,7020,7740,1600,6580,1600,3920,2900,3360,1140,2000,3000,1600,3000,1100,3300,6300,4700,5700,1600
259403,260703,Retribution of the Madeen,1100,1.0,4240,7020,7740,1600,6580,1600,3920,2900,3360,1140,2000,3000,1600,3000,2200,3300,6300,4700,5700,1600
261202,262452,Hammer Brush,580,1.0,4240,7020,7740,1600,6580,1600,3920,3480,3360,1140,2000,3000,1600,3000,2200,3300,6300,4700,5700,1600
262493,263025,Auto,90,1.0,4240,7110,7740,1600,6580,1600,3920,3480,3360,1140,2000,3000,1600,3000,2200,3300,6300,4700,5700,1600
263703,265803,Polishing Hammer,600,1.0,4240,7110,7740,1600,6580,1600,3920,3480,3360,1140,2000,3600,1600,3000,2200,3300,6300,4700,5700,1600
265453,265985,Auto,90,1.0,4240,7200,7740,1600,6580,1600,3920,3480,3360,1140,2000,3600,1600,3000,2200,3300,6300,4700,5700,1600
266203,267443,Rainbow Drip,1000,1.0,4240,7200,7740,1600,6580,1600,3920,3480,3360,1140,2000,3600,1600,4000,2200,3300,6300,4700,5700,1600
268413,268945,Auto,90,1.0,4240,7290,7740,1600,6580,1600,3920,3480,3360,1140,2000,3600,1600,4000,2200,3300,6300,4700,5700,1600
269703,270543,Fire in Red,490,1.0,4240,7290,7740,1600,6580,1600,4410,3480,3360,1140,2000,3600,1600,4000,2200,3300,6300,4700,5700,1600
272203,273093,Aero in Green,530,1.0,4770,7290,7740,1600,6580,1600,4410,3480,3360,1140,2000,3600,1600,4000,2200,3300,6300,4700,5700,1600
272703,273235,Auto,90,1.0,4770,7380,7740,1600,6580,1600,4410,3480,3360,1140,2000,3600,1600,4000,2200,3300,6300,4700,5700,1600
274703,275683,Water in Blue,570,1.0,4770,7380,7740,1600,6580,1600,4410,3480,3360,1140,2000,3600,1600,4000,2200,3300,6300,4700,6270,1600
275663,276195,Auto,90,1.0,4770,7470,7740,1600,6580,1600,4410,3480,3360,1140,2000,3600,1600,4000,2200,3300,6300,4700,6270,1600
278003,278753,Blizzard in Cyan,860,1.0,4770,7470,8600,1600,6580,1600,4410,3480,3360,1140,2000,3600,1600,4000,2200,3300,6300,4700,6270,1600
278623,279155,Auto,90,1.0,4770,7560,8600,1600,6580,1600,4410,3480,3360,1140,2000,3600,1600,4000,2200,3300,6300,4700,6270,1600
282503,283035,Auto,90,1.0,4770,7650,8600,1600,6580,1600,4410,3480,3360,1140,2000,3600,1600,4000,2200,3300,6300,4700,6270,1600
283503,285373,Comet in Black,940,1.0,4770,7650,8600,1600,7520,1600,4410,3480,3360,1140,2000,3600,1600,4000,2200,3300,6300,4700,6270,1600
285463,285995,Auto,90,1.0,4770,7740,8600,1600,7520,1600,4410,3480,3360,1140,2000,3600,1600,4000,2200,3300,6300,4700,6270,1600
289803,290335,Auto,90,1.0,4770,7830,8600,1600,7520,1600,4410,3480,3360,1140,2000,3600,1600,4000,2200,3300,6300,4700,6270,1600
289904,290524,Pom Muse,800,1.0,4770,7830,8600,1600,7520,1600,4410,3480,3360,1140,2000,3600,2400,4000,2200,3300,6300,4700,6270,1600
293804,294336,Auto,90,1.0,4770,7920,8600,1600,7520,1600,4410,3480,3360,1140,2000,3600,2400,4000,2200,3300,6300,4700,6270,1600
293904,294884,Winged Muse,800,1.0,4770,7920,8600,1600,7520,1600,4410,3480,3360,1140,2000,3600,2400,4000,2200,3300,6300,4700,6270,2400
297804,298336,Auto,90,1.0,4770,8010,8600,1600,7520,1600,4410,3480,3360,1140,2000,3600,2400,4000,2200,3300,6300,4700,6270,2400
297904,299054,Mog of the Ages,1000,1.0,4770,8010,8600,1600,7520,1600,4410,3480,3360,1140,3000,3600,2400,4000,2200,3300,6300,4700,6270,2400
301804,302336,Auto,90,1.0,4770,8100,8600,1600,7520,1600,4410,3480,3360,1140,3000,3600,2400,4000,2200,3300,6300,4700,6270,2400
302804,304184,Hammer Stamp,560,1.0,4770,8100,8600,1600,7520,1600,4410,3480,3920,1140,3000,3600,2400,4000,2200,3300,6300,4700,6270,2400
304764,305296,Auto,90,1.0,4770,8190,8600,1600,7520,1600,4410,3480,3920,1140,3000,3600,2400,4000,2200,3300,6300,4700,6270,2400
305304,306554,Hammer Brush,580,1.0,4770,8190,8600,1600,7520,1600,4410,4060,3920,1140,3000,3600,2400,4000,2200,3300,6300,4700,6270,2400
307724,308256,Auto,90,1.0,4770,8280,8600,1600,7520,1600,4410,4060,3920,1140,3000,3600,2400,4000,2200,3300,6300,4700,6270,2400
307804,309904,Polishing Hammer,600,1.0,4770,8280,8600,1600,7520,1600,4410,4060,3920,1140,3000,4200,2400,4000,2200,3300,6300,4700,6270,2400
313304,313836,Auto,90,1.0,4770,8370,8600,1600,7520,1600,4410,4060,3920,1140,3000,4200,2400,4000,2200,3300,6300,4700,6270,2400
316104,316854,Blizzard in Cyan,860,1.0,4770,8370,9460,1600,7520,1600,4410,4060,3920,1140,3000,4200,2400,4000,2200,3300,6300,4700,6270,2400
316604,317136,Auto,90,1.0,4770,8460,9460,1600,7520,1600,4410,4060,3920,1140,3000,4200,2400,4000,2200,3300,6300,4700,6270,2400
319404,320204,Stone in Yellow,900,1.0,4770,8460,9460,1600,7520,1600,4410,4060,3920,1140,3000,4200,2400,4000,2200,3300,7200,4700,6270,2400
319904,320436,Auto,90,1.0,4770,8550,9460,1600,7520,1600,4410,4060,3920,1140,3000,4200,2400,4000,2200,3300,7200,4700,6270,2400
321904,322884,Water in Blue,570,1.0,4770,8550,9460,1600,7520,1600,4410,4060,3920,1140,3000,4200,2400,4000,2200,3300,7200,4700,6840,2400
322864,323396,Auto,90,1.0,4770,8640,9460,1600,7520,1600,4410,4060,3920,1140,3000,4200,2400,4000,2200,3300,7200,4700,6840,2400
322504,323484,Clawed Muse,800,1.0,4770,8640,9460,2400,7520,1600,4410,4060,3920,1140,3000,4200,2400,4000,2200,3300,7200,4700,6840,2400
326404,326936,Auto,90,1.0,4770,8730,9460,2400,7520,1600,4410,4060,3920,1140,3000,4200,2400,4000,2200,3300,7200,4700,6840,2400
328404,329244,Fire in Red,490,1.0,4770,8730,9460,2400,7520,1600,4900,4060,3920,1140,3000,4200,2400,4000,2200,3300,7200,4700,6840,2400
329364,329896,Auto,90,1.0,4770,8820,9460,2400,7520,1600,4900,4060,3920,1140,3000,4200,2400,4000,2200,3300,7200,4700,6840,2400
330904,331794,Aero in Green,530,1.0,5300,8820,9460,2400,7520,1600,4900,4060,3920,1140,3000,4200,2400,4000,2200,3300,7200,4700,6840,2400
332324,332856,Auto,90,1.0,5300,8910,9460,2400,7520,1600,4900,4060,3920,1140,3000,4200,2400,4000,2200,3300,7200,4700,6840,2400
333404,334384,Water in Blue,570,1.0,5300,8910,9460,2400,7520,1600,4900,4060,3920,1140,3000,4200,2400,4000,2200,3300,7200,4700,7410,2400
335904,336744,Fire in Red,490,1.0,5300,8910,9460,2400,7520,1600,5390,4060,3920,1140,3000,4200,2400,4000,2200,3300,7200,4700,7410,2400
336404,336936,Auto,90,1.0,5300,9000,9460,2400,7520,1600,5390,4060,3920,1140,3000,4200,2400,4000,2200,3300,7200,4700,7410,2400
338404,339294,Aero in Green,530,1.0,5830,9000,9460,2400,7520,1600,5390,4060,3920,1140,3000,4200,2400,4000,2200,3300,7200,4700,7410,2400
339364,339896,Auto,90,1.0,5830,9090,9460,2400,7520,1600,5390,4060,3920,1140,3000,4200,2400,4000,2200,3300,7200,4700,7410,2400
340905,341885,Water in Blue,570,1.0,5830,9090,9460,2400,7520,1600,5390,4060,3920,1140,3000,4200,2400,4000,2200,3300,7200,4700,7980,2400
342324,342856,Auto,90,1.0,5830,9180,9460,2400,7520,1600,5390,4060,3920,1140,3000,4200,2400,4000,2200,3300,7200,4700,7980,2400
342405,343745,Holy in White,570,1.0,5830,9180,9460,2400,7520,1600,5390,4060,3920,1710,3000,4200,2400,4000,2200,3300,7200,4700,7980,2400
345284,345816,Auto,90,1.0,5830,9270,9460,2400,7520,1600,5390,4060,3920,1710,3000,4200,2400,4000,2200,3300,7200,4700,7980,2400
344905,346245,Holy in White,570,1.0,5830,9270,9460,2400,7520,1600,5390,4060,3920,2280,3000,4200,2400,4000,2200,3300,7200,4700,7980,2400
349205,349955,Blizzard in Cyan,860,1.0,5830,9270,10320,2400,7520,1600,5390,4060,3920,2280,3000,4200,2400,4000,2200,3300,7200,4700,7980,2400
349705,350237,Auto,90,1.0,5830,9360,10320,2400,7520,1600,5390,4060,3920,2280,3000,4200,2400,4000,2200,3300,7200,4700,7980,2400
352505,353305,Stone in Yellow,900,1.0,5830,9360,10320,2400,7520,1600,5390,4060,3920,2280,3000,4200,2400,4000,2200,3300,8100,4700,7980,2400
353005,353537,Auto,90,1.0,5830,9450,10320,2400,7520,1600,5390,4060,3920,2280,3000,4200,2400,4000,2200,3300,8100,4700,7980,2400
355805,356655,Thunder in Magenta,940,1.0,5830,9450,10320,2400,7520,1600,5390,4060,3920,2280,3000,4200,2400,4000,2200,3300,8100,5640,7980,2400
356305,356837,Auto,90,1.0,5830,9540,10320,2400,7520,1600,5390,4060,3920,2280,3000,4200,2400,4000,2200,3300,8100,5640,7980,2400
357305,359175,Comet in Black,940,1.0,5830,9540,10320,2400,8460,1600,5390,4060,3920,2280,3000,4200,2400,4000,2200,3300,8100,5640,7980,2400
359265,359797,Auto,90,1.0,5830,9630,10320,2400,8460,1600,5390,4060,3920,2280,3000,4200,2400,4000,2200,3300,8100,5640,7980,2400
362405,363155,Blizzard in Cyan,860,1.0,5830,9630,11180,2400,8460,1600,5390,4060,3920,2280,3000,4200,2400,4000,2200,3300,8100,5640,7980,2400
362905,363437,Auto,90,1.0,5830,9720,11180,2400,8460,1600,5390,4060,3920,2280,3000,4200,2400,4000,2200,3300,8100,5640,7980,2400
365705,366505,Stone in Yellow,900,1.0,5830,9720,11180,2400,8460,1600,5390,4060,3920,2280,3000,4200,2400,4000,2200,3300,9000,5640,7980,2400
366205,366737,Auto,90,1.0,5830,9810,11180,2400,8460,1600,5390,4060,3920,2280,3000,4200,2400,4000,2200,3300,9000,5640,7980,2400
368425,369275,Thunder in Magenta,940,1.0,5830,9810,11180,2400,8460,1600,5390,4060,3920,2280,3000,4200,2400,4000,2200,3300,9000,6580,7980,2400
369165,369697,Auto,90,1.0,5830,9900,11180,2400,8460,1600,5390,4060,3920,2280,3000,4200,2400,4000,2200,3300,9000,6580,7980,2400
369675,371545,Comet in Black,940,1.0,5830,9900,11180,2400,9400,1600,5390,4060,3920,2280,3000,4200,2400,4000,2200,3300,9000,6580,7980,2400
372125,372657,Auto,90,1.0,5830,9990,11180,2400,9400,1600,5390,4060,3920,2280,3000,4200,2400,4000,2200,3300,9000,6580,7980,2400
373365,374115,Blizzard in Cyan,860,1.0,5830,9990,12040,2400,9400,1600,5390,4060,3920,2280,3000,4200,2400,4000,2200,3300,9000,6580,7980,2400
375085,375617,Auto,90,1.0,5830,10080,12040,2400,9400,1600,5390,4060,3920,2280,3000,4200,2400,4000,2200,3300,9000,6580,7980,2400
374615,375865,Star Prism,1100,1.0,5830,10080,12040,2400,9400,1600,5390,4060,3920,2280,3000,4200,2400,4000,2200,4400,9000,6580,7980,2400
376485,377865,Hammer Stamp,560,1.0,5830,10080,12040,2400,9400,1600,5390,4060,4480,2280,3000,4200,2400,4000,2200,4400,9000,6580,7980,2400
377185,378345,Fanged Muse,800,1.0,5830,10080,12040,2400,9400,2400,5390,4060,4480,2280,3000,4200,2400,4000,2200,4400,9000,6580,7980,2400
378045,378577,Auto,90,1.0,5830,10170,12040,2400,9400,2400,5390,4060,4480,2280,3000,4200,2400,4000,2200,4400,9000,6580,7980,2400
378985,380855,Comet in Black,940,1.0,5830,10170,12040,2400,10340,2400,5390,4060,4480,2280,3000,4200,2400,4000,2200,4400,9000,6580,7980,2400
381005,381537,Auto,90,1.0,5830,10260,12040,2400,10340,2400,5390,4060,4480,2280,3000,4200,2400,4000,2200,4400,9000,6580,7980,2400
381455,382695,Rainbow Drip,1000,1.0,5830,10260,12040,2400,10340,2400,5390,4060,4480,2280,3000,4200,2400,5000,2200,4400,9000,6580,7980,2400
382155,383455,Retribution of the Madeen,1100,1.0,5830,10260,12040,2400,10340,2400,5390,4060,4480,2280,3000,4200,2400,5000,3300,4400,9000,6580,7980,2400
383965,384497,Auto,90,1.0,5830,10350,12040,2400,10340,2400,5390,4060,4480,2280,3000,4200,2400,5000,3300,4400,9000,6580,7980,2400
383955,385205,Hammer Brush,580,1.0,5830,10350,12040,2400,10340,2400,5390,4640,4480,2280,3000,4200,2400,5000,3300,4400,9000,6580,7980,2400
386925,387457,Auto,90,1.0,5830,10440,12040,2400,10340,2400,5390,4640,4480,2280,3000,4200,2400,5000,3300,4400,9000,6580,7980,2400
386455,388555,Polishing Hammer,600,1.0,5830,10440,12040,2400,10340,2400,5390,4640,4480,2280,3000,4800,2400,5000,3300,4400,9000,6580,7980,2400
388955,390295,Holy in White,570,1.0,5830,10440,12040,2400,10340,2400,5390,4640,4480,2850,3000,4800,2400,5000,3300,4400,9000,6580,7980,2400
389885,390417,Auto,90,1.0,5830,10530,12040,2400,10340,2400,5390,4640,4480,2850,3000,4800,2400,5000,3300,4400,9000,6580,7980,2400
391455,392795,Holy in White,570,1.0,5830,10530,12040,2400,10340,2400,5390,4640,4480,3420,3000,4800,2400,5000,3300,4400,9000,6580,7980,2400
392845,393377,Auto,90,1.0,5830,10620,12040,2400,10340,2400,5390,4640,4480,3420,3000,4800,2400,5000,3300,4400,9000,6580,7980,2400
396955,397487,Auto,90,1.0,5830,10710,12040,2400,10340,2400,5390,4640,4480,3420,3000,4800,2400,5000,3300,4400,9000,6580,7980,2400
400956,401488,Auto,90,1.0,5830,10800,12040,2400,10340,2400,5390,4640,4480,3420,3000,4800,2400,5000,3300,4400,9000,6580,7980,2400
404956,405488,Auto,90,1.0,5830,10890,12040,2400,10340,2400,5390,4640,4480,3420,3000,4800,2400,5000,3300,4400,9000,6580,7980,2400
407756,408506,Blizzard in Cyan,860,1.0,5830,10890,12900,2400,10340,2400,5390,4640,4480,3420,3000,4800,2400,5000,3300,4400,9000,6580,7980,2400
408256,408788,Auto,90,1.0,5830,10980,12900,2400,10340,2400,5390,4640,4480,3420,3000,4800,2400,5000,3300,4400,9000,6580,7980,2400
411056,411856,Stone in Yellow,900,1.0,5830,10980,12900,2400,10340,2400,5390,4640,4480,3420,3000,4800,2400,5000,3300,4400,9900,6580,7980,2400
411556,412088,Auto,90,1.0,5830,11070,12900,2400,10340,2400,5390,4640,4480,3420,3000,4800,2400,5000,3300,4400,9900,6580,7980,2400
413556,414536,Water in Blue,570,1.0,5830,11070,12900,2400,10340,2400,5390,4640,4480,3420,3000,4800,2400,5000,3300,4400,9900,6580,8550,2400
414156,414776,Pom Muse,800,1.0,5830,11070,12900,2400,10340,2400,5390,4640,4480,3420,3000,4800,3200,5000,3300,4400,9900,6580,8550,2400
414516,415048,Auto,90,1.0,5830,11160,12900,2400,10340,2400,5390,4640,4480,3420,3000,4800,3200,5000,3300,4400,9900,6580,8550,2400
416056,416896,Fire in Red,490,1.0,5830,11160,12900,2400,10340,2400,5880,4640,4480,3420,3000,4800,3200,5000,3300,4400,9900,6580,8550,2400
417476,418008,Auto,90,1.0,5830,11250,12900,2400,10340,2400,5880,4640,4480,3420,3000,4800,3200,5000,3300,4400,9900,6580,8550,2400
418556,419446,Aero in Green,530,1.0,6360,11250,12900,2400,10340,2400,5880,4640,4480,3420,3000,4800,3200,5000,3300,4400,9900,6580,8550,2400
421056,422036,Water in Blue,570,1.0,6360,11250,12900,2400,10340,2400,5880,4640,4480,3420,3000,4800,3200,5000,3300,4400,9900,6580,9120,2400
421556,422088,Auto,90,1.0,6360,11340,12900,2400,10340,2400,5880,4640,4480,3420,3000,4800,3200,5000,3300,4400,9900,6580,9120,2400
424356,425106,Blizzard in Cyan,860,1.0,6360,11340,13760,2400,10340,2400,5880,4640,4480,3420,3000,4800,3200,5000,3300,4400,9900,6580,9120,2400
424856,425388,Auto,90,1.0,6360,11430,13760,2400,10340,2400,5880,4640,4480,3420,3000,4800,3200,5000,3300,4400,9900,6580,9120,2400
427656,428456,Stone in Yellow,900,1.0,6360,11430,13760,2400,10340,2400,5880,4640,4480,3420,3000,4800,3200,5000,3300,4400,10800,6580,9120,2400
428156,428688,Auto,90,1.0,6360,11520,13760,2400,10340,2400,5880,4640,4480,3420,3000,4800,3200,5000,3300,4400,10800,6580,9120,2400
429156,430536,Hammer Stamp,560,1.0,6360,11520,13760,2400,10340,2400,5880,4640,5040,3420,3000,4800,3200,5000,3300,4400,10800,6580,9120,2400
431116,431648,Auto,90,1.0,6360,11610,13760,2400,10340,2400,5880,4640,5040,3420,3000,4800,3200,5000,3300,4400,10800,6580,9120,2400
431656,432906,Hammer Brush,580,1.0,6360,11610,13760,2400,10340,2400,5880,5220,5040,3420,3000,4800,3200,5000,3300,4400,10800,6580,9120,2400
434076,434608,Auto,90,1.0,6360,11700,13760,2400,10340,2400,5880,5220,5040,3420,3000,4800,3200,5000,3300,4400,10800,6580,9120,2400
434156,436256,Polishing Hammer,600,1.0,6360,11700,13760,2400,10340,2400,5880,5220,5040,3420,3000,5400,3200,5000,3300,4400,10800,6580,9120,2400
439656,440188,Auto,90,1.0,6360,11790,13760,2400,10340,2400,5880,5220,5040,3420,3000,5400,3200,5000,3300,4400,10800,6580,9120,2400
443656,444188,Auto,90,1.0,6360,11880,13760,2400,10340,2400,5880,5220,5040,3420,3000,5400,3200,5000,3300,4400,10800,6580,9120,2400
443756,444736,Winged Muse,800,1.0,6360,11880,13760,2400,10340,2400,5880,5220,5040,3420,3000,5400,3200,5000,3300,4400,10800,6580,9120,3200
447656,448188,Auto,90,1.0,6360,11970,13760,2400,10340,2400,5880,5220,5040,3420,3000,5400,3200,5000,3300,4400,10800,6580,9120,3200
448657,450527,Comet in Black,940,1.0,6360,11970,13760,2400,11280,2400,5880,5220,5040,3420,3000,5400,3200,5000,3300,4400,10800,6580,9120,3200
450616,451148,Auto,90,1.0,6360,12060,13760,2400,11280,2400,5880,5220,5040,3420,3000,5400,3200,5000,3300,4400,10800,6580,9120,3200
453757,454607,Thunder in Magenta,940,1.0,6360,12060,13760,2400,11280,2400,5880,5220,5040,3420,3000,5400,3200,5000,3300,4400,10800,7520,9120,3200
454257,454789,Auto,90,1.0,6360,12150,13760,2400,11280,2400,5880,5220,5040,3420,3000,5400,3200,5000,3300,4400,10800,7520,9120,3200
456257,457097,Fire in Red,490,1.0,6360,12150,13760,2400,11280,2400,6370,5220,5040,3420,3000,5400,3200,5000,3300,4400,10800,7520,9120,3200
457217,457749,Auto,90,1.0,6360,12240,13760,2400,11280,2400,6370,5220,5040,3420,3000,5400,3200,5000,3300,4400,10800,7520,9120,3200
458757,459647,Aero in Green,530,1.0,6890,12240,13760,2400,11280,2400,6370,5220,5040,3420,3000,5400,3200,5000,3300,4400,10800,7520,9120,3200
460177,460709,Auto,90,1.0,6890,12330,13760,2400,11280,2400,6370,5220,5040,3420,3000,5400,3200,5000,3300,4400,10800,7520,9120,3200
461257,462237,Water in Blue,570,1.0,6890,12330,13760,2400,11280,2400,6370,5220,5040,3420,3000,5400,3200,5000,3300,4400,10800,7520,9690,3200
463757,464597,Fire in Red,490,1.0,6890,12330,13760,2400,11280,2400,6860,5220,5040,3420,3000,5400,3200,5000,3300,4400,10800,7520,9690,3200
464257,464789,Auto,90,1.0,6890,12420,13760,2400,11280,2400,6860,5220,5040,3420,3000,5400,3200,5000,3300,4400,10800,7520,9690,3200
466257,467147,Aero in Green,530,1.0,7420,12420,13760,2400,11280,2400,6860,5220,5040,3420,3000,5400,3200,5000,3300,4400,10800,7520,9690,3200
467217,467749,Auto,90,1.0,7420,12510,13760,2400,11280,2400,6860,5220,5040,3420,3000,5400,3200,5000,3300,4400,10800,7520,9690,3200
468757,469737,Water in Blue,570,1.0,7420,12510,13760,2400,11280,2400,6860,5220,5040,3420,3000,5400,3200,5000,3300,4400,10800,7520,10260,3200
470177,470709,Auto,90,1.0,7420,12600,13760,2400,11280,2400,6860,5220,5040,3420,3000,5400,3200,5000,3300,4400,10800,7520,10260,3200
471257,472097,Fire in Red,490,1.0,7420,12600,13760,2400,11280,2400,7350,5220,5040,3420,3000,5400,3200,5000,3300,4400,10800,7520,10260,3200
473757,474647,Aero in Green,530,1.0,7950,12600,13760,2400,11280,2400,7350,5220,5040,3420,3000,5400,3200,5000,3300,4400,10800,7520,10260,3200
474257,474789,Auto,90,1.0,7950,12690,13760,2400,11280,2400,7350,5220,5040,3420,3000,5400,3200,5000,3300,4400,10800,7520,10260,3200
476257,477237,Water in Blue,570,1.0,7950,12690,13760,2400,11280,2400,7350,5220,5040,3420,3000,5400,3200,5000,3300,4400,10800,7520,10830,3200
477217,477749,Auto,90,1.0,7950,12780,13760,2400,11280,2400,7350,5220,5040,3420,3000,5400,3200,5000,3300,4400,10800,7520,10830,3200
477757,479627,Comet in Black,940,1.0,7950,12780,13760,2400,12220,2400,7350,5220,5040,3420,3000,5400,3200,5000,3300,4400,10800,7520,10830,3200
480177,480709,Auto,90,1.0,7950,12870,13760,2400,12220,2400,7350,5220,5040,3420,3000,5400,3200,5000,3300,4400,10800,7520,10830,3200
481057,482397,Holy in White,570,1.0,7950,12870,13760,2400,12220,2400,7350,5220,5040,3990,3000,5400,3200,5000,3300,4400,10800,7520,10830,3200
483137,483669,Auto,90,1.0,7950,12960,13760,2400,12220,2400,7350,5220,5040,3990,3000,5400,3200,5000,3300,4400,10800,7520,10830,3200
485357,486107,Blizzard in Cyan,860,1.0,7950,12960,14620,2400,12220,2400,7350,5220,5040,3990,3000,5400,3200,5000,3300,4400,10800,7520,10830,3200
486097,486629,Auto,90,1.0,7950,13050,14620,2400,12220,2400,7350,5220,5040,3990,3000,5400,3200,5000,3300,4400,10800,7520,10830,3200
488225,489025,Stone in Yellow,900,1.0,7950,13050,14620,2400,12220,2400,7350,5220,5040,3990,3000,5400,3200,5000,3300,4400,11700,7520,10830,3200
489057,489589,Auto,90,1.0,7950,13140,14620,2400,12220,2400,7350,5220,5040,3990,3000,5400,3200,5000,3300,4400,11700,7520,10830,3200
490695,491545,Thunder in Magenta,940,1.0,7950,13140,14620,2400,12220,2400,7350,5220,5040,3990,3000,5400,3200,5000,3300,4400,11700,8460,10830,3200
492017,492549,Auto,90,1.0,7950,13230,14620,2400,12220,2400,7350,5220,5040,3990,3000,5400,3200,5000,3300,4400,11700,8460,10830,3200
491945,493195,Star Prism,1100,1.0,7950,13230,14620,2400,12220,2400,7350,5220,5040,3990,3000,5400,3200,5000,3300,5500,11700,8460,10830,3200
493815,495195,Hammer Stamp,560,1.0,7950,13230,14620,2400,12220,2400,7350,5220,5600,3990,3000,5400,3200,5000,3300,5500,11700,8460,10830,3200
494977,495509,Auto,90,1.0,7950,13320,14620,2400,12220,2400,7350,5220,5600,3990,3000,5400,3200,5000,3300,5500,11700,8460,10830,3200
495215,496195,Clawed Muse,800,1.0,7950,13320,14620,3200,12220,2400,7350,5220,5600,3990,3000,5400,3200,5000,3300,5500,11700,8460,10830,3200
497535,498285,Blizzard in Cyan,860,1.0,7950,13320,15480,3200,12220,2400,7350,5220,5600,3990,3000,5400,3200,5000,3300,5500,11700,8460,10830,3200
498035,498567,Auto,90,1.0,7950,13410,15480,3200,12220,2400,7350,5220,5600,3990,3000,5400,3200,5000,3300,5500,11700,8460,10830,3200
499485,500635,Mog of the Ages,1000,1.0,7950,13410,15480,3200,12220,2400,7350,5220,5600,3990,4000,5400,3200,5000,3300,5500,11700,8460,10830,3200
498785,500655,Comet in Black,940,1.0,7950,13410,15480,3200,13160,2400,7350,5220,5600,3990,4000,5400,3200,5000,3300,5500,11700,8460,10830,3200
500995,501527,Auto,90,1.0,7950,13500,15480,3200,13160,2400,7350,5220,5600,3990,4000,5400,3200,5000,3300,5500,11700,8460,10830,3200
501255,502495,Rainbow Drip,1000,1.0,7950,13500,15480,3200,13160,2400,7350,5220,5600,3990,4000,5400,3200,6000,3300,5500,11700,8460,10830,3200
503955,504487,Auto,90,1.0,7950,13590,15480,3200,13160,2400,7350,5220,5600,3990,4000,5400,3200,6000,3300,5500,11700,8460,10830,3200
503755,505005,Hammer Brush,580,1.0,7950,13590,15480,3200,13160,2400,7350,5800,5600,3990,4000,5400,3200,6000,3300,5500,11700,8460,10830,3200
506915,507447,Auto,90,1.0,7950,13680,15480,3200,13160,2400,7350,5800,5600,3990,4000,5400,3200,6000,3300,5500,11700,8460,10830,3200
506255,508355,Polishing Hammer,600,1.0,7950,13680,15480,3200,13160,2400,7350,5800,5600,3990,4000,6000,3200,6000,3300,5500,11700,8460,10830,3200
511755,512287,Auto,90,1.0,7950,13770,15480,3200,13160,2400,7350,5800,5600,3990,4000,6000,3200,6000,3300,5500,11700,8460,10830,3200
515755,516287,Auto,90,1.0,7950,13860,15480,3200,13160,2400,7350,5800,5600,3990,4000,6000,3200,6000,3300,5500,11700,8460,10830,3200
519756,520288,Auto,90,1.0,7950,13950,15480,3200,13160,2400,7350,5800,5600,3990,4000,6000,3200,6000,3300,5500,11700,8460,10830,3200
520756,522096,Holy in White,570,1.0,7950,13950,15480,3200,13160,2400,7350,5800,5600,4560,4000,6000,3200,6000,3300,5500,11700,8460,10830,3200
521456,522616,Fanged Muse,800,1.0,7950,13950,15480,3200,13160,3200,7350,5800,5600,4560,4000,6000,3200,6000,3300,5500,11700,8460,10830,3200
522716,523248,Auto,90,1.0,7950,14040,15480,3200,13160,3200,7350,5800,5600,4560,4000,6000,3200,6000,3300,5500,11700,8460,10830,3200
526256,526788,Auto,90,1.0,7950,14130,15480,3200,13160,3200,7350,5800,5600,4560,4000,6000,3200,6000,3300,5500,11700,8460,10830,3200
527256,528596,Holy in White,570,1.0,7950,14130,15480,3200,13160,3200,7350,5800,5600,5130,4000,6000,3200,6000,3300,5500,11700,8460,10830,3200
529216,529748,Auto,90,1.0,7950,14220,15480,3200,13160,3200,7350,5800,5600,5130,4000,6000,3200,6000,3300,5500,11700,8460,10830,3200
529756,531096,Holy in White,570,1.0,7950,14220,15480,3200,13160,3200,7350,5800,5600,5700,4000,6000,3200,6000,3300,5500,11700,8460,10830,3200
532176,532708,Auto,90,1.0,7950,14310,15480,3200,13160,3200,7350,5800,5600,5700,4000,6000,3200,6000,3300,5500,11700,8460,10830,3200
534056,534806,Blizzard in Cyan,860,1.0,7950,14310,16340,3200,13160,3200,7350,5800,5600,5700,4000,6000,3200,6000,3300,5500,11700,8460,10830,3200
535136,535668,Auto,90,1.0,7950,14400,16340,3200,13160,3200,7350,5800,5600,5700,4000,6000,3200,6000,3300,5500,11700,8460,10830,3200
537356,538156,Stone in Yellow,900,1.0,7950,14400,16340,3200,13160,3200,7350,5800,5600,5700,4000,6000,3200,6000,3300,5500,12600,8460,10830,3200
538096,538628,Auto,90,1.0,7950,14490,16340,3200,13160,3200,7350,5800,5600,5700,4000,6000,3200,6000,3300,5500,12600,8460,10830,3200
539856,540836,Water in Blue,570,1.0,7950,14490,16340,3200,13160,3200,7350,5800,5600,5700,4000,6000,3200,6000,3300,5500,12600,8460,11400,3200
541056,541588,Auto,90,1.0,7950,14580,16340,3200,13160,3200,7350,5800,5600,5700,4000,6000,3200,6000,3300,5500,12600,8460,11400,3200
542356,543196,Fire in Red,490,1.0,7950,14580,16340,3200,13160,3200,7840,5800,5600,5700,4000,6000,3200,6000,3300,5500,12600,8460,11400,3200
542956,544256,Retribution of the Madeen,1100,1.0,7950,14580,16340,3200,13160,3200,7840,5800,5600,5700,4000,6000,3200,6000,4400,5500,12600,8460,11400,3200
544856,545746,Aero in Green,530,1.0,8480,14580,16340,3200,13160,3200,7840,5800,5600,5700,4000,6000,3200,6000,4400,5500,12600,8460,11400,3200
545356,545888,Auto,90,1.0,8480,14670,16340,3200,13160,3200,7840,5800,5600,5700,4000,6000,3200,6000,4400,5500,12600,8460,11400,3200
546356,547736,Hammer Stamp,560,1.0,8480,14670,16340,3200,13160,3200,7840,5800,6160,5700,4000,6000,3200,6000,4400,5500,12600,8460,11400,3200
548316,548848,Auto,90,1.0,8480,14760,16340,3200,13160,3200,7840,5800,6160,5700,4000,6000,3200,6000,4400,5500,12600,8460,11400,3200
548856,550106,Hammer Brush,580,1.0,8480,14760,16340,3200,13160,3200,7840,6380,6160,5700,4000,6000,3200,6000,4400,5500,12600,8460,11400,3200
551276,551808,Auto,90,1.0,8480,14850,16340,3200,13160,3200,7840,6380,6160,5700,4000,6000,3200,6000,4400,5500,12600,8460,11400,3200
551356,553456,Polishing Hammer,600,1.0,8480,14850,16340,3200,13160,3200,7840,6380,6160,5700,4000,6600,3200,6000,4400,5500,12600,8460,11400,3200
554856,555836,Water in Blue,570,1.0,8480,14850,16340,3200,13160,3200,7840,6380,6160,5700,4000,6600,3200,6000,4400,5500,12600,8460,11970,3200
555356,555888,Auto,90,1.0,8480,14940,16340,3200,13160,3200,7840,6380,6160,5700,4000,6600,3200,6000,4400,5500,12600,8460,11970,3200
559356,559888,Auto,90,1.0,8480,15030,16340,3200,13160,3200,7840,6380,6160,5700,4000,6600,3200,6000,4400,5500,12600,8460,11970,3200
561356,562196,Fire in Red,490,1.0,8480,15030,16340,3200,13160,3200,8330,6380,6160,5700,4000,6600,3200,6000,4400,5500,12600,8460,11970,3200
562316,562848,Auto,90,1.0,8480,15120,16340,3200,13160,3200,8330,6380,6160,5700,4000,6600,3200,6000,4400,5500,12600,8460,11970,3200
563856,564746,Aero in Green,530,1.0,9010,15120,16340,3200,13160,3200,8330,6380,6160,5700,4000,6600,3200,6000,4400,5500,12600,8460,11970,3200
565276,565808,Auto,90,1.0,9010,15210,16340,3200,13160,3200,8330,6380,6160,5700,4000,6600,3200,6000,4400,5500,12600,8460,11970,3200
566357,567337,Water in Blue,570,1.0,9010,15210,16340,3200,13160,3200,8330,6380,6160,5700,4000,6600,3200,6000,4400,5500,12600,8460,12540,3200
566957,567577,Pom Muse,800,1.0,9010,15210,16340,3200,13160,3200,8330,6380,6160,5700,4000,6600,4000,6000,4400,5500,12600,8460,12540,3200
570857,571389,Auto,90,1.0,9010,15300,16340,3200,13160,3200,8330,6380,6160,5700,4000,6600,4000,6000,4400,5500,12600,8460,12540,3200
573657,574407,Blizzard in Cyan,860,1.0,9010,15300,17200,3200,13160,3200,8330,6380,6160,5700,4000,6600,4000,6000,4400,5500,12600,8460,12540,3200
574157,574689,Auto,90,1.0,9010,15390,17200,3200,13160,3200,8330,6380,6160,5700,4000,6600,4000,6000,4400,5500,12600,8460,12540,3200
576957,577757,Stone in Yellow,900,1.0,9010,15390,17200,3200,13160,3200,8330,6380,6160,5700,4000,6600,4000,6000,4400,5500,13500,8460,12540,3200
577457,577989,Auto,90,1.0,9010,15480,17200,3200,13160,3200,8330,6380,6160,5700,4000,6600,4000,6000,4400,5500,13500,8460,12540,3200
580257,581107,Thunder in Magenta,940,1.0,9010,15480,17200,3200,13160,3200,8330,6380,6160,5700,4000,6600,4000,6000,4400,5500,13500,9400,12540,3200
580757,581289,Auto,90,1.0,9010,15570,17200,3200,13160,3200,8330,6380,6160,5700,4000,6600,4000,6000,4400,5500,13500,9400,12540,3200
582757,583597,Fire in Red,490,1.0,9010,15570,17200,3200,13160,3200,8820,6380,6160,5700,4000,6600,4000,6000,4400,5500,13500,9400,12540,3200
583717,584249,Auto,90,1.0,9010,15660,17200,3200,13160,3200,8820,6380,6160,5700,4000,6600,4000,6000,4400,5500,13500,9400,12540,3200
585257,586147,Aero in Green,530,1.0,9540,15660,17200,3200,13160,3200,8820,6380,6160,5700,4000,6600,4000,6000,4400,5500,13500,9400,12540,3200
586677,587209,Auto,90,1.0,9540,15750,17200,3200,13160,3200,8820,6380,6160,5700,4000,6600,4000,6000,4400,5500,13500,9400,12540,3200
587757,588737,Water in Blue,570,1.0,9540,15750,17200,3200,13160,3200,8820,6380,6160,5700,4000,6600,4000,6000,4400,5500,13500,9400,13110,3200
590257,591097,Fire in Red,490,1.0,9540,15750,17200,3200,13160,3200,9310,6380,6160,5700,4000,6600,4000,6000,4400,5500,13500,9400,13110,3200
590757,591289,Auto,90,1.0,9540,15840,17200,3200,13160,3200,9310,6380,6160,5700,4000,6600,4000,6000,4400,5500,13500,9400,13110,3200
592757,593647,Aero in Green,530,1.0,10070,15840,17200,3200,13160,3200,9310,6380,6160,5700,4000,6600,4000,6000,4400,5500,13500,9400,13110,3200
593717,594249,Auto,90,1.0,10070,15930,17200,3200,13160,3200,9310,6380,6160,5700,4000,6600,4000,6000,4400,5500,13500,9400,13110,3200
595257,596237,Water in Blue,570,1.0,10070,15930,17200,3200,13160,3200,9310,6380,6160,5700,4000,6600,4000,6000,4400,5500,13500,9400,13680,3200
596677,597209,Auto,90,1.0,10070,16020,17200,3200,13160,3200,9310,6380,6160,5700,4000,6600,4000,6000,4400,5500,13500,9400,13680,3200
596757,598627,Comet in Black,940,1.0,10070,16020,17200,3200,14100,3200,9310,6380,6160,5700,4000,6600,4000,6000,4400,5500,13500,9400,13680,3200
599637,600169,Auto,90,1.0,10070,16110,17200,3200,14100,3200,9310,6380,6160,5700,4000,6600,4000,6000,4400,5500,13500,9400,13680,3200
600057,601927,Comet in Black,940,1.0,10070,16110,17200,3200,15040,3200,9310,6380,6160,5700,4000,6600,4000,6000,4400,5500,13500,9400,13680,3200
602597,603129,Auto,90,1.0,10070,16200,17200,3200,15040,3200,9310,6380,6160,5700,4000,6600,4000,6000,4400,5500,13500,9400,13680,3200
605157,605907,Blizzard in Cyan,860,1.0,10070,16200,18060,3200,15040,3200,9310,6380,6160,5700,4000,6600,4000,6000,4400,5500,13500,9400,13680,3200
605657,606189,Auto,90,1.0,10070,16290,18060,3200,15040,3200,9310,6380,6160,5700,4000,6600,4000,6000,4400,5500,13500,9400,13680,3200
608225,609025,Stone in Yellow,900,1.0,10070,16290,18060,3200,15040,3200,9310,6380,6160,5700,4000,6600,4000,6000,4400,5500,14400,9400,13680,3200
608725,609257,Auto,90,1.0,10070,16380,18060,3200,15040,3200,9310,6380,6160,5700,4000,6600,4000,6000,4400,5500,14400,9400,13680,3200
610695,611545,Thunder in Magenta,940,1.0,10070,16380,18060,3200,15040,3200,9310,6380,6160,5700,4000,6600,4000,6000,4400,5500,14400,10340,13680,3200
611685,612217,Auto,90,1.0,10070,16470,18060,3200,15040,3200,9310,6380,6160,5700,4000,6600,4000,6000,4400,5500,14400,10340,13680,3200
611945,613195,Star Prism,1100,1.0,10070,16470,18060,3200,15040,3200,9310,6380,6160,5700,4000,6600,4000,6000,4400,6600,14400,10340,13680,3200
615035,615785,Blizzard in Cyan,860,1.0,10070,16470,18920,3200,15040,3200,9310,6380,6160,5700,4000,6600,4000,6000,4400,6600,14400,10340,13680,3200
615535,616067,Auto,90,1.0,10070,16560,18920,3200,15040,3200,9310,6380,6160,5700,4000,6600,4000,6000,4400,6600,14400,10340,13680,3200
616285,618155,Comet in Black,940,1.0,10070,16560,18920,3200,15980,3200,9310,6380,6160,5700,4000,6600,4000,6000,4400,6600,14400,10340,13680,3200
618495,619027,Auto,90,1.0,10070,16650,18920,3200,15980,3200,9310,6380,6160,5700,4000,6600,4000,6000,4400,6600,14400,10340,13680,3200
618755,619995,Rainbow Drip,1000,1.0,10070,16650,18920,3200,15980,3200,9310,6380,6160,5700,4000,6600,4000,7000,4400,6600,14400,10340,13680,3200
619455,620435,Winged Muse,800,1.0,10070,16650,18920,3200,15980,3200,9310,6380,6160,5700,4000,6600,4000,7000,4400,6600,14400,10340,13680,4000
621455,621987,Auto,90,1.0,10070,16740,18920,3200,15980,3200,9310,6380,6160,5700,4000,6600,4000,7000,4400,6600,14400,10340,13680,4000
621255,622635,Hammer Stamp,560,1.0,10070,16740,18920,3200,15980,3200,9310,6380,6720,5700,4000,6600,4000,7000,4400,6600,14400,10340,13680,4000
621955,623105,Mog of the Ages,1000,1.0,10070,16740,18920,3200,15980,3200,9310,6380,6720,5700,5000,6600,4000,7000,4400,6600,14400,10340,13680,4000
624415,624947,Auto,90,1.0,10070,16830,18920,3200,15980,3200,9310,6380,6720,5700,5000,6600,4000,7000,4400,6600,14400,10340,13680,4000
623755,625005,Hammer Brush,580,1.0,10070,16830,18920,3200,15980,3200,9310,6960,6720,5700,5000,6600,4000,7000,4400,6600,14400,10340,13680,4000
627375,627907,Auto,90,1.0,10070,16920,18920,3200,15980,3200,9310,6960,6720,5700,5000,6600,4000,7000,4400,6600,14400,10340,13680,4000
626255,628355,Polishing Hammer,600,1.0,10070,16920,18920,3200,15980,3200,9310,6960,6720,5700,5000,7200,4000,7000,4400,6600,14400,10340,13680,4000
631755,632287,Auto,90,1.0,10070,17010,18920,3200,15980,3200,9310,6960,6720,5700,5000,7200,4000,7000,4400,6600,14400,10340,13680,4000
635755,636287,Auto,90,1.0,10070,17100,18920,3200,15980,3200,9310,6960,6720,5700,5000,7200,4000,7000,4400,6600,14400,10340,13680,4000
639756,640288,Auto,90,1.0,10070,17190,18920,3200,15980,3200,9310,6960,6720,5700,5000,7200,4000,7000,4400,6600,14400,10340,13680,4000
640756,642096,Holy in White,570,1.0,10070,17190,18920,3200,15980,3200,9310,6960,6720,6270,5000,7200,4000,7000,4400,6600,14400,10340,13680,4000
641456,642436,Clawed Muse,800,1.0,10070,17190,18920,4000,15980,3200,9310,6960,6720,6270,5000,7200,4000,7000,4400,6600,14400,10340,13680,4000
642716,643248,Auto,90,1.0,10070,17280,18920,4000,15980,3200,9310,6960,6720,6270,5000,7200,4000,7000,4400,6600,14400,10340,13680,4000
646256,646788,Auto,90,1.0,10070,17370,18920,4000,15980,3200,9310,6960,6720,6270,5000,7200,4000,7000,4400,6600,14400,10340,13680,4000
649056,649806,Blizzard in Cyan,860,1.0,10070,17370,19780,4000,15980,3200,9310,6960,6720,6270,5000,7200,4000,7000,4400,6600,14400,10340,13680,4000
649556,650088,Auto,90,1.0,10070,17460,19780,4000,15980,3200,9310,6960,6720,6270,5000,7200,4000,7000,4400,6600,14400,10340,13680,4000
652356,653156,Stone in Yellow,900,1.0,10070,17460,19780,4000,15980,3200,9310,6960,6720,6270,5000,7200,4000,7000,4400,6600,15300,10340,13680,4000
652856,653388,Auto,90,1.0,10070,17550,19780,4000,15980,3200,9310,6960,6720,6270,5000,7200,4000,7000,4400,6600,15300,10340,13680,4000
654856,655836,Water in Blue,570,1.0,10070,17550,19780,4000,15980,3200,9310,6960,6720,6270,5000,7200,4000,7000,4400,6600,15300,10340,14250,4000
655816,656348,Auto,90,1.0,10070,17640,19780,4000,15980,3200,9310,6960,6720,6270,5000,7200,4000,7000,4400,6600,15300,10340,14250,4000
657356,658196,Fire in Red,490,1.0,10070,17640,19780,4000,15980,3200,9800,6960,6720,6270,5000,7200,4000,7000,4400,6600,15300,10340,14250,4000
658776,659308,Auto,90,1.0,10070,17730,19780,4000,15980,3200,9800,6960,6720,6270,5000,7200,4000,7000,4400,6600,15300,10340,14250,4000
659856,660746,Aero in Green,530,1.0,10600,17730,19780,4000,15980,3200,9800,6960,6720,6270,5000,7200,4000,7000,4400,6600,15300,10340,14250,4000
662356,663336,Water in Blue,570,1.0,10600,17730,19780,4000,15980,3200,9800,6960,6720,6270,5000,7200,4000,7000,4400,6600,15300,10340,14820,4000
662856,663388,Auto,90,1.0,10600,17820,19780,4000,15980,3200,9800,6960,6720,6270,5000,7200,4000,7000,4400,6600,15300,10340,14820,4000
665656,666406,Blizzard in Cyan,860,1.0,10600,17820,20640,4000,15980,3200,9800,6960,6720,6270,5000,7200,4000,7000,4400,6600,15300,10340,14820,4000
666156,666688,Auto,90,1.0,10600,17910,20640,4000,15980,3200,9800,6960,6720,6270,5000,7200,4000,7000,4400,6600,15300,10340,14820,4000
668956,669756,Stone in Yellow,900,1.0,10600,17910,20640,4000,15980,3200,9800,6960,6720,6270,5000,7200,4000,7000,4400,6600,16200,10340,14820,4000
669456,669988,Auto,90,1.0,10600,18000,20640,4000,15980,3200,9800,6960,6720,6270,5000,7200,4000,7000,4400,6600,16200,10340,14820,4000
672256,673106,Thunder in Magenta,940,1.0,10600,18000,20640,4000,15980,3200,9800,6960,6720,6270,5000,7200,4000,7000,4400,6600,16200,11280,14820,4000
672756,673288,Auto,90,1.0,10600,18090,20640,4000,15980,3200,9800,6960,6720,6270,5000,7200,4000,7000,4400,6600,16200,11280,14820,4000
673756,675136,Hammer Stamp,560,1.0,10600,18090,20640,4000,15980,3200,9800,6960,7280,6270,5000,7200,4000,7000,4400,6600,16200,11280,14820,4000
675716,676248,Auto,90,1.0,10600,18180,20640,4000,15980,3200,9800,6960,7280,6270,5000,7200,4000,7000,4400,6600,16200,11280,14820,4000
676256,677506,Hammer Brush,580,1.0,10600,18180,20640,4000,15980,3200,9800,7540,7280,6270,5000,7200,4000,7000,4400,6600,16200,11280,14820,4000
678676,679208,Auto,90,1.0,10600,18270,20640,4000,15980,3200,9800,7540,7280,6270,5000,7200,4000,7000,4400,6600,16200,11280,14820,4000
678756,680856,Polishing Hammer,600,1.0,10600,18270,20640,4000,15980,3200,9800,7540,7280,6270,5000,7800,4000,7000,4400,6600,16200,11280,14820,4000
681636,682168,Auto,90,1.0,10600,18360,20640,4000,15980,3200,9800,7540,7280,6270,5000,7800,4000,7000,4400,6600,16200,11280,14820,4000
681256,683126,Comet in Black,940,1.0,10600,18360,20640,4000,16920,3200,9800,7540,7280,6270,5000,7800,4000,7000,4400,6600,16200,11280,14820,4000
686356,687106,Blizzard in Cyan,860,1.0,10600,18360,21500,4000,16920,3200,9800,7540,7280,6270,5000,7800,4000,7000,4400,6600,16200,11280,14820,4000
686856,687388,Auto,90,1.0,10600,18450,21500,4000,16920,3200,9800,7540,7280,6270,5000,7800,4000,7000,4400,6600,16200,11280,14820,4000
689656,690456,Stone in Yellow,900,1.0,10600,18450,21500,4000,16920,3200,9800,7540,7280,6270,5000,7800,4000,7000,4400,6600,17100,11280,14820,4000
690156,690688,Auto,90,1.0,10600,18540,21500,4000,16920,3200,9800,7540,7280,6270,5000,7800,4000,7000,4400,6600,17100,11280,14820,4000
692956,693806,Thunder in Magenta,940,1.0,10600,18540,21500,4000,16920,3200,9800,7540,7280,6270,5000,7800,4000,7000,4400,6600,17100,12220,14820,4000
693456,693988,Auto,90,1.0,10600,18630,21500,4000,16920,3200,9800,7540,7280,6270,5000,7800,4000,7000,4400,6600,17100,12220,14820,4000
697456,697988,Auto,90,1.0,10600,18720,21500,4000,16920,3200,9800,7540,7280,6270,5000,7800,4000,7000,4400,6600,17100,12220,14820,4000
698457,700327,Comet in Black,940,1.0,10600,18720,21500,4000,17860,3200,9800,7540,7280,6270,5000,7800,4000,7000,4400,6600,17100,12220,14820,4000
700416,700948,Auto,90,1.0,10600,18810,21500,4000,17860,3200,9800,7540,7280,6270,5000,7800,4000,7000,4400,6600,17100,12220,14820,4000
702757,703597,Fire in Red,490,1.0,10600,18810,21500,4000,17860,3200,10290,7540,7280,6270,5000,7800,4000,7000,4400,6600,17100,12220,14820,4000
703376,703908,Auto,90,1.0,10600,18900,21500,4000,17860,3200,10290,7540,7280,6270,5000,7800,4000,7000,4400,6600,17100,12220,14820,4000
705257,706147,Aero in Green,530,1.0,11130,18900,21500,4000,17860,3200,10290,7540,7280,6270,5000,7800,4000,7000,4400,6600,17100,12220,14820,4000
706336,706868,Auto,90,1.0,11130,18990,21500,4000,17860,3200,10290,7540,7280,6270,5000,7800,4000,7000,4400,6600,17100,12220,14820,4000
707757,708737,Water in Blue,570,1.0,11130,18990,21500,4000,17860,3200,10290,7540,7280,6270,5000,7800,4000,7000,4400,6600,17100,12220,15390,4000
710257,711097,Fire in Red,490,1.0,11130,18990,21500,4000,17860,3200,10780,7540,7280,6270,5000,7800,4000,7000,4400,6600,17100,12220,15390,4000
710757,711289,Auto,90,1.0,11130,19080,21500,4000,17860,3200,10780,7540,7280,6270,5000,7800,4000,7000,4400,6600,17100,12220,15390,4000
712757,713647,Aero in Green,530,1.0,11660,19080,21500,4000,17860,3200,10780,7540,7280,6270,5000,7800,4000,7000,4400,6600,17100,12220,15390,4000
713717,714249,Auto,90,1.0,11660,19170,21500,4000,17860,3200,10780,7540,7280,6270,5000,7800,4000,7000,4400,6600,17100,12220,15390,4000
715257,716237,Water in Blue,570,1.0,11660,19170,21500,4000,17860,3200,10780,7540,7280,6270,5000,7800,4000,7000,4400,6600,17100,12220,15960,4000
716677,717209,Auto,90,1.0,11660,19260,21500,4000,17860,3200,10780,7540,7280,6270,5000,7800,4000,7000,4400,6600,17100,12220,15960,4000
716757,718097,Holy in White,570,1.0,11660,19260,21500,4000,17860,3200,10780,7540,7280,6840,5000,7800,4000,7000,4400,6600,17100,12220,15960,4000
719637,720169,Auto,90,1.0,11660,19350,21500,4000,17860,3200,10780,7540,7280,6840,5000,7800,4000,7000,4400,6600,17100,12220,15960,4000
719257,720597,Holy in White,570,1.0,11660,19350,21500,4000,17860,3200,10780,7540,7280,7410,5000,7800,4000,7000,4400,6600,17100,12220,15960,4000
723557,724307,Blizzard in Cyan,860,1.0,11660,19350,22360,4000,17860,3200,10780,7540,7280,7410,5000,7800,4000,7000,4400,6600,17100,12220,15960,4000
724057,724589,Auto,90,1.0,11660,19440,22360,4000,17860,3200,10780,7540,7280,7410,5000,7800,4000,7000,4400,6600,17100,12220,15960,4000
726857,727657,Stone in Yellow,900,1.0,11660,19440,22360,4000,17860,3200,10780,7540,7280,7410,5000,7800,4000,7000,4400,6600,18000,12220,15960,4000
727357,727889,Auto,90,1.0,11660,19530,22360,4000,17860,3200,10780,7540,7280,7410,5000,7800,4000,7000,4400,6600,18000,12220,15960,4000
729577,730427,Thunder in Magenta,940,1.0,11660,19530,22360,4000,17860,3200,10780,7540,7280,7410,5000,7800,4000,7000,4400,6600,18000,13160,15960,4000
730317,730849,Auto,90,1.0,11660,19620,22360,4000,17860,3200,10780,7540,7280,7410,5000,7800,4000,7000,4400,6600,18000,13160,15960,4000
730827,732697,Comet in Black,940,1.0,11660,19620,22360,4000,18800,3200,10780,7540,7280,7410,5000,7800,4000,7000,4400,6600,18000,13160,15960,4000
733277,733809,Auto,90,1.0,11660,19710,22360,4000,18800,3200,10780,7540,7280,7410,5000,7800,4000,7000,4400,6600,18000,13160,15960,4000
734517,735267,Blizzard in Cyan,860,1.0,11660,19710,23220,4000,18800,3200,10780,7540,7280,7410,5000,7800,4000,7000,4400,6600,18000,13160,15960,4000
736237,736769,Auto,90,1.0,11660,19800,23220,4000,18800,3200,10780,7540,7280,7410,5000,7800,4000,7000,4400,6600,18000,13160,15960,4000
735767,737017,Star Prism,1100,1.0,11660,19800,23220,4000,18800,3200,10780,7540,7280,7410,5000,7800,4000,7000,4400,7700,18000,13160,15960,4000
737637,739507,Comet in Black,940,1.0,11660,19800,23220,4000,19740,3200,10780,7540,7280,7410,5000,7800,4000,7000,4400,7700,18000,13160,15960,4000
739197,739729,Auto,90,1.0,11660,19890,23220,4000,19740,3200,10780,7540,7280,7410,5000,7800,4000,7000,4400,7700,18000,13160,15960,4000
740107,741347,Rainbow Drip,1000,1.0,11660,19890,23220,4000,19740,3200,10780,7540,7280,7410,5000,7800,4000,8000,4400,7700,18000,13160,15960,4000
742157,742689,Auto,90,1.0,11660,19980,23220,4000,19740,3200,10780,7540,7280,7410,5000,7800,4000,8000,4400,7700,18000,13160,15960,4000
742607,743987,Hammer Stamp,560,1.0,11660,19980,23220,4000,19740,3200,10780,7540,7840,7410,5000,7800,4000,8000,4400,7700,18000,13160,15960,4000
743307,744467,Fanged Muse,800,1.0,11660,19980,23220,4000,19740,4000,10780,7540,7840,7410,5000,7800,4000,8000,4400,7700,18000,13160,15960,4000
745117,745649,Auto,90,1.0,11660,20070,23220,4000,19740,4000,10780,7540,7840,7410,5000,7800,4000,8000,4400,7700,18000,13160,15960,4000
745107,746357,Hammer Brush,580,1.0,11660,20070,23220,4000,19740,4000,10780,8120,7840,7410,5000,7800,4000,8000,4400,7700,18000,13160,15960,4000
745807,747107,Retribution of the Madeen,1100,1.0,11660,20070,23220,4000,19740,4000,10780,8120,7840,7410,5000,7800,4000,8000,5500,7700,18000,13160,15960,4000
748077,748609,Auto,90,1.0,11660,20160,23220,4000,19740,4000,10780,8120,7840,7410,5000,7800,4000,8000,5500,7700,18000,13160,15960,4000
747607,749707,Polishing Hammer,600,1.0,11660,20160,23220,4000,19740,4000,10780,8120,7840,7410,5000,8400,4000,8000,5500,7700,18000,13160,15960,4000
750107,751347,Rainbow Drip,1000,1.0,11660,20160,23220,4000,19740,4000,10780,8120,7840,7410,5000,8400,4000,9000,5500,7700,18000,13160,15960,4000
