sim_timestamp,sim_damage_timestamp,sim_name,sim_expected,Auto,Blizzard III,Blizzard IV,Despair,Fire III,Fire IV,Flare Star,High Thunder,Paradox,Thunder (dot),Xenoglossy
-1200,590,Fire III,33775.0,0,0,0,0,33775,0,0,0,0,0,0
590,1122,Auto,0.0,0,0,0,0,33775,0,0,0,0,0,0
1050,1810,High Thunder,22191.0,0,0,0,0,33775,0,0,22191,0,0,0
1550,2710,Fire IV,86475.0,0,0,0,0,33775,86475,0,22191,0,0,0
1050,4500,Thunder (dot),10027.0,0,0,0,0,33775,86475,0,22191,0,10027,0
5160,5692,Auto,0.0,0,0,0,0,33775,86475,0,22191,0,10027,0
4660,5820,Fire IV,86475.0,0,0,0,0,33775,172950,0,22191,0,10027,0
1050,7500,Thunder (dot),10027.0,0,0,0,0,33775,172950,0,22191,0,20054,0
6490,7650,Fire IV,90249.0,0,0,0,0,33775,263199,0,22191,0,20054,0
8820,9352,Auto,0.0,0,0,0,0,33775,263199,0,22191,0,20054,0
8320,9480,Fire IV,90249.0,0,0,0,0,33775,353448,0,22191,0,20054,0
1050,10500,Thunder (dot),10027.0,0,0,0,0,33775,353448,0,22191,0,30081,0
10150,11310,Fire IV,90249.0,0,0,0,0,33775,443697,0,22191,0,30081,0
11020,11640,Xenoglossy,148736.0,0,0,0,0,33775,443697,0,22191,0,30081,148736
11600,12132,Auto,0.0,0,0,0,0,33775,443697,0,22191,0,30081,148736
1050,13500,Thunder (dot),10027.0,0,0,0,0,33775,443697,0,22191,0,40108,148736
14380,14912,Auto,0.0,0,0,0,0,33775,443697,0,22191,0,40108,148736
13810,14970,Fire IV,90249.0,0,0,0,0,33775,533946,0,22191,0,40108,148736
15641,16261,Flare Star,150422.0,0,0,0,0,33775,533946,150422,22191,0,40108,148736
1050,16500,Thunder (dot),10027.0,0,0,0,0,33775,533946,150422,22191,0,50135,148736
17971,18503,Auto,0.0,0,0,0,0,33775,533946,150422,22191,0,50135,148736
17471,18631,Fire IV,90249.0,0,0,0,0,33775,624195,150422,22191,0,50135,148736
1050,19500,Thunder (dot),10027.0,0,0,0,0,33775,624195,150422,22191,0,60162,148736
19301,20461,Fire IV,90249.0,0,0,0,0,33775,714444,150422,22191,0,60162,148736
21631,22163,Auto,0.0,0,0,0,0,33775,714444,150422,22191,0,60162,148736
21131,22291,Fire IV,90249.0,0,0,0,0,33775,804693,150422,22191,0,60162,148736
1050,22500,Thunder (dot),10027.0,0,0,0,0,33775,804693,150422,22191,0,70189,148736
22961,24121,Fire IV,90249.0,0,0,0,0,33775,894942,150422,22191,0,70189,148736
1050,25500,Thunder (dot),10027.0,0,0,0,0,33775,894942,150422,22191,0,80216,148736
25481,26241,High Thunder,25067.0,0,0,0,0,33775,894942,150422,47258,0,80216,148736
25981,26513,Auto,0.0,0,0,0,0,33775,894942,150422,47258,0,80216,148736
27201,28361,Fire IV,86475.0,0,0,0,0,33775,981417,150422,47258,0,80216,148736
25481,28500,Thunder (dot),11327.0,0,0,0,0,33775,981417,150422,47258,0,91543,148736
29851,30383,Auto,0.0,0,0,0,0,33775,981417,150422,47258,0,91543,148736
29351,30511,Fire IV,86475.0,0,0,0,0,33775,1067892,150422,47258,0,91543,148736
25481,31500,Thunder (dot),11327.0,0,0,0,0,33775,1067892,150422,47258,0,102870,148736
31501,32121,Flare Star,133166.0,0,0,0,0,33775,1067892,283588,47258,0,102870,148736
32430,32920,Despair,93213.0,0,0,0,93213,33775,1067892,283588,47258,0,102870,148736
33131,33663,Auto,0.0,0,0,0,93213,33775,1067892,283588,47258,0,102870,148736
25481,34500,Thunder (dot),11327.0,0,0,0,93213,33775,1067892,283588,47258,0,114197,148736
34581,35421,Blizzard III,42893.0,0,42893,0,93213,33775,1067892,283588,47258,0,114197,148736
36411,36943,Auto,0.0,0,42893,0,93213,33775,1067892,283588,47258,0,114197,148736
25481,37500,Thunder (dot),11327.0,0,42893,0,93213,33775,1067892,283588,47258,0,125524,148736
36731,37891,Blizzard IV,44387.0,0,42893,44387,93213,33775,1067892,283588,47258,0,125524,148736
38881,39551,Paradox,79886.0,0,42893,44387,93213,33775,1067892,283588,47258,79886,125524,148736
39691,40223,Auto,0.0,0,42893,44387,93213,33775,1067892,283588,47258,79886,125524,148736
25481,40500,Thunder (dot),11327.0,0,42893,44387,93213,33775,1067892,283588,47258,79886,136851,148736
41031,41701,Paradox,79886.0,0,42893,44387,93213,33775,1067892,283588,47258,159772,136851,148736
25481,43500,Thunder (dot),11327.0,0,42893,44387,93213,33775,1067892,283588,47258,159772,148178,148736
42971,43503,Auto,0.0,0,42893,44387,93213,33775,1067892,283588,47258,159772,148178,148736
43181,44471,Fire III,60051.0,0,42893,44387,93213,93826,1067892,283588,47258,159772,148178,148736
25481,46500,Thunder (dot),11327.0,0,42893,44387,93213,93826,1067892,283588,47258,159772,159505,148736
46791,47323,Auto,0.0,0,42893,44387,93213,93826,1067892,283588,47258,159772,159505,148736
46291,47451,Fire IV,79898.0,0,42893,44387,93213,93826,1147790,283588,47258,159772,159505,148736
48121,49281,Fire IV,79898.0,0,42893,44387,93213,93826,1227688,283588,47258,159772,159505,148736
25481,49500,Thunder (dot),11327.0,0,42893,44387,93213,93826,1227688,283588,47258,159772,170832,148736
50451,50983,Auto,0.0,0,42893,44387,93213,93826,1227688,283588,47258,159772,170832,148736
49951,51111,Fire IV,79898.0,0,42893,44387,93213,93826,1307586,283588,47258,159772,170832,148736
25481,52500,Thunder (dot),11327.0,0,42893,44387,93213,93826,1307586,283588,47258,159772,182159,148736
51781,52941,Fire IV,79898.0,0,42893,44387,93213,93826,1387484,283588,47258,159772,182159,148736
54111,54643,Auto,0.0,0,42893,44387,93213,93826,1387484,283588,47258,159772,182159,148736
53611,54771,Fire IV,79898.0,0,42893,44387,93213,93826,1467382,283588,47258,159772,182159,148736
25481,55500,Thunder (dot),11327.0,0,42893,44387,93213,93826,1467382,283588,47258,159772,193486,148736
55802,56562,High Thunder,22191.0,0,42893,44387,93213,93826,1467382,283588,69449,159772,193486,148736
56891,57423,Auto,0.0,0,42893,44387,93213,93826,1467382,283588,69449,159772,193486,148736
56312,57472,Fire IV,79898.0,0,42893,44387,93213,93826,1547280,283588,69449,159772,193486,148736
55802,58500,Thunder (dot),10027.0,0,42893,44387,93213,93826,1547280,283588,69449,159772,203513,148736
58142,58762,Flare Star,133166.0,0,42893,44387,93213,93826,1547280,416754,69449,159772,203513,148736
59671,60203,Auto,0.0,0,42893,44387,93213,93826,1547280,416754,69449,159772,203513,148736
59972,60462,Despair,93213.0,0,42893,44387,186426,93826,1547280,416754,69449,159772,203513,148736
55802,61500,Thunder (dot),10027.0,0,42893,44387,186426,93826,1547280,416754,69449,159772,213540,148736
61802,62642,Blizzard III,42893.0,0,85786,44387,186426,93826,1547280,416754,69449,159772,213540,148736
62451,62983,Auto,0.0,0,85786,44387,186426,93826,1547280,416754,69449,159772,213540,148736
55802,64500,Thunder (dot),10027.0,0,85786,44387,186426,93826,1547280,416754,69449,159772,223567,148736
64592,65752,Blizzard IV,44387.0,0,85786,88774,186426,93826,1547280,416754,69449,159772,223567,148736
65231,65763,Auto,0.0,0,85786,88774,186426,93826,1547280,416754,69449,159772,223567,148736
65462,66132,Paradox,79886.0,0,85786,88774,186426,93826,1547280,416754,69449,239658,223567,148736
55802,67500,Thunder (dot),10027.0,0,85786,88774,186426,93826,1547280,416754,69449,239658,233594,148736
67612,68282,Paradox,79886.0,0,85786,88774,186426,93826,1547280,416754,69449,319544,233594,148736
68511,69043,Auto,0.0,0,85786,88774,186426,93826,1547280,416754,69449,319544,233594,148736
55802,70500,Thunder (dot),10027.0,0,85786,88774,186426,93826,1547280,416754,69449,319544,243621,148736
69762,71052,Fire III,60051.0,0,85786,88774,186426,153877,1547280,416754,69449,319544,243621,148736
71791,72323,Auto,0.0,0,85786,88774,186426,153877,1547280,416754,69449,319544,243621,148736
55802,73500,Thunder (dot),10027.0,0,85786,88774,186426,153877,1547280,416754,69449,319544,253648,148736
73132,74292,Fire IV,79898.0,0,85786,88774,186426,153877,1627178,416754,69449,319544,253648,148736
75782,76314,Auto,0.0,0,85786,88774,186426,153877,1627178,416754,69449,319544,253648,148736
75282,76442,Fire IV,79898.0,0,85786,88774,186426,153877,1707076,416754,69449,319544,253648,148736
55802,76500,Thunder (dot),10027.0,0,85786,88774,186426,153877,1707076,416754,69449,319544,263675,148736
77432,78592,Fire IV,79898.0,0,85786,88774,186426,153877,1786974,416754,69449,319544,263675,148736
55802,79500,Thunder (dot),10027.0,0,85786,88774,186426,153877,1786974,416754,69449,319544,273702,148736
80082,80614,Auto,0.0,0,85786,88774,186426,153877,1786974,416754,69449,319544,273702,148736
79582,80742,Fire IV,79898.0,0,85786,88774,186426,153877,1866872,416754,69449,319544,273702,148736
55802,82500,Thunder (dot),10027.0,0,85786,88774,186426,153877,1866872,416754,69449,319544,283729,148736
81732,82892,Fire IV,79898.0,0,85786,88774,186426,153877,1946770,416754,69449,319544,283729,148736
84382,84914,Auto,0.0,0,85786,88774,186426,153877,1946770,416754,69449,319544,283729,148736
83882,85042,Fire IV,79898.0,0,85786,88774,186426,153877,2026668,416754,69449,319544,283729,148736
55802,85500,Thunder (dot),10027.0,0,85786,88774,186426,153877,2026668,416754,69449,319544,293756,148736
86462,87222,High Thunder,22191.0,0,85786,88774,186426,153877,2026668,416754,91640,319544,293756,148736
86462,88500,Thunder (dot),10027.0,0,85786,88774,186426,153877,2026668,416754,91640,319544,303783,148736
88182,88802,Flare Star,133166.0,0,85786,88774,186426,153877,2026668,549920,91640,319544,303783,148736
88682,89214,Auto,0.0,0,85786,88774,186426,153877,2026668,549920,91640,319544,303783,148736
89112,89602,Despair,93213.0,0,85786,88774,279639,153877,2026668,549920,91640,319544,303783,148736
86462,91500,Thunder (dot),10027.0,0,85786,88774,279639,153877,2026668,549920,91640,319544,313810,148736
91262,92102,Blizzard III,42893.0,0,128679,88774,279639,153877,2026668,549920,91640,319544,313810,148736
91962,92494,Auto,0.0,0,128679,88774,279639,153877,2026668,549920,91640,319544,313810,148736
86462,94500,Thunder (dot),10027.0,0,128679,88774,279639,153877,2026668,549920,91640,319544,323837,148736
95242,95774,Auto,0.0,0,128679,88774,279639,153877,2026668,549920,91640,319544,323837,148736
94632,95792,Blizzard IV,44387.0,0,128679,133161,279639,153877,2026668,549920,91640,319544,323837,148736
95562,96232,Paradox,79886.0,0,128679,133161,279639,153877,2026668,549920,91640,399430,323837,148736
86462,97500,Thunder (dot),10027.0,0,128679,133161,279639,153877,2026668,549920,91640,399430,333864,148736
97712,98382,Paradox,79886.0,0,128679,133161,279639,153877,2026668,549920,91640,479316,333864,148736
98522,99054,Auto,0.0,0,128679,133161,279639,153877,2026668,549920,91640,479316,333864,148736
86462,100500,Thunder (dot),10027.0,0,128679,133161,279639,153877,2026668,549920,91640,479316,343891,148736
99862,101152,Fire III,60051.0,0,128679,133161,279639,213928,2026668,549920,91640,479316,343891,148736
101802,102334,Auto,0.0,0,128679,133161,279639,213928,2026668,549920,91640,479316,343891,148736
86462,103500,Thunder (dot),10027.0,0,128679,133161,279639,213928,2026668,549920,91640,479316,353918,148736
103232,104392,Fire IV,79898.0,0,128679,133161,279639,213928,2106566,549920,91640,479316,353918,148736
105882,106414,Auto,0.0,0,128679,133161,279639,213928,2106566,549920,91640,479316,353918,148736
86462,106500,Thunder (dot),10027.0,0,128679,133161,279639,213928,2106566,549920,91640,479316,363945,148736
105382,106542,Fire IV,79898.0,0,128679,133161,279639,213928,2186464,549920,91640,479316,363945,148736
107532,108692,Fire IV,79898.0,0,128679,133161,279639,213928,2266362,549920,91640,479316,363945,148736
86462,109500,Thunder (dot),10027.0,0,128679,133161,279639,213928,2266362,549920,91640,479316,373972,148736
110182,110714,Auto,0.0,0,128679,133161,279639,213928,2266362,549920,91640,479316,373972,148736
109682,110842,Fire IV,79898.0,0,128679,133161,279639,213928,2346260,549920,91640,479316,373972,148736
86462,112500,Thunder (dot),10027.0,0,128679,133161,279639,213928,2346260,549920,91640,479316,383999,148736
111832,112992,Fire IV,79898.0,0,128679,133161,279639,213928,2426158,549920,91640,479316,383999,148736
114482,115014,Auto,0.0,0,128679,133161,279639,213928,2426158,549920,91640,479316,383999,148736
113982,115142,Fire IV,79898.0,0,128679,133161,279639,213928,2506056,549920,91640,479316,383999,148736
86462,115500,Thunder (dot),10027.0,0,128679,133161,279639,213928,2506056,549920,91640,479316,394026,148736
114912,115532,Xenoglossy,131676.0,0,128679,133161,279639,213928,2506056,549920,91640,479316,394026,280412
117062,117552,Despair,93213.0,0,128679,133161,372852,213928,2506056,549920,91640,479316,394026,280412
117762,118294,Auto,0.0,0,128679,133161,372852,213928,2506056,549920,91640,479316,394026,280412
120432,121052,Flare Star,133166.0,0,128679,133161,372852,213928,2506056,683086,91640,479316,394026,280412
121042,121574,Auto,0.0,0,128679,133161,372852,213928,2506056,683086,91640,479316,394026,280412
122582,123742,Fire IV,79898.0,0,128679,133161,372852,213928,2585954,683086,91640,479316,394026,280412
123512,124182,Paradox,79886.0,0,128679,133161,372852,213928,2585954,683086,91640,559202,394026,280412
124322,124854,Auto,0.0,0,128679,133161,372852,213928,2585954,683086,91640,559202,394026,280412
126672,127832,Fire IV,83384.0,0,128679,133161,372852,213928,2669338,683086,91640,559202,394026,280412
128863,129623,High Thunder,23160.0,0,128679,133161,372852,213928,2669338,683086,114800,559202,394026,280412
129363,129895,Auto,0.0,0,128679,133161,372852,213928,2669338,683086,114800,559202,394026,280412
128863,130500,Thunder (dot),10464.0,0,128679,133161,372852,213928,2669338,683086,114800,559202,404490,280412
130332,131492,Fire IV,83384.0,0,128679,133161,372852,213928,2752722,683086,114800,559202,404490,280412
132663,133195,Auto,0.0,0,128679,133161,372852,213928,2752722,683086,114800,559202,404490,280412
132163,133323,Fire IV,83384.0,0,128679,133161,372852,213928,2836106,683086,114800,559202,404490,280412
128863,133500,Thunder (dot),10464.0,0,128679,133161,372852,213928,2836106,683086,114800,559202,414954,280412
133993,135153,Fire IV,83384.0,0,128679,133161,372852,213928,2919490,683086,114800,559202,414954,280412
128863,136500,Thunder (dot),10464.0,0,128679,133161,372852,213928,2919490,683086,114800,559202,425418,280412
136323,136855,Auto,0.0,0,128679,133161,372852,213928,2919490,683086,114800,559202,425418,280412
135823,136983,Fire IV,83384.0,0,128679,133161,372852,213928,3002874,683086,114800,559202,425418,280412
137653,138273,Flare Star,138978.0,0,128679,133161,372852,213928,3002874,822064,114800,559202,425418,280412
138523,139143,Xenoglossy,137422.0,0,128679,133161,372852,213928,3002874,822064,114800,559202,425418,417834
128863,139500,Thunder (dot),10464.0,0,128679,133161,372852,213928,3002874,822064,114800,559202,435882,417834
139103,139635,Auto,0.0,0,128679,133161,372852,213928,3002874,822064,114800,559202,435882,417834
140353,140973,Xenoglossy,137422.0,0,128679,133161,372852,213928,3002874,822064,114800,559202,435882,555256
141883,142415,Auto,0.0,0,128679,133161,372852,213928,3002874,822064,114800,559202,435882,555256
128863,142500,Thunder (dot),10464.0,0,128679,133161,372852,213928,3002874,822064,114800,559202,446346,555256
142183,142803,Xenoglossy,137422.0,0,128679,133161,372852,213928,3002874,822064,114800,559202,446346,692678
144013,144633,Xenoglossy,137422.0,0,128679,133161,372852,213928,3002874,822064,114800,559202,446346,830100
144663,145195,Auto,0.0,0,128679,133161,372852,213928,3002874,822064,114800,559202,446346,830100
128863,145500,Thunder (dot),10464.0,0,128679,133161,372852,213928,3002874,822064,114800,559202,456810,830100
145843,146333,Despair,97281.0,0,128679,133161,470133,213928,3002874,822064,114800,559202,456810,830100
147443,147975,Auto,0.0,0,128679,133161,470133,213928,3002874,822064,114800,559202,456810,830100
128863,148500,Thunder (dot),10464.0,0,128679,133161,470133,213928,3002874,822064,114800,559202,467274,830100
147993,148833,Blizzard III,42893.0,0,171572,133161,470133,213928,3002874,822064,114800,559202,467274,830100
128863,151500,Thunder (dot),10464.0,0,171572,133161,470133,213928,3002874,822064,114800,559202,477738,830100
151863,152395,Auto,0.0,0,171572,133161,470133,213928,3002874,822064,114800,559202,477738,830100
151363,152523,Blizzard IV,44387.0,0,171572,177548,470133,213928,3002874,822064,114800,559202,477738,830100
152293,152963,Paradox,79886.0,0,171572,177548,470133,213928,3002874,822064,114800,639088,477738,830100
128863,154500,Thunder (dot),10464.0,0,171572,177548,470133,213928,3002874,822064,114800,639088,488202,830100
155143,155675,Auto,0.0,0,171572,177548,470133,213928,3002874,822064,114800,639088,488202,830100
154443,155733,Fire III,60051.0,0,171572,177548,470133,273979,3002874,822064,114800,639088,488202,830100
128863,157500,Thunder (dot),10464.0,0,171572,177548,470133,273979,3002874,822064,114800,639088,498666,830100
158423,158955,Auto,0.0,0,171572,177548,470133,273979,3002874,822064,114800,639088,498666,830100
157813,158973,Fire IV,79898.0,0,171572,177548,470133,273979,3082772,822064,114800,639088,498666,830100
160393,161153,High Thunder,22191.0,0,171572,177548,470133,273979,3082772,822064,136991,639088,498666,830100
162613,163145,Auto,0.0,0,171572,177548,470133,273979,3082772,822064,136991,639088,498666,830100
162113,163273,Fire IV,79898.0,0,171572,177548,470133,273979,3162670,822064,136991,639088,498666,830100
160393,163500,Thunder (dot),10027.0,0,171572,177548,470133,273979,3162670,822064,136991,639088,508693,830100
164263,165423,Fire IV,79898.0,0,171572,177548,470133,273979,3242568,822064,136991,639088,508693,830100
160393,166500,Thunder (dot),10027.0,0,171572,177548,470133,273979,3242568,822064,136991,639088,518720,830100
166913,167445,Auto,0.0,0,171572,177548,470133,273979,3242568,822064,136991,639088,518720,830100
166413,167573,Fire IV,79898.0,0,171572,177548,470133,273979,3322466,822064,136991,639088,518720,830100
160393,169500,Thunder (dot),10027.0,0,171572,177548,470133,273979,3322466,822064,136991,639088,528747,830100
168563,169723,Fire IV,79898.0,0,171572,177548,470133,273979,3402364,822064,136991,639088,528747,830100
171214,171746,Auto,0.0,0,171572,177548,470133,273979,3402364,822064,136991,639088,528747,830100
170714,171874,Fire IV,79898.0,0,171572,177548,470133,273979,3482262,822064,136991,639088,528747,830100
171644,172314,Paradox,79886.0,0,171572,177548,470133,273979,3482262,822064,136991,718974,528747,830100
160393,172500,Thunder (dot),10027.0,0,171572,177548,470133,273979,3482262,822064,136991,718974,538774,830100
173794,174414,Flare Star,133166.0,0,171572,177548,470133,273979,3482262,955230,136991,718974,538774,830100
174494,175026,Auto,0.0,0,171572,177548,470133,273979,3482262,955230,136991,718974,538774,830100
160393,175500,Thunder (dot),10027.0,0,171572,177548,470133,273979,3482262,955230,136991,718974,548801,830100
175944,176434,Despair,93213.0,0,171572,177548,563346,273979,3482262,955230,136991,718974,548801,830100
177774,178306,Auto,0.0,0,171572,177548,563346,273979,3482262,955230,136991,718974,548801,830100
160393,178500,Thunder (dot),10027.0,0,171572,177548,563346,273979,3482262,955230,136991,718974,558828,830100
178094,178934,Blizzard III,42893.0,0,214465,177548,563346,273979,3482262,955230,136991,718974,558828,830100
180244,181404,Blizzard IV,44387.0,0,214465,221935,563346,273979,3482262,955230,136991,718974,558828,830100
160393,181500,Thunder (dot),10027.0,0,214465,221935,563346,273979,3482262,955230,136991,718974,568855,830100
181054,181586,Auto,0.0,0,214465,221935,563346,273979,3482262,955230,136991,718974,568855,830100
182394,183064,Paradox,79886.0,0,214465,221935,563346,273979,3482262,955230,136991,798860,568855,830100
160393,184500,Thunder (dot),10027.0,0,214465,221935,563346,273979,3482262,955230,136991,798860,578882,830100
184334,184866,Auto,0.0,0,214465,221935,563346,273979,3482262,955230,136991,798860,578882,830100
184544,185834,Fire III,60051.0,0,214465,221935,563346,334030,3482262,955230,136991,798860,578882,830100
160393,187500,Thunder (dot),10027.0,0,214465,221935,563346,334030,3482262,955230,136991,798860,588909,830100
188414,188946,Auto,0.0,0,214465,221935,563346,334030,3482262,955230,136991,798860,588909,830100
187914,189074,Fire IV,79898.0,0,214465,221935,563346,334030,3562160,955230,136991,798860,588909,830100
160393,190500,Thunder (dot),10027.0,0,214465,221935,563346,334030,3562160,955230,136991,798860,598936,830100
190494,191254,High Thunder,22191.0,0,214465,221935,563346,334030,3562160,955230,159182,798860,598936,830100
192714,193246,Auto,0.0,0,214465,221935,563346,334030,3562160,955230,159182,798860,598936,830100
192214,193374,Fire IV,79898.0,0,214465,221935,563346,334030,3642058,955230,159182,798860,598936,830100
190494,193500,Thunder (dot),10027.0,0,214465,221935,563346,334030,3642058,955230,159182,798860,608963,830100
194364,195524,Fire IV,79898.0,0,214465,221935,563346,334030,3721956,955230,159182,798860,608963,830100
190494,196500,Thunder (dot),10027.0,0,214465,221935,563346,334030,3721956,955230,159182,798860,618990,830100
197014,197546,Auto,0.0,0,214465,221935,563346,334030,3721956,955230,159182,798860,618990,830100
196514,197674,Fire IV,79898.0,0,214465,221935,563346,334030,3801854,955230,159182,798860,618990,830100
190494,199500,Thunder (dot),10027.0,0,214465,221935,563346,334030,3801854,955230,159182,798860,629017,830100
198664,199824,Fire IV,79898.0,0,214465,221935,563346,334030,3881752,955230,159182,798860,629017,830100
201314,201846,Auto,0.0,0,214465,221935,563346,334030,3881752,955230,159182,798860,629017,830100
200814,201974,Fire IV,79898.0,0,214465,221935,563346,334030,3961650,955230,159182,798860,629017,830100
190494,202500,Thunder (dot),10027.0,0,214465,221935,563346,334030,3961650,955230,159182,798860,639044,830100
202964,203584,Flare Star,133166.0,0,214465,221935,563346,334030,3961650,1088396,159182,798860,639044,830100
203894,204564,Paradox,79886.0,0,214465,221935,563346,334030,3961650,1088396,159182,878746,639044,830100
204594,205126,Auto,0.0,0,214465,221935,563346,334030,3961650,1088396,159182,878746,639044,830100
190494,205500,Thunder (dot),10027.0,0,214465,221935,563346,334030,3961650,1088396,159182,878746,649071,830100
206044,206534,Despair,93213.0,0,214465,221935,656559,334030,3961650,1088396,159182,878746,649071,830100
207874,208406,Auto,0.0,0,214465,221935,656559,334030,3961650,1088396,159182,878746,649071,830100
190494,208500,Thunder (dot),10027.0,0,214465,221935,656559,334030,3961650,1088396,159182,878746,659098,830100
208194,209034,Blizzard III,42893.0,0,257358,221935,656559,334030,3961650,1088396,159182,878746,659098,830100
190494,211500,Thunder (dot),10027.0,0,257358,221935,656559,334030,3961650,1088396,159182,878746,669125,830100
212064,212596,Auto,0.0,0,257358,221935,656559,334030,3961650,1088396,159182,878746,669125,830100
211564,212724,Blizzard IV,44387.0,0,257358,266322,656559,334030,3961650,1088396,159182,878746,669125,830100
212494,213164,Paradox,79886.0,0,257358,266322,656559,334030,3961650,1088396,159182,958632,669125,830100
190494,214500,Thunder (dot),10027.0,0,257358,266322,656559,334030,3961650,1088396,159182,958632,679152,830100
215344,215876,Auto,0.0,0,257358,266322,656559,334030,3961650,1088396,159182,958632,679152,830100
214644,215934,Fire III,60051.0,0,257358,266322,656559,394081,3961650,1088396,159182,958632,679152,830100
190494,217500,Thunder (dot),10027.0,0,257358,266322,656559,394081,3961650,1088396,159182,958632,689179,830100
218624,219156,Auto,0.0,0,257358,266322,656559,394081,3961650,1088396,159182,958632,689179,830100
218014,219174,Fire IV,79898.0,0,257358,266322,656559,394081,4041548,1088396,159182,958632,689179,830100
190494,220500,Thunder (dot),10027.0,0,257358,266322,656559,394081,4041548,1088396,159182,958632,699206,830100
220594,221354,High Thunder,22191.0,0,257358,266322,656559,394081,4041548,1088396,181373,958632,699206,830100
222814,223346,Auto,0.0,0,257358,266322,656559,394081,4041548,1088396,181373,958632,699206,830100
222314,223474,Fire IV,79898.0,0,257358,266322,656559,394081,4121446,1088396,181373,958632,699206,830100
220594,223500,Thunder (dot),10027.0,0,257358,266322,656559,394081,4121446,1088396,181373,958632,709233,830100
224464,225624,Fire IV,79898.0,0,257358,266322,656559,394081,4201344,1088396,181373,958632,709233,830100
220594,226500,Thunder (dot),10027.0,0,257358,266322,656559,394081,4201344,1088396,181373,958632,719260,830100
227114,227646,Auto,0.0,0,257358,266322,656559,394081,4201344,1088396,181373,958632,719260,830100
226614,227774,Fire IV,79898.0,0,257358,266322,656559,394081,4281242,1088396,181373,958632,719260,830100
220594,229500,Thunder (dot),10027.0,0,257358,266322,656559,394081,4281242,1088396,181373,958632,729287,830100
228764,229924,Fire IV,79898.0,0,257358,266322,656559,394081,4361140,1088396,181373,958632,729287,830100
231414,231946,Auto,0.0,0,257358,266322,656559,394081,4361140,1088396,181373,958632,729287,830100
230914,232074,Fire IV,79898.0,0,257358,266322,656559,394081,4441038,1088396,181373,958632,729287,830100
220594,232500,Thunder (dot),10027.0,0,257358,266322,656559,394081,4441038,1088396,181373,958632,739314,830100
231844,232514,Paradox,79886.0,0,257358,266322,656559,394081,4441038,1088396,181373,1038518,739314,830100
233994,234614,Xenoglossy,131676.0,0,257358,266322,656559,394081,4441038,1088396,181373,1038518,739314,961776
234694,235226,Auto,0.0,0,257358,266322,656559,394081,4441038,1088396,181373,1038518,739314,961776
220594,235500,Thunder (dot),10027.0,0,257358,266322,656559,394081,4441038,1088396,181373,1038518,749341,961776
236144,236634,Despair,93213.0,0,257358,266322,749772,394081,4441038,1088396,181373,1038518,749341,961776
220594,238500,Thunder (dot),10027.0,0,257358,266322,749772,394081,4441038,1088396,181373,1038518,759368,961776
237974,238506,Auto,0.0,0,257358,266322,749772,394081,4441038,1088396,181373,1038518,759368,961776
239514,240134,Flare Star,133166.0,0,257358,266322,749772,394081,4441038,1221562,181373,1038518,759368,961776
220594,241500,Thunder (dot),10027.0,0,257358,266322,749772,394081,4441038,1221562,181373,1038518,769395,961776
242164,242696,Auto,0.0,0,257358,266322,749772,394081,4441038,1221562,181373,1038518,769395,961776
241664,242824,Fire IV,79898.0,0,257358,266322,749772,394081,4520936,1221562,181373,1038518,769395,961776
242594,243264,Paradox,79886.0,0,257358,266322,749772,394081,4520936,1221562,181373,1118404,769395,961776
220594,244500,Thunder (dot),10027.0,0,257358,266322,749772,394081,4520936,1221562,181373,1118404,779422,961776
246254,246786,Auto,0.0,0,257358,266322,749772,394081,4520936,1221562,181373,1118404,779422,961776
245754,246914,Fire IV,79898.0,0,257358,266322,749772,394081,4600834,1221562,181373,1118404,779422,961776
220594,247500,Thunder (dot),10027.0,0,257358,266322,749772,394081,4600834,1221562,181373,1118404,789449,961776
247944,248704,High Thunder,23160.0,0,257358,266322,749772,394081,4600834,1221562,204533,1118404,789449,961776
249914,250446,Auto,0.0,0,257358,266322,749772,394081,4600834,1221562,204533,1118404,789449,961776
247944,250500,Thunder (dot),10464.0,0,257358,266322,749772,394081,4600834,1221562,204533,1118404,799913,961776
249414,250574,Fire IV,83384.0,0,257358,266322,749772,394081,4684218,1221562,204533,1118404,799913,961776
251244,252404,Fire IV,83384.0,0,257358,266322,749772,394081,4767602,1221562,204533,1118404,799913,961776
247944,253500,Thunder (dot),10464.0,0,257358,266322,749772,394081,4767602,1221562,204533,1118404,810377,961776
253574,254106,Auto,0.0,0,257358,266322,749772,394081,4767602,1221562,204533,1118404,810377,961776
253074,254234,Fire IV,83384.0,0,257358,266322,749772,394081,4850986,1221562,204533,1118404,810377,961776
254904,256064,Fire IV,83384.0,0,257358,266322,749772,394081,4934370,1221562,204533,1118404,810377,961776
247944,256500,Thunder (dot),10464.0,0,257358,266322,749772,394081,4934370,1221562,204533,1118404,820841,961776
256735,257355,Flare Star,138978.0,0,257358,266322,749772,394081,4934370,1360540,204533,1118404,820841,961776
257235,257767,Auto,0.0,0,257358,266322,749772,394081,4934370,1360540,204533,1118404,820841,961776
257605,258225,Xenoglossy,137422.0,0,257358,266322,749772,394081,4934370,1360540,204533,1118404,820841,1099198
247944,259500,Thunder (dot),10464.0,0,257358,266322,749772,394081,4934370,1360540,204533,1118404,831305,1099198
259435,260055,Xenoglossy,137422.0,0,257358,266322,749772,394081,4934370,1360540,204533,1118404,831305,1236620
260015,260547,Auto,0.0,0,257358,266322,749772,394081,4934370,1360540,204533,1118404,831305,1236620
261265,261885,Xenoglossy,137422.0,0,257358,266322,749772,394081,4934370,1360540,204533,1118404,831305,1374042
247944,262500,Thunder (dot),10464.0,0,257358,266322,749772,394081,4934370,1360540,204533,1118404,841769,1374042
262795,263327,Auto,0.0,0,257358,266322,749772,394081,4934370,1360540,204533,1118404,841769,1374042
263095,263715,Xenoglossy,137422.0,0,257358,266322,749772,394081,4934370,1360540,204533,1118404,841769,1511464
264925,265415,Despair,97281.0,0,257358,266322,847053,394081,4934370,1360540,204533,1118404,841769,1511464
247944,265500,Thunder (dot),10464.0,0,257358,266322,847053,394081,4934370,1360540,204533,1118404,852233,1511464
265575,266107,Auto,0.0,0,257358,266322,847053,394081,4934370,1360540,204533,1118404,852233,1511464
267075,267745,Paradox,79886.0,0,257358,266322,847053,394081,4934370,1360540,204533,1198290,852233,1511464
247944,268500,Thunder (dot),10464.0,0,257358,266322,847053,394081,4934370,1360540,204533,1198290,862697,1511464
268855,269387,Auto,0.0,0,257358,266322,847053,394081,4934370,1360540,204533,1198290,862697,1511464
269225,270065,Blizzard III,42893.0,0,300251,266322,847053,394081,4934370,1360540,204533,1198290,862697,1511464
247944,271500,Thunder (dot),10464.0,0,300251,266322,847053,394081,4934370,1360540,204533,1198290,873161,1511464
271375,272535,Blizzard IV,44387.0,0,300251,310709,847053,394081,4934370,1360540,204533,1198290,873161,1511464
272135,272667,Auto,0.0,0,300251,310709,847053,394081,4934370,1360540,204533,1198290,873161,1511464
247944,274500,Thunder (dot),10464.0,0,300251,310709,847053,394081,4934370,1360540,204533,1198290,883625,1511464
273525,274815,Fire III,60051.0,0,300251,310709,847053,454132,4934370,1360540,204533,1198290,883625,1511464
275415,275947,Auto,0.0,0,300251,310709,847053,454132,4934370,1360540,204533,1198290,883625,1511464
247944,277500,Thunder (dot),10464.0,0,300251,310709,847053,454132,4934370,1360540,204533,1198290,894089,1511464
276895,278055,Fire IV,79898.0,0,300251,310709,847053,454132,5014268,1360540,204533,1198290,894089,1511464
279475,280235,High Thunder,22191.0,0,300251,310709,847053,454132,5014268,1360540,226724,1198290,894089,1511464
279475,280500,Thunder (dot),10027.0,0,300251,310709,847053,454132,5014268,1360540,226724,1198290,904116,1511464
279975,280507,Auto,0.0,0,300251,310709,847053,454132,5014268,1360540,226724,1198290,904116,1511464
281195,282355,Fire IV,79898.0,0,300251,310709,847053,454132,5094166,1360540,226724,1198290,904116,1511464
279475,283500,Thunder (dot),10027.0,0,300251,310709,847053,454132,5094166,1360540,226724,1198290,914143,1511464
283845,284377,Auto,0.0,0,300251,310709,847053,454132,5094166,1360540,226724,1198290,914143,1511464
283345,284505,Fire IV,79898.0,0,300251,310709,847053,454132,5174064,1360540,226724,1198290,914143,1511464
279475,286500,Thunder (dot),10027.0,0,300251,310709,847053,454132,5174064,1360540,226724,1198290,924170,1511464
285495,286655,Fire IV,79898.0,0,300251,310709,847053,454132,5253962,1360540,226724,1198290,924170,1511464
288145,288677,Auto,0.0,0,300251,310709,847053,454132,5253962,1360540,226724,1198290,924170,1511464
287645,288805,Fire IV,79898.0,0,300251,310709,847053,454132,5333860,1360540,226724,1198290,924170,1511464
279475,289500,Thunder (dot),10027.0,0,300251,310709,847053,454132,5333860,1360540,226724,1198290,934197,1511464
289795,290955,Fire IV,79898.0,0,300251,310709,847053,454132,5413758,1360540,226724,1198290,934197,1511464
279475,292500,Thunder (dot),10027.0,0,300251,310709,847053,454132,5413758,1360540,226724,1198290,944224,1511464
291945,292565,Flare Star,133166.0,0,300251,310709,847053,454132,5413758,1493706,226724,1198290,944224,1511464
292445,292977,Auto,0.0,0,300251,310709,847053,454132,5413758,1493706,226724,1198290,944224,1511464
292875,293545,Paradox,79886.0,0,300251,310709,847053,454132,5413758,1493706,226724,1278176,944224,1511464
279475,295500,Thunder (dot),10027.0,0,300251,310709,847053,454132,5413758,1493706,226724,1278176,954251,1511464
295025,295515,Despair,93213.0,0,300251,310709,940266,454132,5413758,1493706,226724,1278176,954251,1511464
295725,296257,Auto,0.0,0,300251,310709,940266,454132,5413758,1493706,226724,1278176,954251,1511464
297175,298015,Blizzard III,42893.0,0,343144,310709,940266,454132,5413758,1493706,226724,1278176,954251,1511464
279475,298500,Thunder (dot),10027.0,0,343144,310709,940266,454132,5413758,1493706,226724,1278176,964278,1511464
299005,299537,Auto,0.0,0,343144,310709,940266,454132,5413758,1493706,226724,1278176,964278,1511464
279475,301500,Thunder (dot),10027.0,0,343144,310709,940266,454132,5413758,1493706,226724,1278176,974305,1511464
300545,301705,Blizzard IV,44387.0,0,343144,355096,940266,454132,5413758,1493706,226724,1278176,974305,1511464
301475,302145,Paradox,79886.0,0,343144,355096,940266,454132,5413758,1493706,226724,1358062,974305,1511464
302285,302817,Auto,0.0,0,343144,355096,940266,454132,5413758,1493706,226724,1358062,974305,1511464
279475,304500,Thunder (dot),10027.0,0,343144,355096,940266,454132,5413758,1493706,226724,1358062,984332,1511464
303625,304915,Fire III,60051.0,0,343144,355096,940266,514183,5413758,1493706,226724,1358062,984332,1511464
305565,306097,Auto,0.0,0,343144,355096,940266,514183,5413758,1493706,226724,1358062,984332,1511464
279475,307500,Thunder (dot),10027.0,0,343144,355096,940266,514183,5413758,1493706,226724,1358062,994359,1511464
306995,308155,Fire IV,79898.0,0,343144,355096,940266,514183,5493656,1493706,226724,1358062,994359,1511464
309575,310335,High Thunder,22191.0,0,343144,355096,940266,514183,5493656,1493706,248915,1358062,994359,1511464
309575,310500,Thunder (dot),10027.0,0,343144,355096,940266,514183,5493656,1493706,248915,1358062,1004386,1511464
310075,310607,Auto,0.0,0,343144,355096,940266,514183,5493656,1493706,248915,1358062,1004386,1511464
311295,312455,Fire IV,79898.0,0,343144,355096,940266,514183,5573554,1493706,248915,1358062,1004386,1511464
309575,313500,Thunder (dot),10027.0,0,343144,355096,940266,514183,5573554,1493706,248915,1358062,1014413,1511464
313945,314477,Auto,0.0,0,343144,355096,940266,514183,5573554,1493706,248915,1358062,1014413,1511464
313445,314605,Fire IV,79898.0,0,343144,355096,940266,514183,5653452,1493706,248915,1358062,1014413,1511464
309575,316500,Thunder (dot),10027.0,0,343144,355096,940266,514183,5653452,1493706,248915,1358062,1024440,1511464
315595,316755,Fire IV,79898.0,0,343144,355096,940266,514183,5733350,1493706,248915,1358062,1024440,1511464
318245,318777,Auto,0.0,0,343144,355096,940266,514183,5733350,1493706,248915,1358062,1024440,1511464
317745,318905,Fire IV,79898.0,0,343144,355096,940266,514183,5813248,1493706,248915,1358062,1024440,1511464
309575,319500,Thunder (dot),10027.0,0,343144,355096,940266,514183,5813248,1493706,248915,1358062,1034467,1511464
319895,321055,Fire IV,79898.0,0,343144,355096,940266,514183,5893146,1493706,248915,1358062,1034467,1511464
309575,322500,Thunder (dot),10027.0,0,343144,355096,940266,514183,5893146,1493706,248915,1358062,1044494,1511464
322045,322665,Flare Star,133166.0,0,343144,355096,940266,514183,5893146,1626872,248915,1358062,1044494,1511464
322545,323077,Auto,0.0,0,343144,355096,940266,514183,5893146,1626872,248915,1358062,1044494,1511464
322975,323645,Paradox,79886.0,0,343144,355096,940266,514183,5893146,1626872,248915,1437948,1044494,1511464
309575,325500,Thunder (dot),10027.0,0,343144,355096,940266,514183,5893146,1626872,248915,1437948,1054521,1511464
325125,325615,Despair,93213.0,0,343144,355096,1033479,514183,5893146,1626872,248915,1437948,1054521,1511464
325825,326357,Auto,0.0,0,343144,355096,1033479,514183,5893146,1626872,248915,1437948,1054521,1511464
327275,328115,Blizzard III,42893.0,0,386037,355096,1033479,514183,5893146,1626872,248915,1437948,1054521,1511464
309575,328500,Thunder (dot),10027.0,0,386037,355096,1033479,514183,5893146,1626872,248915,1437948,1064548,1511464
329105,329637,Auto,0.0,0,386037,355096,1033479,514183,5893146,1626872,248915,1437948,1064548,1511464
329425,330585,Blizzard IV,44387.0,0,386037,399483,1033479,514183,5893146,1626872,248915,1437948,1064548,1511464
309575,331500,Thunder (dot),10027.0,0,386037,399483,1033479,514183,5893146,1626872,248915,1437948,1074575,1511464
331575,332245,Paradox,79886.0,0,386037,399483,1033479,514183,5893146,1626872,248915,1517834,1074575,1511464
332385,332917,Auto,0.0,0,386037,399483,1033479,514183,5893146,1626872,248915,1517834,1074575,1511464
309575,334500,Thunder (dot),10027.0,0,386037,399483,1033479,514183,5893146,1626872,248915,1517834,1084602,1511464
333725,335015,Fire III,60051.0,0,386037,399483,1033479,574234,5893146,1626872,248915,1517834,1084602,1511464
335665,336197,Auto,0.0,0,386037,399483,1033479,574234,5893146,1626872,248915,1517834,1084602,1511464
309575,337500,Thunder (dot),10027.0,0,386037,399483,1033479,574234,5893146,1626872,248915,1517834,1094629,1511464
337095,338255,Fire IV,79898.0,0,386037,399483,1033479,574234,5973044,1626872,248915,1517834,1094629,1511464
339675,340435,High Thunder,22191.0,0,386037,399483,1033479,574234,5973044,1626872,271106,1517834,1094629,1511464
339675,340500,Thunder (dot),10027.0,0,386037,399483,1033479,574234,5973044,1626872,271106,1517834,1104656,1511464
340175,340707,Auto,0.0,0,386037,399483,1033479,574234,5973044,1626872,271106,1517834,1104656,1511464
341395,342555,Fire IV,79898.0,0,386037,399483,1033479,574234,6052942,1626872,271106,1517834,1104656,1511464
339675,343500,Thunder (dot),10027.0,0,386037,399483,1033479,574234,6052942,1626872,271106,1517834,1114683,1511464
344045,344577,Auto,0.0,0,386037,399483,1033479,574234,6052942,1626872,271106,1517834,1114683,1511464
343545,344705,Fire IV,79898.0,0,386037,399483,1033479,574234,6132840,1626872,271106,1517834,1114683,1511464
339675,346500,Thunder (dot),10027.0,0,386037,399483,1033479,574234,6132840,1626872,271106,1517834,1124710,1511464
345695,346855,Fire IV,79898.0,0,386037,399483,1033479,574234,6212738,1626872,271106,1517834,1124710,1511464
348345,348877,Auto,0.0,0,386037,399483,1033479,574234,6212738,1626872,271106,1517834,1124710,1511464
347845,349005,Fire IV,79898.0,0,386037,399483,1033479,574234,6292636,1626872,271106,1517834,1124710,1511464
339675,349500,Thunder (dot),10027.0,0,386037,399483,1033479,574234,6292636,1626872,271106,1517834,1134737,1511464
349996,351156,Fire IV,79898.0,0,386037,399483,1033479,574234,6372534,1626872,271106,1517834,1134737,1511464
350926,351596,Paradox,79886.0,0,386037,399483,1033479,574234,6372534,1626872,271106,1597720,1134737,1511464
351625,352157,Auto,0.0,0,386037,399483,1033479,574234,6372534,1626872,271106,1597720,1134737,1511464
339675,352500,Thunder (dot),10027.0,0,386037,399483,1033479,574234,6372534,1626872,271106,1597720,1144764,1511464
353076,353566,Despair,93213.0,0,386037,399483,1126692,574234,6372534,1626872,271106,1597720,1144764,1511464
354905,355437,Auto,0.0,0,386037,399483,1126692,574234,6372534,1626872,271106,1597720,1144764,1511464
339675,355500,Thunder (dot),10027.0,0,386037,399483,1126692,574234,6372534,1626872,271106,1597720,1154791,1511464
356446,357066,Flare Star,144132.0,0,386037,399483,1126692,574234,6372534,1771004,271106,1597720,1154791,1511464
357376,357996,Xenoglossy,142516.0,0,386037,399483,1126692,574234,6372534,1771004,271106,1597720,1154791,1653980
339675,358500,Thunder (dot),10027.0,0,386037,399483,1126692,574234,6372534,1771004,271106,1597720,1164818,1653980
358185,358717,Auto,0.0,0,386037,399483,1126692,574234,6372534,1771004,271106,1597720,1164818,1653980
339675,361500,Thunder (dot),10027.0,0,386037,399483,1126692,574234,6372534,1771004,271106,1597720,1174845,1653980
360746,361906,Fire IV,86475.0,0,386037,399483,1126692,574234,6459009,1771004,271106,1597720,1174845,1653980
361465,361997,Auto,0.0,0,386037,399483,1126692,574234,6459009,1771004,271106,1597720,1174845,1653980
362896,364056,Fire IV,86475.0,0,386037,399483,1126692,574234,6545484,1771004,271106,1597720,1174845,1653980
363826,364496,Paradox,86463.0,0,386037,399483,1126692,574234,6545484,1771004,271106,1684183,1174845,1653980
339675,364500,Thunder (dot),10027.0,0,386037,399483,1126692,574234,6545484,1771004,271106,1684183,1184872,1653980
364745,365277,Auto,0.0,0,386037,399483,1126692,574234,6545484,1771004,271106,1684183,1184872,1653980
339675,367500,Thunder (dot),10027.0,0,386037,399483,1126692,574234,6545484,1771004,271106,1684183,1194899,1653980
367525,368057,Auto,0.0,0,386037,399483,1126692,574234,6545484,1771004,271106,1684183,1194899,1653980
366936,368096,Fire IV,90249.0,0,386037,399483,1126692,574234,6635733,1771004,271106,1684183,1194899,1653980
369126,369886,High Thunder,25067.0,0,386037,399483,1126692,574234,6635733,1771004,296173,1684183,1194899,1653980
369126,370500,Thunder (dot),11327.0,0,386037,399483,1126692,574234,6635733,1771004,296173,1684183,1206226,1653980
371096,371628,Auto,0.0,0,386037,399483,1126692,574234,6635733,1771004,296173,1684183,1206226,1653980
370596,371756,Fire IV,90249.0,0,386037,399483,1126692,574234,6725982,1771004,296173,1684183,1206226,1653980
369126,373500,Thunder (dot),11327.0,0,386037,399483,1126692,574234,6725982,1771004,296173,1684183,1217553,1653980
372426,373586,Fire IV,90249.0,0,386037,399483,1126692,574234,6816231,1771004,296173,1684183,1217553,1653980
374756,375288,Auto,0.0,0,386037,399483,1126692,574234,6816231,1771004,296173,1684183,1217553,1653980
374256,375416,Fire IV,90249.0,0,386037,399483,1126692,574234,6906480,1771004,296173,1684183,1217553,1653980
369126,376500,Thunder (dot),11327.0,0,386037,399483,1126692,574234,6906480,1771004,296173,1684183,1228880,1653980
376086,376706,Flare Star,150422.0,0,386037,399483,1126692,574234,6906480,1921426,296173,1684183,1228880,1653980
376956,377576,Xenoglossy,148736.0,0,386037,399483,1126692,574234,6906480,1921426,296173,1684183,1228880,1802716
377536,378068,Auto,0.0,0,386037,399483,1126692,574234,6906480,1921426,296173,1684183,1228880,1802716
378786,379406,Xenoglossy,148736.0,0,386037,399483,1126692,574234,6906480,1921426,296173,1684183,1228880,1951452
369126,379500,Thunder (dot),11327.0,0,386037,399483,1126692,574234,6906480,1921426,296173,1684183,1240207,1951452
380316,380848,Auto,0.0,0,386037,399483,1126692,574234,6906480,1921426,296173,1684183,1240207,1951452
380616,381236,Xenoglossy,148736.0,0,386037,399483,1126692,574234,6906480,1921426,296173,1684183,1240207,2100188
369126,382500,Thunder (dot),11327.0,0,386037,399483,1126692,574234,6906480,1921426,296173,1684183,1251534,2100188
382446,383066,Xenoglossy,148736.0,0,386037,399483,1126692,574234,6906480,1921426,296173,1684183,1251534,2248924
383096,383628,Auto,0.0,0,386037,399483,1126692,574234,6906480,1921426,296173,1684183,1251534,2248924
384276,384766,Despair,105291.0,0,386037,399483,1231983,574234,6906480,1921426,296173,1684183,1251534,2248924
369126,385500,Thunder (dot),11327.0,0,386037,399483,1231983,574234,6906480,1921426,296173,1684183,1262861,2248924
385876,386408,Auto,0.0,0,386037,399483,1231983,574234,6906480,1921426,296173,1684183,1262861,2248924
386107,386777,Paradox,79886.0,0,386037,399483,1231983,574234,6906480,1921426,296173,1764069,1262861,2248924
369126,388500,Thunder (dot),11327.0,0,386037,399483,1231983,574234,6906480,1921426,296173,1764069,1274188,2248924
388257,389097,Blizzard III,42893.0,0,428930,399483,1231983,574234,6906480,1921426,296173,1764069,1274188,2248924
389156,389688,Auto,0.0,0,428930,399483,1231983,574234,6906480,1921426,296173,1764069,1274188,2248924
369126,391500,Thunder (dot),11327.0,0,428930,399483,1231983,574234,6906480,1921426,296173,1764069,1285515,2248924
390407,391567,Blizzard IV,44387.0,0,428930,443870,1231983,574234,6906480,1921426,296173,1764069,1285515,2248924
392436,392968,Auto,0.0,0,428930,443870,1231983,574234,6906480,1921426,296173,1764069,1285515,2248924
392557,393847,Fire III,60051.0,0,428930,443870,1231983,634285,6906480,1921426,296173,1764069,1285515,2248924
369126,394500,Thunder (dot),11327.0,0,428930,443870,1231983,634285,6906480,1921426,296173,1764069,1296842,2248924
396427,396959,Auto,0.0,0,428930,443870,1231983,634285,6906480,1921426,296173,1764069,1296842,2248924
395927,397087,Fire IV,79898.0,0,428930,443870,1231983,634285,6986378,1921426,296173,1764069,1296842,2248924
369126,397500,Thunder (dot),11327.0,0,428930,443870,1231983,634285,6986378,1921426,296173,1764069,1308169,2248924
398507,399267,High Thunder,22191.0,0,428930,443870,1231983,634285,6986378,1921426,318364,1764069,1308169,2248924
398507,400500,Thunder (dot),10027.0,0,428930,443870,1231983,634285,6986378,1921426,318364,1764069,1318196,2248924
400727,401259,Auto,0.0,0,428930,443870,1231983,634285,6986378,1921426,318364,1764069,1318196,2248924
400227,401387,Fire IV,79898.0,0,428930,443870,1231983,634285,7066276,1921426,318364,1764069,1318196,2248924
398507,403500,Thunder (dot),10027.0,0,428930,443870,1231983,634285,7066276,1921426,318364,1764069,1328223,2248924
402377,403537,Fire IV,79898.0,0,428930,443870,1231983,634285,7146174,1921426,318364,1764069,1328223,2248924
405027,405559,Auto,0.0,0,428930,443870,1231983,634285,7146174,1921426,318364,1764069,1328223,2248924
404527,405687,Fire IV,79898.0,0,428930,443870,1231983,634285,7226072,1921426,318364,1764069,1328223,2248924
398507,406500,Thunder (dot),10027.0,0,428930,443870,1231983,634285,7226072,1921426,318364,1764069,1338250,2248924
406677,407837,Fire IV,79898.0,0,428930,443870,1231983,634285,7305970,1921426,318364,1764069,1338250,2248924
398507,409500,Thunder (dot),10027.0,0,428930,443870,1231983,634285,7305970,1921426,318364,1764069,1348277,2248924
409327,409859,Auto,0.0,0,428930,443870,1231983,634285,7305970,1921426,318364,1764069,1348277,2248924
408827,409987,Fire IV,79898.0,0,428930,443870,1231983,634285,7385868,1921426,318364,1764069,1348277,2248924
410977,411597,Flare Star,133166.0,0,428930,443870,1231983,634285,7385868,2054592,318364,1764069,1348277,2248924
398507,412500,Thunder (dot),10027.0,0,428930,443870,1231983,634285,7385868,2054592,318364,1764069,1358304,2248924
411907,412577,Paradox,79886.0,0,428930,443870,1231983,634285,7385868,2054592,318364,1843955,1358304,2248924
412607,413139,Auto,0.0,0,428930,443870,1231983,634285,7385868,2054592,318364,1843955,1358304,2248924
414057,414547,Despair,93213.0,0,428930,443870,1325196,634285,7385868,2054592,318364,1843955,1358304,2248924
398507,415500,Thunder (dot),10027.0,0,428930,443870,1325196,634285,7385868,2054592,318364,1843955,1368331,2248924
415887,416419,Auto,0.0,0,428930,443870,1325196,634285,7385868,2054592,318364,1843955,1368331,2248924
416207,417047,Blizzard III,42893.0,0,471823,443870,1325196,634285,7385868,2054592,318364,1843955,1368331,2248924
398507,418500,Thunder (dot),10027.0,0,471823,443870,1325196,634285,7385868,2054592,318364,1843955,1378358,2248924
420077,420609,Auto,0.0,0,471823,443870,1325196,634285,7385868,2054592,318364,1843955,1378358,2248924
419577,420737,Blizzard IV,44387.0,0,471823,488257,1325196,634285,7385868,2054592,318364,1843955,1378358,2248924
420507,421177,Paradox,79886.0,0,471823,488257,1325196,634285,7385868,2054592,318364,1923841,1378358,2248924
398507,421500,Thunder (dot),10027.0,0,471823,488257,1325196,634285,7385868,2054592,318364,1923841,1388385,2248924
423357,423889,Auto,0.0,0,471823,488257,1325196,634285,7385868,2054592,318364,1923841,1388385,2248924
422657,423947,Fire III,60051.0,0,471823,488257,1325196,694336,7385868,2054592,318364,1923841,1388385,2248924
398507,424500,Thunder (dot),10027.0,0,471823,488257,1325196,694336,7385868,2054592,318364,1923841,1398412,2248924
426457,427217,High Thunder,22191.0,0,471823,488257,1325196,694336,7385868,2054592,340555,1923841,1398412,2248924
426957,427489,Auto,0.0,0,471823,488257,1325196,694336,7385868,2054592,340555,1923841,1398412,2248924
426457,427500,Thunder (dot),10027.0,0,471823,488257,1325196,694336,7385868,2054592,340555,1923841,1408439,2248924
428177,429337,Fire IV,79898.0,0,471823,488257,1325196,694336,7465766,2054592,340555,1923841,1408439,2248924
426457,430500,Thunder (dot),10027.0,0,471823,488257,1325196,694336,7465766,2054592,340555,1923841,1418466,2248924
430827,431359,Auto,0.0,0,471823,488257,1325196,694336,7465766,2054592,340555,1923841,1418466,2248924
430327,431487,Fire IV,79898.0,0,471823,488257,1325196,694336,7545664,2054592,340555,1923841,1418466,2248924
426457,433500,Thunder (dot),10027.0,0,471823,488257,1325196,694336,7545664,2054592,340555,1923841,1428493,2248924
432477,433637,Fire IV,79898.0,0,471823,488257,1325196,694336,7625562,2054592,340555,1923841,1428493,2248924
435127,435659,Auto,0.0,0,471823,488257,1325196,694336,7625562,2054592,340555,1923841,1428493,2248924
434627,435787,Fire IV,79898.0,0,471823,488257,1325196,694336,7705460,2054592,340555,1923841,1428493,2248924
426457,436500,Thunder (dot),10027.0,0,471823,488257,1325196,694336,7705460,2054592,340555,1923841,1438520,2248924
436777,437937,Fire IV,79898.0,0,471823,488257,1325196,694336,7785358,2054592,340555,1923841,1438520,2248924
426457,439500,Thunder (dot),10027.0,0,471823,488257,1325196,694336,7785358,2054592,340555,1923841,1448547,2248924
439427,439959,Auto,0.0,0,471823,488257,1325196,694336,7785358,2054592,340555,1923841,1448547,2248924
438927,440087,Fire IV,79898.0,0,471823,488257,1325196,694336,7865256,2054592,340555,1923841,1448547,2248924
441077,441697,Flare Star,133166.0,0,471823,488257,1325196,694336,7865256,2187758,340555,1923841,1448547,2248924
426457,442500,Thunder (dot),10027.0,0,471823,488257,1325196,694336,7865256,2187758,340555,1923841,1458574,2248924
442007,442677,Paradox,79886.0,0,471823,488257,1325196,694336,7865256,2187758,340555,2003727,1458574,2248924
442707,443239,Auto,0.0,0,471823,488257,1325196,694336,7865256,2187758,340555,2003727,1458574,2248924
444157,444647,Despair,93213.0,0,471823,488257,1418409,694336,7865256,2187758,340555,2003727,1458574,2248924
426457,445500,Thunder (dot),10027.0,0,471823,488257,1418409,694336,7865256,2187758,340555,2003727,1468601,2248924
445987,446519,Auto,0.0,0,471823,488257,1418409,694336,7865256,2187758,340555,2003727,1468601,2248924
446307,447147,Blizzard III,42893.0,0,514716,488257,1418409,694336,7865256,2187758,340555,2003727,1468601,2248924
426457,448500,Thunder (dot),10027.0,0,514716,488257,1418409,694336,7865256,2187758,340555,2003727,1478628,2248924
448457,449617,Blizzard IV,44387.0,0,514716,532644,1418409,694336,7865256,2187758,340555,2003727,1478628,2248924
449267,449799,Auto,0.0,0,514716,532644,1418409,694336,7865256,2187758,340555,2003727,1478628,2248924
450607,451277,Paradox,79886.0,0,514716,532644,1418409,694336,7865256,2187758,340555,2083613,1478628,2248924
426457,451500,Thunder (dot),10027.0,0,514716,532644,1418409,694336,7865256,2187758,340555,2083613,1488655,2248924
452547,453079,Auto,0.0,0,514716,532644,1418409,694336,7865256,2187758,340555,2083613,1488655,2248924
426457,454500,Thunder (dot),10027.0,0,514716,532644,1418409,694336,7865256,2187758,340555,2083613,1498682,2248924
454407,455167,High Thunder,22191.0,0,514716,532644,1418409,694336,7865256,2187758,362746,2083613,1498682,2248924
454907,456197,Fire III,60051.0,0,514716,532644,1418409,754387,7865256,2187758,362746,2083613,1498682,2248924
455827,456359,Auto,0.0,0,514716,532644,1418409,754387,7865256,2187758,362746,2083613,1498682,2248924
454407,457500,Thunder (dot),10027.0,0,514716,532644,1418409,754387,7865256,2187758,362746,2083613,1508709,2248924
458277,459437,Fire IV,79898.0,0,514716,532644,1418409,754387,7945154,2187758,362746,2083613,1508709,2248924
459107,459639,Auto,0.0,0,514716,532644,1418409,754387,7945154,2187758,362746,2083613,1508709,2248924
454407,460500,Thunder (dot),10027.0,0,514716,532644,1418409,754387,7945154,2187758,362746,2083613,1518736,2248924
460427,461587,Fire IV,79898.0,0,514716,532644,1418409,754387,8025052,2187758,362746,2083613,1518736,2248924
454407,463500,Thunder (dot),10027.0,0,514716,532644,1418409,754387,8025052,2187758,362746,2083613,1528763,2248924
463077,463609,Auto,0.0,0,514716,532644,1418409,754387,8025052,2187758,362746,2083613,1528763,2248924
462577,463737,Fire IV,79898.0,0,514716,532644,1418409,754387,8104950,2187758,362746,2083613,1528763,2248924
464727,465887,Fire IV,79898.0,0,514716,532644,1418409,754387,8184848,2187758,362746,2083613,1528763,2248924
454407,466500,Thunder (dot),10027.0,0,514716,532644,1418409,754387,8184848,2187758,362746,2083613,1538790,2248924
467377,467909,Auto,0.0,0,514716,532644,1418409,754387,8184848,2187758,362746,2083613,1538790,2248924
466877,468037,Fire IV,79898.0,0,514716,532644,1418409,754387,8264746,2187758,362746,2083613,1538790,2248924
454407,469500,Thunder (dot),10027.0,0,514716,532644,1418409,754387,8264746,2187758,362746,2083613,1548817,2248924
469027,470187,Fire IV,79898.0,0,514716,532644,1418409,754387,8344644,2187758,362746,2083613,1548817,2248924
469957,470627,Paradox,79886.0,0,514716,532644,1418409,754387,8344644,2187758,362746,2163499,1548817,2248924
470657,471189,Auto,0.0,0,514716,532644,1418409,754387,8344644,2187758,362746,2163499,1548817,2248924
454407,472500,Thunder (dot),10027.0,0,514716,532644,1418409,754387,8344644,2187758,362746,2163499,1558844,2248924
472107,472597,Despair,93213.0,0,514716,532644,1511622,754387,8344644,2187758,362746,2163499,1558844,2248924
473937,474469,Auto,0.0,0,514716,532644,1511622,754387,8344644,2187758,362746,2163499,1558844,2248924
454407,475500,Thunder (dot),10027.0,0,514716,532644,1511622,754387,8344644,2187758,362746,2163499,1568871,2248924
475477,476097,Flare Star,133166.0,0,514716,532644,1511622,754387,8344644,2320924,362746,2163499,1568871,2248924
476407,477027,Xenoglossy,131676.0,0,514716,532644,1511622,754387,8344644,2320924,362746,2163499,1568871,2380600
477217,477749,Auto,0.0,0,514716,532644,1511622,754387,8344644,2320924,362746,2163499,1568871,2380600
454407,478500,Thunder (dot),10027.0,0,514716,532644,1511622,754387,8344644,2320924,362746,2163499,1578898,2380600
479777,480937,Fire IV,79898.0,0,514716,532644,1511622,754387,8424542,2320924,362746,2163499,1578898,2380600
480497,481029,Auto,0.0,0,514716,532644,1511622,754387,8424542,2320924,362746,2163499,1578898,2380600
454407,481500,Thunder (dot),10027.0,0,514716,532644,1511622,754387,8424542,2320924,362746,2163499,1588925,2380600
481927,483087,Fire IV,79898.0,0,514716,532644,1511622,754387,8504440,2320924,362746,2163499,1588925,2380600
482857,483527,Paradox,79886.0,0,514716,532644,1511622,754387,8504440,2320924,362746,2243385,1588925,2380600
483777,484309,Auto,0.0,0,514716,532644,1511622,754387,8504440,2320924,362746,2243385,1588925,2380600
454407,484500,Thunder (dot),10027.0,0,514716,532644,1511622,754387,8504440,2320924,362746,2243385,1598952,2380600
486017,487177,Fire IV,79898.0,0,514716,532644,1511622,754387,8584338,2320924,362746,2243385,1598952,2380600
488207,488967,High Thunder,23160.0,0,514716,532644,1511622,754387,8584338,2320924,385906,2243385,1598952,2380600
488707,489239,Auto,0.0,0,514716,532644,1511622,754387,8584338,2320924,385906,2243385,1598952,2380600
488207,490500,Thunder (dot),10464.0,0,514716,532644,1511622,754387,8584338,2320924,385906,2243385,1609416,2380600
489677,490837,Fire IV,83384.0,0,514716,532644,1511622,754387,8667722,2320924,385906,2243385,1609416,2380600
492007,492539,Auto,0.0,0,514716,532644,1511622,754387,8667722,2320924,385906,2243385,1609416,2380600
491507,492667,Fire IV,83384.0,0,514716,532644,1511622,754387,8751106,2320924,385906,2243385,1609416,2380600
488207,493500,Thunder (dot),10464.0,0,514716,532644,1511622,754387,8751106,2320924,385906,2243385,1619880,2380600
493338,494498,Fire IV,83384.0,0,514716,532644,1511622,754387,8834490,2320924,385906,2243385,1619880,2380600
495168,495788,Flare Star,138978.0,0,514716,532644,1511622,754387,8834490,2459902,385906,2243385,1619880,2380600
495668,496200,Auto,0.0,0,514716,532644,1511622,754387,8834490,2459902,385906,2243385,1619880,2380600
488207,496500,Thunder (dot),10464.0,0,514716,532644,1511622,754387,8834490,2459902,385906,2243385,1630344,2380600
496038,496658,Xenoglossy,137422.0,0,514716,532644,1511622,754387,8834490,2459902,385906,2243385,1630344,2518022
497868,498488,Xenoglossy,137422.0,0,514716,532644,1511622,754387,8834490,2459902,385906,2243385,1630344,2655444
498448,498980,Auto,0.0,0,514716,532644,1511622,754387,8834490,2459902,385906,2243385,1630344,2655444
488207,499500,Thunder (dot),10464.0,0,514716,532644,1511622,754387,8834490,2459902,385906,2243385,1640808,2655444
499698,500318,Xenoglossy,137422.0,0,514716,532644,1511622,754387,8834490,2459902,385906,2243385,1640808,2792866
501228,501760,Auto,0.0,0,514716,532644,1511622,754387,8834490,2459902,385906,2243385,1640808,2792866
501528,502018,Despair,97281.0,0,514716,532644,1608903,754387,8834490,2459902,385906,2243385,1640808,2792866
488207,502500,Thunder (dot),10464.0,0,514716,532644,1608903,754387,8834490,2459902,385906,2243385,1651272,2792866
503358,503978,Xenoglossy,137422.0,0,514716,532644,1608903,754387,8834490,2459902,385906,2243385,1651272,2930288
504008,504540,Auto,0.0,0,514716,532644,1608903,754387,8834490,2459902,385906,2243385,1651272,2930288
488207,505500,Thunder (dot),10464.0,0,514716,532644,1608903,754387,8834490,2459902,385906,2243385,1661736,2930288
505188,505858,Paradox,83373.0,0,514716,532644,1608903,754387,8834490,2459902,385906,2326758,1661736,2930288
506788,507320,Auto,0.0,0,514716,532644,1608903,754387,8834490,2459902,385906,2326758,1661736,2930288
507338,508178,Blizzard III,42893.0,0,557609,532644,1608903,754387,8834490,2459902,385906,2326758,1661736,2930288
488207,508500,Thunder (dot),10464.0,0,557609,532644,1608903,754387,8834490,2459902,385906,2326758,1672200,2930288
510068,510600,Auto,0.0,0,557609,532644,1608903,754387,8834490,2459902,385906,2326758,1672200,2930288
509488,510648,Blizzard IV,44387.0,0,557609,577031,1608903,754387,8834490,2459902,385906,2326758,1672200,2930288
488207,511500,Thunder (dot),10464.0,0,557609,577031,1608903,754387,8834490,2459902,385906,2326758,1682664,2930288
511638,512928,Fire III,60051.0,0,557609,577031,1608903,814438,8834490,2459902,385906,2326758,1682664,2930288
513348,513880,Auto,0.0,0,557609,577031,1608903,814438,8834490,2459902,385906,2326758,1682664,2930288
488207,514500,Thunder (dot),10464.0,0,557609,577031,1608903,814438,8834490,2459902,385906,2326758,1693128,2930288
515008,516168,Fire IV,79898.0,0,557609,577031,1608903,814438,8914388,2459902,385906,2326758,1693128,2930288
488207,517500,Thunder (dot),10464.0,0,557609,577031,1608903,814438,8914388,2459902,385906,2326758,1703592,2930288
517588,518348,High Thunder,22191.0,0,557609,577031,1608903,814438,8914388,2459902,408097,2326758,1703592,2930288
518088,518620,Auto,0.0,0,557609,577031,1608903,814438,8914388,2459902,408097,2326758,1703592,2930288
519307,520467,Fire IV,79898.0,0,557609,577031,1608903,814438,8994286,2459902,408097,2326758,1703592,2930288
517588,520500,Thunder (dot),10027.0,0,557609,577031,1608903,814438,8994286,2459902,408097,2326758,1713619,2930288
521958,522490,Auto,0.0,0,557609,577031,1608903,814438,8994286,2459902,408097,2326758,1713619,2930288
521458,522618,Fire IV,79898.0,0,557609,577031,1608903,814438,9074184,2459902,408097,2326758,1713619,2930288
517588,523500,Thunder (dot),10027.0,0,557609,577031,1608903,814438,9074184,2459902,408097,2326758,1723646,2930288
523608,524768,Fire IV,79898.0,0,557609,577031,1608903,814438,9154082,2459902,408097,2326758,1723646,2930288
517588,526500,Thunder (dot),10027.0,0,557609,577031,1608903,814438,9154082,2459902,408097,2326758,1733673,2930288
526258,526790,Auto,0.0,0,557609,577031,1608903,814438,9154082,2459902,408097,2326758,1733673,2930288
525758,526918,Fire IV,79898.0,0,557609,577031,1608903,814438,9233980,2459902,408097,2326758,1733673,2930288
527908,529068,Fire IV,79898.0,0,557609,577031,1608903,814438,9313878,2459902,408097,2326758,1733673,2930288
517588,529500,Thunder (dot),10027.0,0,557609,577031,1608903,814438,9313878,2459902,408097,2326758,1743700,2930288
530058,530678,Flare Star,133166.0,0,557609,577031,1608903,814438,9313878,2593068,408097,2326758,1743700,2930288
530558,531090,Auto,0.0,0,557609,577031,1608903,814438,9313878,2593068,408097,2326758,1743700,2930288
530988,531658,Paradox,79886.0,0,557609,577031,1608903,814438,9313878,2593068,408097,2406644,1743700,2930288
517588,532500,Thunder (dot),10027.0,0,557609,577031,1608903,814438,9313878,2593068,408097,2406644,1753727,2930288
533138,533628,Despair,93213.0,0,557609,577031,1702116,814438,9313878,2593068,408097,2406644,1753727,2930288
533838,534370,Auto,0.0,0,557609,577031,1702116,814438,9313878,2593068,408097,2406644,1753727,2930288
517588,535500,Thunder (dot),10027.0,0,557609,577031,1702116,814438,9313878,2593068,408097,2406644,1763754,2930288
535288,536128,Blizzard III,42893.0,0,600502,577031,1702116,814438,9313878,2593068,408097,2406644,1763754,2930288
537118,537650,Auto,0.0,0,600502,577031,1702116,814438,9313878,2593068,408097,2406644,1763754,2930288
517588,538500,Thunder (dot),10027.0,0,600502,577031,1702116,814438,9313878,2593068,408097,2406644,1773781,2930288
538658,539818,Blizzard IV,44387.0,0,600502,621418,1702116,814438,9313878,2593068,408097,2406644,1773781,2930288
539588,540258,Paradox,79886.0,0,600502,621418,1702116,814438,9313878,2593068,408097,2486530,1773781,2930288
540398,540930,Auto,0.0,0,600502,621418,1702116,814438,9313878,2593068,408097,2486530,1773781,2930288
517588,541500,Thunder (dot),10027.0,0,600502,621418,1702116,814438,9313878,2593068,408097,2486530,1783808,2930288
541738,543028,Fire III,60051.0,0,600502,621418,1702116,874489,9313878,2593068,408097,2486530,1783808,2930288
543678,544210,Auto,0.0,0,600502,621418,1702116,874489,9313878,2593068,408097,2486530,1783808,2930288
517588,544500,Thunder (dot),10027.0,0,600502,621418,1702116,874489,9313878,2593068,408097,2486530,1793835,2930288
545108,546268,Fire IV,79898.0,0,600502,621418,1702116,874489,9393776,2593068,408097,2486530,1793835,2930288
517588,547500,Thunder (dot),10027.0,0,600502,621418,1702116,874489,9393776,2593068,408097,2486530,1803862,2930288
547688,548448,High Thunder,22191.0,0,600502,621418,1702116,874489,9393776,2593068,430288,2486530,1803862,2930288
548188,548720,Auto,0.0,0,600502,621418,1702116,874489,9393776,2593068,430288,2486530,1803862,2930288
547688,550500,Thunder (dot),10027.0,0,600502,621418,1702116,874489,9393776,2593068,430288,2486530,1813889,2930288
549408,550568,Fire IV,79898.0,0,600502,621418,1702116,874489,9473674,2593068,430288,2486530,1813889,2930288
552058,552590,Auto,0.0,0,600502,621418,1702116,874489,9473674,2593068,430288,2486530,1813889,2930288
551558,552718,Fire IV,79898.0,0,600502,621418,1702116,874489,9553572,2593068,430288,2486530,1813889,2930288
547688,553500,Thunder (dot),10027.0,0,600502,621418,1702116,874489,9553572,2593068,430288,2486530,1823916,2930288
553708,554868,Fire IV,79898.0,0,600502,621418,1702116,874489,9633470,2593068,430288,2486530,1823916,2930288
547688,556500,Thunder (dot),10027.0,0,600502,621418,1702116,874489,9633470,2593068,430288,2486530,1833943,2930288
556358,556890,Auto,0.0,0,600502,621418,1702116,874489,9633470,2593068,430288,2486530,1833943,2930288
555858,557018,Fire IV,79898.0,0,600502,621418,1702116,874489,9713368,2593068,430288,2486530,1833943,2930288
558008,559168,Fire IV,79898.0,0,600502,621418,1702116,874489,9793266,2593068,430288,2486530,1833943,2930288
547688,559500,Thunder (dot),10027.0,0,600502,621418,1702116,874489,9793266,2593068,430288,2486530,1843970,2930288
560159,560779,Flare Star,133166.0,0,600502,621418,1702116,874489,9793266,2726234,430288,2486530,1843970,2930288
560659,561191,Auto,0.0,0,600502,621418,1702116,874489,9793266,2726234,430288,2486530,1843970,2930288
561089,561759,Paradox,79886.0,0,600502,621418,1702116,874489,9793266,2726234,430288,2566416,1843970,2930288
547688,562500,Thunder (dot),10027.0,0,600502,621418,1702116,874489,9793266,2726234,430288,2566416,1853997,2930288
563239,563729,Despair,93213.0,0,600502,621418,1795329,874489,9793266,2726234,430288,2566416,1853997,2930288
563939,564471,Auto,0.0,0,600502,621418,1795329,874489,9793266,2726234,430288,2566416,1853997,2930288
547688,565500,Thunder (dot),10027.0,0,600502,621418,1795329,874489,9793266,2726234,430288,2566416,1864024,2930288
565389,566229,Blizzard III,42893.0,0,643395,621418,1795329,874489,9793266,2726234,430288,2566416,1864024,2930288
567219,567751,Auto,0.0,0,643395,621418,1795329,874489,9793266,2726234,430288,2566416,1864024,2930288
547688,568500,Thunder (dot),10027.0,0,643395,621418,1795329,874489,9793266,2726234,430288,2566416,1874051,2930288
567539,568699,Blizzard IV,44387.0,0,643395,665805,1795329,874489,9793266,2726234,430288,2566416,1874051,2930288
569689,570359,Paradox,79886.0,0,643395,665805,1795329,874489,9793266,2726234,430288,2646302,1874051,2930288
570499,571031,Auto,0.0,0,643395,665805,1795329,874489,9793266,2726234,430288,2646302,1874051,2930288
547688,571500,Thunder (dot),10027.0,0,643395,665805,1795329,874489,9793266,2726234,430288,2646302,1884078,2930288
571839,573129,Fire III,60051.0,0,643395,665805,1795329,934540,9793266,2726234,430288,2646302,1884078,2930288
573779,574311,Auto,0.0,0,643395,665805,1795329,934540,9793266,2726234,430288,2646302,1884078,2930288
547688,574500,Thunder (dot),10027.0,0,643395,665805,1795329,934540,9793266,2726234,430288,2646302,1894105,2930288
575209,576369,Fire IV,79898.0,0,643395,665805,1795329,934540,9873164,2726234,430288,2646302,1894105,2930288
547688,577500,Thunder (dot),10027.0,0,643395,665805,1795329,934540,9873164,2726234,430288,2646302,1904132,2930288
577789,578549,High Thunder,22191.0,0,643395,665805,1795329,934540,9873164,2726234,452479,2646302,1904132,2930288
578289,578821,Auto,0.0,0,643395,665805,1795329,934540,9873164,2726234,452479,2646302,1904132,2930288
577789,580500,Thunder (dot),10027.0,0,643395,665805,1795329,934540,9873164,2726234,452479,2646302,1914159,2930288
579509,580669,Fire IV,79898.0,0,643395,665805,1795329,934540,9953062,2726234,452479,2646302,1914159,2930288
582159,582691,Auto,0.0,0,643395,665805,1795329,934540,9953062,2726234,452479,2646302,1914159,2930288
581659,582819,Fire IV,79898.0,0,643395,665805,1795329,934540,10032960,2726234,452479,2646302,1914159,2930288
577789,583500,Thunder (dot),10027.0,0,643395,665805,1795329,934540,10032960,2726234,452479,2646302,1924186,2930288
583809,584969,Fire IV,79898.0,0,643395,665805,1795329,934540,10112858,2726234,452479,2646302,1924186,2930288
577789,586500,Thunder (dot),10027.0,0,643395,665805,1795329,934540,10112858,2726234,452479,2646302,1934213,2930288
586459,586991,Auto,0.0,0,643395,665805,1795329,934540,10112858,2726234,452479,2646302,1934213,2930288
585959,587119,Fire IV,79898.0,0,643395,665805,1795329,934540,10192756,2726234,452479,2646302,1934213,2930288
588109,589269,Fire IV,79898.0,0,643395,665805,1795329,934540,10272654,2726234,452479,2646302,1934213,2930288
577789,589500,Thunder (dot),10027.0,0,643395,665805,1795329,934540,10272654,2726234,452479,2646302,1944240,2930288
590259,590879,Flare Star,133166.0,0,643395,665805,1795329,934540,10272654,2859400,452479,2646302,1944240,2930288
590759,591291,Auto,0.0,0,643395,665805,1795329,934540,10272654,2859400,452479,2646302,1944240,2930288
591189,591859,Paradox,79886.0,0,643395,665805,1795329,934540,10272654,2859400,452479,2726188,1944240,2930288
577789,592500,Thunder (dot),10027.0,0,643395,665805,1795329,934540,10272654,2859400,452479,2726188,1954267,2930288
593339,593829,Despair,93213.0,0,643395,665805,1888542,934540,10272654,2859400,452479,2726188,1954267,2930288
594039,594571,Auto,0.0,0,643395,665805,1888542,934540,10272654,2859400,452479,2726188,1954267,2930288
577789,595500,Thunder (dot),10027.0,0,643395,665805,1888542,934540,10272654,2859400,452479,2726188,1964294,2930288
595489,596109,Xenoglossy,131676.0,0,643395,665805,1888542,934540,10272654,2859400,452479,2726188,1964294,3061964
597319,597851,Auto,0.0,0,643395,665805,1888542,934540,10272654,2859400,452479,2726188,1964294,3061964
577789,598500,Thunder (dot),10027.0,0,643395,665805,1888542,934540,10272654,2859400,452479,2726188,1974321,3061964
598859,600019,Fire IV,79898.0,0,643395,665805,1888542,934540,10352552,2859400,452479,2726188,1974321,3061964
577789,601500,Thunder (dot),10027.0,0,643395,665805,1888542,934540,10352552,2859400,452479,2726188,1984348,3061964
601509,602041,Auto,0.0,0,643395,665805,1888542,934540,10352552,2859400,452479,2726188,1984348,3061964
601009,602169,Fire IV,79898.0,0,643395,665805,1888542,934540,10432450,2859400,452479,2726188,1984348,3061964
603159,604319,Fire IV,79898.0,0,643395,665805,1888542,934540,10512348,2859400,452479,2726188,1984348,3061964
577789,604500,Thunder (dot),10027.0,0,643395,665805,1888542,934540,10512348,2859400,452479,2726188,1994375,3061964
604089,604759,Paradox,79886.0,0,643395,665805,1888542,934540,10512348,2859400,452479,2806074,1994375,3061964
604789,605321,Auto,0.0,0,643395,665805,1888542,934540,10512348,2859400,452479,2806074,1994375,3061964
577789,607500,Thunder (dot),10027.0,0,643395,665805,1888542,934540,10512348,2859400,452479,2806074,2004402,3061964
607249,608409,Fire IV,83384.0,0,643395,665805,1888542,934540,10595732,2859400,452479,2806074,2004402,3061964
608069,608601,Auto,0.0,0,643395,665805,1888542,934540,10595732,2859400,452479,2806074,2004402,3061964
609439,610199,High Thunder,23160.0,0,643395,665805,1888542,934540,10595732,2859400,475639,2806074,2004402,3061964
609439,610500,Thunder (dot),10464.0,0,643395,665805,1888542,934540,10595732,2859400,475639,2806074,2014866,3061964
611409,611941,Auto,0.0,0,643395,665805,1888542,934540,10595732,2859400,475639,2806074,2014866,3061964
610909,612069,Fire IV,83384.0,0,643395,665805,1888542,934540,10679116,2859400,475639,2806074,2014866,3061964
609439,613500,Thunder (dot),10464.0,0,643395,665805,1888542,934540,10679116,2859400,475639,2806074,2025330,3061964
612739,613899,Fire IV,83384.0,0,643395,665805,1888542,934540,10762500,2859400,475639,2806074,2025330,3061964
614569,615189,Flare Star,138978.0,0,643395,665805,1888542,934540,10762500,2998378,475639,2806074,2025330,3061964
615069,615601,Auto,0.0,0,643395,665805,1888542,934540,10762500,2998378,475639,2806074,2025330,3061964
615439,616059,Xenoglossy,137422.0,0,643395,665805,1888542,934540,10762500,2998378,475639,2806074,2025330,3199386
609439,616500,Thunder (dot),10464.0,0,643395,665805,1888542,934540,10762500,2998378,475639,2806074,2035794,3199386
617269,617889,Xenoglossy,137422.0,0,643395,665805,1888542,934540,10762500,2998378,475639,2806074,2035794,3336808
617849,618381,Auto,0.0,0,643395,665805,1888542,934540,10762500,2998378,475639,2806074,2035794,3336808
609439,619500,Thunder (dot),10464.0,0,643395,665805,1888542,934540,10762500,2998378,475639,2806074,2046258,3336808
619099,619719,Xenoglossy,137422.0,0,643395,665805,1888542,934540,10762500,2998378,475639,2806074,2046258,3474230
620629,621161,Auto,0.0,0,643395,665805,1888542,934540,10762500,2998378,475639,2806074,2046258,3474230
620929,621419,Despair,97281.0,0,643395,665805,1985823,934540,10762500,2998378,475639,2806074,2046258,3474230
609439,622500,Thunder (dot),10464.0,0,643395,665805,1985823,934540,10762500,2998378,475639,2806074,2056722,3474230
622760,623430,Paradox,83373.0,0,643395,665805,1985823,934540,10762500,2998378,475639,2889447,2056722,3474230
623409,623941,Auto,0.0,0,643395,665805,1985823,934540,10762500,2998378,475639,2889447,2056722,3474230
624590,625210,Xenoglossy,137422.0,0,643395,665805,1985823,934540,10762500,2998378,475639,2889447,2056722,3611652
609439,625500,Thunder (dot),10464.0,0,643395,665805,1985823,934540,10762500,2998378,475639,2889447,2067186,3611652
626189,626721,Auto,0.0,0,643395,665805,1985823,934540,10762500,2998378,475639,2889447,2067186,3611652
626420,627260,Blizzard III,42893.0,0,686288,665805,1985823,934540,10762500,2998378,475639,2889447,2067186,3611652
609439,628500,Thunder (dot),10464.0,0,686288,665805,1985823,934540,10762500,2998378,475639,2889447,2077650,3611652
628570,629730,Blizzard IV,44387.0,0,686288,710192,1985823,934540,10762500,2998378,475639,2889447,2077650,3611652
629469,630001,Auto,0.0,0,686288,710192,1985823,934540,10762500,2998378,475639,2889447,2077650,3611652
609439,631500,Thunder (dot),10464.0,0,686288,710192,1985823,934540,10762500,2998378,475639,2889447,2088114,3611652
630720,632010,Fire III,60051.0,0,686288,710192,1985823,994591,10762500,2998378,475639,2889447,2088114,3611652
632749,633281,Auto,0.0,0,686288,710192,1985823,994591,10762500,2998378,475639,2889447,2088114,3611652
609439,634500,Thunder (dot),10464.0,0,686288,710192,1985823,994591,10762500,2998378,475639,2889447,2098578,3611652
634090,635250,Fire IV,79898.0,0,686288,710192,1985823,994591,10842398,2998378,475639,2889447,2098578,3611652
636740,637272,Auto,0.0,0,686288,710192,1985823,994591,10842398,2998378,475639,2889447,2098578,3611652
636240,637400,Fire IV,79898.0,0,686288,710192,1985823,994591,10922296,2998378,475639,2889447,2098578,3611652
609439,637500,Thunder (dot),10464.0,0,686288,710192,1985823,994591,10922296,2998378,475639,2889447,2109042,3611652
638820,639580,High Thunder,22191.0,0,686288,710192,1985823,994591,10922296,2998378,497830,2889447,2109042,3611652
638820,640500,Thunder (dot),10027.0,0,686288,710192,1985823,994591,10922296,2998378,497830,2889447,2119069,3611652
641040,641572,Auto,0.0,0,686288,710192,1985823,994591,10922296,2998378,497830,2889447,2119069,3611652
640540,641700,Fire IV,79898.0,0,686288,710192,1985823,994591,11002194,2998378,497830,2889447,2119069,3611652
638820,643500,Thunder (dot),10027.0,0,686288,710192,1985823,994591,11002194,2998378,497830,2889447,2129096,3611652
642690,643850,Fire IV,79898.0,0,686288,710192,1985823,994591,11082092,2998378,497830,2889447,2129096,3611652
645340,645872,Auto,0.0,0,686288,710192,1985823,994591,11082092,2998378,497830,2889447,2129096,3611652
644840,646000,Fire IV,79898.0,0,686288,710192,1985823,994591,11161990,2998378,497830,2889447,2129096,3611652
638820,646500,Thunder (dot),10027.0,0,686288,710192,1985823,994591,11161990,2998378,497830,2889447,2139123,3611652
646990,648150,Fire IV,79898.0,0,686288,710192,1985823,994591,11241888,2998378,497830,2889447,2139123,3611652
638820,649500,Thunder (dot),10027.0,0,686288,710192,1985823,994591,11241888,2998378,497830,2889447,2149150,3611652
649140,649760,Flare Star,133166.0,0,686288,710192,1985823,994591,11241888,3131544,497830,2889447,2149150,3611652
649640,650172,Auto,0.0,0,686288,710192,1985823,994591,11241888,3131544,497830,2889447,2149150,3611652
650070,650740,Paradox,79886.0,0,686288,710192,1985823,994591,11241888,3131544,497830,2969333,2149150,3611652
638820,652500,Thunder (dot),10027.0,0,686288,710192,1985823,994591,11241888,3131544,497830,2969333,2159177,3611652
652220,652710,Despair,93213.0,0,686288,710192,2079036,994591,11241888,3131544,497830,2969333,2159177,3611652
652920,653452,Auto,0.0,0,686288,710192,2079036,994591,11241888,3131544,497830,2969333,2159177,3611652
654370,655210,Blizzard III,42893.0,0,729181,710192,2079036,994591,11241888,3131544,497830,2969333,2159177,3611652
638820,655500,Thunder (dot),10027.0,0,729181,710192,2079036,994591,11241888,3131544,497830,2969333,2169204,3611652
656200,656732,Auto,0.0,0,729181,710192,2079036,994591,11241888,3131544,497830,2969333,2169204,3611652
638820,658500,Thunder (dot),10027.0,0,729181,710192,2079036,994591,11241888,3131544,497830,2969333,2179231,3611652
657740,658900,Blizzard IV,44387.0,0,729181,754579,2079036,994591,11241888,3131544,497830,2969333,2179231,3611652
658670,659340,Paradox,79886.0,0,729181,754579,2079036,994591,11241888,3131544,497830,3049219,2179231,3611652
659480,660012,Auto,0.0,0,729181,754579,2079036,994591,11241888,3131544,497830,3049219,2179231,3611652
638820,661500,Thunder (dot),10027.0,0,729181,754579,2079036,994591,11241888,3131544,497830,3049219,2189258,3611652
660820,662110,Fire III,60051.0,0,729181,754579,2079036,1054642,11241888,3131544,497830,3049219,2189258,3611652
662760,663292,Auto,0.0,0,729181,754579,2079036,1054642,11241888,3131544,497830,3049219,2189258,3611652
638820,664500,Thunder (dot),10027.0,0,729181,754579,2079036,1054642,11241888,3131544,497830,3049219,2199285,3611652
664190,665350,Fire IV,79898.0,0,729181,754579,2079036,1054642,11321786,3131544,497830,3049219,2199285,3611652
666840,667372,Auto,0.0,0,729181,754579,2079036,1054642,11321786,3131544,497830,3049219,2199285,3611652
638820,667500,Thunder (dot),10027.0,0,729181,754579,2079036,1054642,11321786,3131544,497830,3049219,2209312,3611652
666340,667500,Fire IV,79898.0,0,729181,754579,2079036,1054642,11401684,3131544,497830,3049219,2209312,3611652
668920,669680,High Thunder,22191.0,0,729181,754579,2079036,1054642,11401684,3131544,520021,3049219,2209312,3611652
668920,670500,Thunder (dot),10027.0,0,729181,754579,2079036,1054642,11401684,3131544,520021,3049219,2219339,3611652
671140,671672,Auto,0.0,0,729181,754579,2079036,1054642,11401684,3131544,520021,3049219,2219339,3611652
670640,671800,Fire IV,79898.0,0,729181,754579,2079036,1054642,11481582,3131544,520021,3049219,2219339,3611652
668920,673500,Thunder (dot),10027.0,0,729181,754579,2079036,1054642,11481582,3131544,520021,3049219,2229366,3611652
672790,673950,Fire IV,79898.0,0,729181,754579,2079036,1054642,11561480,3131544,520021,3049219,2229366,3611652
675440,675972,Auto,0.0,0,729181,754579,2079036,1054642,11561480,3131544,520021,3049219,2229366,3611652
674940,676100,Fire IV,79898.0,0,729181,754579,2079036,1054642,11641378,3131544,520021,3049219,2229366,3611652
668920,676500,Thunder (dot),10027.0,0,729181,754579,2079036,1054642,11641378,3131544,520021,3049219,2239393,3611652
677090,678250,Fire IV,79898.0,0,729181,754579,2079036,1054642,11721276,3131544,520021,3049219,2239393,3611652
668920,679500,Thunder (dot),10027.0,0,729181,754579,2079036,1054642,11721276,3131544,520021,3049219,2249420,3611652
679240,679860,Flare Star,133166.0,0,729181,754579,2079036,1054642,11721276,3264710,520021,3049219,2249420,3611652
679740,680272,Auto,0.0,0,729181,754579,2079036,1054642,11721276,3264710,520021,3049219,2249420,3611652
680170,680840,Paradox,79886.0,0,729181,754579,2079036,1054642,11721276,3264710,520021,3129105,2249420,3611652
668920,682500,Thunder (dot),10027.0,0,729181,754579,2079036,1054642,11721276,3264710,520021,3129105,2259447,3611652
682320,682810,Despair,93213.0,0,729181,754579,2172249,1054642,11721276,3264710,520021,3129105,2259447,3611652
683020,683552,Auto,0.0,0,729181,754579,2172249,1054642,11721276,3264710,520021,3129105,2259447,3611652
684470,685310,Blizzard III,42893.0,0,772074,754579,2172249,1054642,11721276,3264710,520021,3129105,2259447,3611652
668920,685500,Thunder (dot),10027.0,0,772074,754579,2172249,1054642,11721276,3264710,520021,3129105,2269474,3611652
686300,686832,Auto,0.0,0,772074,754579,2172249,1054642,11721276,3264710,520021,3129105,2269474,3611652
686620,687780,Blizzard IV,44387.0,0,772074,798966,2172249,1054642,11721276,3264710,520021,3129105,2269474,3611652
668920,688500,Thunder (dot),10027.0,0,772074,798966,2172249,1054642,11721276,3264710,520021,3129105,2279501,3611652
688770,689440,Paradox,79886.0,0,772074,798966,2172249,1054642,11721276,3264710,520021,3208991,2279501,3611652
689580,690112,Auto,0.0,0,772074,798966,2172249,1054642,11721276,3264710,520021,3208991,2279501,3611652
668920,691500,Thunder (dot),10027.0,0,772074,798966,2172249,1054642,11721276,3264710,520021,3208991,2289528,3611652
690920,692210,Fire III,60051.0,0,772074,798966,2172249,1114693,11721276,3264710,520021,3208991,2289528,3611652
692860,693392,Auto,0.0,0,772074,798966,2172249,1114693,11721276,3264710,520021,3208991,2289528,3611652
668920,694500,Thunder (dot),10027.0,0,772074,798966,2172249,1114693,11721276,3264710,520021,3208991,2299555,3611652
694290,695450,Fire IV,79898.0,0,772074,798966,2172249,1114693,11801174,3264710,520021,3208991,2299555,3611652
696940,697472,Auto,0.0,0,772074,798966,2172249,1114693,11801174,3264710,520021,3208991,2299555,3611652
668920,697500,Thunder (dot),10027.0,0,772074,798966,2172249,1114693,11801174,3264710,520021,3208991,2309582,3611652
696440,697600,Fire IV,79898.0,0,772074,798966,2172249,1114693,11881072,3264710,520021,3208991,2309582,3611652
699020,699780,High Thunder,22191.0,0,772074,798966,2172249,1114693,11881072,3264710,542212,3208991,2309582,3611652
699020,700500,Thunder (dot),10027.0,0,772074,798966,2172249,1114693,11881072,3264710,542212,3208991,2319609,3611652
701240,701772,Auto,0.0,0,772074,798966,2172249,1114693,11881072,3264710,542212,3208991,2319609,3611652
700740,701900,Fire IV,79898.0,0,772074,798966,2172249,1114693,11960970,3264710,542212,3208991,2319609,3611652
699020,703500,Thunder (dot),10027.0,0,772074,798966,2172249,1114693,11960970,3264710,542212,3208991,2329636,3611652
702890,704050,Fire IV,79898.0,0,772074,798966,2172249,1114693,12040868,3264710,542212,3208991,2329636,3611652
705540,706072,Auto,0.0,0,772074,798966,2172249,1114693,12040868,3264710,542212,3208991,2329636,3611652
705040,706200,Fire IV,79898.0,0,772074,798966,2172249,1114693,12120766,3264710,542212,3208991,2329636,3611652
699020,706500,Thunder (dot),10027.0,0,772074,798966,2172249,1114693,12120766,3264710,542212,3208991,2339663,3611652
707190,708350,Fire IV,79898.0,0,772074,798966,2172249,1114693,12200664,3264710,542212,3208991,2339663,3611652
699020,709500,Thunder (dot),10027.0,0,772074,798966,2172249,1114693,12200664,3264710,542212,3208991,2349690,3611652
709340,709960,Flare Star,133166.0,0,772074,798966,2172249,1114693,12200664,3397876,542212,3208991,2349690,3611652
709840,710372,Auto,0.0,0,772074,798966,2172249,1114693,12200664,3397876,542212,3208991,2349690,3611652
710270,710940,Paradox,79886.0,0,772074,798966,2172249,1114693,12200664,3397876,542212,3288877,2349690,3611652
699020,712500,Thunder (dot),10027.0,0,772074,798966,2172249,1114693,12200664,3397876,542212,3288877,2359717,3611652
712420,712910,Despair,93213.0,0,772074,798966,2265462,1114693,12200664,3397876,542212,3288877,2359717,3611652
713120,713652,Auto,0.0,0,772074,798966,2265462,1114693,12200664,3397876,542212,3288877,2359717,3611652
699020,715500,Thunder (dot),10027.0,0,772074,798966,2265462,1114693,12200664,3397876,542212,3288877,2369744,3611652
716400,716932,Auto,0.0,0,772074,798966,2265462,1114693,12200664,3397876,542212,3288877,2369744,3611652
715790,716950,Fire IV,86475.0,0,772074,798966,2265462,1114693,12287139,3397876,542212,3288877,2369744,3611652
716720,717340,Xenoglossy,142516.0,0,772074,798966,2265462,1114693,12287139,3397876,542212,3288877,2369744,3754168
699020,718500,Thunder (dot),10027.0,0,772074,798966,2265462,1114693,12287139,3397876,542212,3288877,2379771,3754168
720590,721122,Auto,0.0,0,772074,798966,2265462,1114693,12287139,3397876,542212,3288877,2379771,3754168
720090,721250,Fire IV,86475.0,0,772074,798966,2265462,1114693,12373614,3397876,542212,3288877,2379771,3754168
699020,721500,Thunder (dot),10027.0,0,772074,798966,2265462,1114693,12373614,3397876,542212,3288877,2389798,3754168
722240,723400,Fire IV,86475.0,0,772074,798966,2265462,1114693,12460089,3397876,542212,3288877,2389798,3754168
723170,723840,Paradox,86463.0,0,772074,798966,2265462,1114693,12460089,3397876,542212,3375340,2389798,3754168
723870,724402,Auto,0.0,0,772074,798966,2265462,1114693,12460089,3397876,542212,3375340,2389798,3754168
699020,724500,Thunder (dot),10027.0,0,772074,798966,2265462,1114693,12460089,3397876,542212,3375340,2399825,3754168
726330,727490,Fire IV,90249.0,0,772074,798966,2265462,1114693,12550338,3397876,542212,3375340,2399825,3754168
699020,727500,Thunder (dot),10027.0,0,772074,798966,2265462,1114693,12550338,3397876,542212,3375340,2409852,3754168
727150,727682,Auto,0.0,0,772074,798966,2265462,1114693,12550338,3397876,542212,3375340,2409852,3754168
728520,729280,High Thunder,25067.0,0,772074,798966,2265462,1114693,12550338,3397876,567279,3375340,2409852,3754168
729031,730191,Fire IV,90249.0,0,772074,798966,2265462,1114693,12640587,3397876,567279,3375340,2409852,3754168
729930,730462,Auto,0.0,0,772074,798966,2265462,1114693,12640587,3397876,567279,3375340,2409852,3754168
728520,730500,Thunder (dot),11327.0,0,772074,798966,2265462,1114693,12640587,3397876,567279,3375340,2421179,3754168
730861,732021,Fire IV,90249.0,0,772074,798966,2265462,1114693,12730836,3397876,567279,3375340,2421179,3754168
732710,733242,Auto,0.0,0,772074,798966,2265462,1114693,12730836,3397876,567279,3375340,2421179,3754168
732691,733311,Flare Star,150422.0,0,772074,798966,2265462,1114693,12730836,3548298,567279,3375340,2421179,3754168
728520,733500,Thunder (dot),11327.0,0,772074,798966,2265462,1114693,12730836,3548298,567279,3375340,2432506,3754168
734521,735011,Despair,105291.0,0,772074,798966,2370753,1114693,12730836,3548298,567279,3375340,2432506,3754168
735490,736022,Auto,0.0,0,772074,798966,2370753,1114693,12730836,3548298,567279,3375340,2432506,3754168
728520,736500,Thunder (dot),11327.0,0,772074,798966,2370753,1114693,12730836,3548298,567279,3375340,2443833,3754168
736351,736971,Xenoglossy,148736.0,0,772074,798966,2370753,1114693,12730836,3548298,567279,3375340,2443833,3902904
738181,738801,Xenoglossy,148736.0,0,772074,798966,2370753,1114693,12730836,3548298,567279,3375340,2443833,4051640
738270,738802,Auto,0.0,0,772074,798966,2370753,1114693,12730836,3548298,567279,3375340,2443833,4051640
728520,739500,Thunder (dot),11327.0,0,772074,798966,2370753,1114693,12730836,3548298,567279,3375340,2455160,4051640
740011,740631,Xenoglossy,148736.0,0,772074,798966,2370753,1114693,12730836,3548298,567279,3375340,2455160,4200376
741050,741582,Auto,0.0,0,772074,798966,2370753,1114693,12730836,3548298,567279,3375340,2455160,4200376
728520,742500,Thunder (dot),11327.0,0,772074,798966,2370753,1114693,12730836,3548298,567279,3375340,2466487,4200376
741841,742511,Paradox,90236.0,0,772074,798966,2370753,1114693,12730836,3548298,567279,3465576,2466487,4200376
743830,744362,Auto,0.0,0,772074,798966,2370753,1114693,12730836,3548298,567279,3465576,2466487,4200376
743671,744961,Fire III,67830.0,0,772074,798966,2370753,1182523,12730836,3548298,567279,3465576,2466487,4200376
728520,745500,Thunder (dot),11327.0,0,772074,798966,2370753,1182523,12730836,3548298,567279,3465576,2477814,4200376
745501,746121,Xenoglossy,137422.0,0,772074,798966,2370753,1182523,12730836,3548298,567279,3465576,2477814,4337798
746610,747142,Auto,0.0,0,772074,798966,2370753,1182523,12730836,3548298,567279,3465576,2477814,4337798
747651,748141,Despair,93213.0,0,772074,798966,2463966,1182523,12730836,3548298,567279,3465576,2477814,4337798
728520,748500,Thunder (dot),11327.0,0,772074,798966,2463966,1182523,12730836,3548298,567279,3465576,2489141,4337798
749890,750422,Auto,0.0,0,772074,798966,2463966,1182523,12730836,3548298,567279,3465576,2489141,4337798
749801,750471,Paradox,79886.0,0,772074,798966,2463966,1182523,12730836,3548298,567279,3545462,2489141,4337798
