sim_timestamp,sim_damage_timestamp,sim_name,sim_expected,Aero in Green,Auto,Blizzard in Cyan,Clawed Muse,Comet in Black,Fanged Muse,Fire in Red,Hammer Brush,Hammer Stamp,Holy in White,Mog of the Ages,Polishing Hammer,Pom Muse,Rainbow Drip,Retribution of the Madeen,Star Prism,Stone in Yellow,Thunder in Magenta,Water in Blue,Winged Muse
-600,640,Rainbow Drip,133983.0,0,0,0,0,0,0,0,0,0,0,0,0,0,133983,0,0,0,0,0,0
640,1172,Auto,0.0,0,0,0,0,0,0,0,0,0,0,0,0,0,133983,0,0,0,0,0,0
700,1320,Pom Muse,117220.0,0,0,0,0,0,0,0,0,0,0,0,0,117220,133983,0,0,0,0,0,0
5100,5632,Auto,0.0,0,0,0,0,0,0,0,0,0,0,0,0,117220,133983,0,0,0,0,0,0
6100,7350,Star Prism,191950.0,0,0,0,0,0,0,0,0,0,0,0,0,117220,133983,0,191950,0,0,0,0
9190,9940,Blizzard in Cyan,153002.0,0,0,153002,0,0,0,0,0,0,0,0,0,117220,133983,0,191950,0,0,0,0
9690,10222,Auto,0.0,0,0,153002,0,0,0,0,0,0,0,0,0,117220,133983,0,191950,0,0,0,0
11660,12460,Stone in Yellow,160190.0,0,0,153002,0,0,0,0,0,0,0,0,0,117220,133983,0,191950,160190,0,0,0
12650,13182,Auto,0.0,0,0,153002,0,0,0,0,0,0,0,0,0,117220,133983,0,191950,160190,0,0,0
14130,14980,Thunder in Magenta,167294.0,0,0,153002,0,0,0,0,0,0,0,0,0,117220,133983,0,191950,160190,167294,0,0
15610,16142,Auto,0.0,0,0,153002,0,0,0,0,0,0,0,0,0,117220,133983,0,191950,160190,167294,0,0
16079,17059,Winged Muse,142391.0,0,0,153002,0,0,0,0,0,0,0,0,0,117220,133983,0,191950,160190,167294,0,142391
15380,17250,Comet in Black,167294.0,0,0,153002,0,167294,0,0,0,0,0,0,0,117220,133983,0,191950,160190,167294,0,142391
17850,19090,Rainbow Drip,177990.0,0,0,153002,0,167294,0,0,0,0,0,0,0,117220,311973,0,191950,160190,167294,0,142391
18570,19102,Auto,0.0,0,0,153002,0,167294,0,0,0,0,0,0,0,117220,311973,0,191950,160190,167294,0,142391
18550,19700,Mog of the Ages,177990.0,0,0,153002,0,167294,0,0,0,0,0,177990,0,117220,311973,0,191950,160190,167294,0,142391
20351,21731,Hammer Stamp,173536.0,0,0,153002,0,167294,0,0,0,173536,0,177990,0,117220,311973,0,191950,160190,167294,0,142391
21530,22062,Auto,0.0,0,0,153002,0,167294,0,0,0,173536,0,177990,0,117220,311973,0,191950,160190,167294,0,142391
22851,24101,Hammer Brush,179797.0,0,0,153002,0,167294,0,0,179797,173536,0,177990,0,117220,311973,0,191950,160190,167294,0,142391
24490,25022,Auto,0.0,0,0,153002,0,167294,0,0,179797,173536,0,177990,0,117220,311973,0,191950,160190,167294,0,142391
25351,27451,Polishing Hammer,180637.0,0,0,153002,0,167294,0,0,179797,173536,0,177990,180637,117220,311973,0,191950,160190,167294,0,142391
27450,27982,Auto,0.0,0,0,153002,0,167294,0,0,179797,173536,0,177990,180637,117220,311973,0,191950,160190,167294,0,142391
28551,29531,Clawed Muse,117220.0,0,0,153002,117220,167294,0,0,179797,173536,0,177990,180637,117220,311973,0,191950,160190,167294,0,142391
30410,30942,Auto,0.0,0,0,153002,117220,167294,0,0,179797,173536,0,177990,180637,117220,311973,0,191950,160190,167294,0,142391
32851,33691,Fire in Red,66339.0,0,0,153002,117220,167294,0,66339,179797,173536,0,177990,180637,117220,311973,0,191950,160190,167294,0,142391
33370,33902,Auto,0.0,0,0,153002,117220,167294,0,66339,179797,173536,0,177990,180637,117220,311973,0,191950,160190,167294,0,142391
35351,36241,Aero in Green,71741.0,71741,0,153002,117220,167294,0,66339,179797,173536,0,177990,180637,117220,311973,0,191950,160190,167294,0,142391
36330,36862,Auto,0.0,71741,0,153002,117220,167294,0,66339,179797,173536,0,177990,180637,117220,311973,0,191950,160190,167294,0,142391
37851,38831,Water in Blue,77144.0,71741,0,153002,117220,167294,0,66339,179797,173536,0,177990,180637,117220,311973,0,191950,160190,167294,77144,142391
39290,39822,Auto,0.0,71741,0,153002,117220,167294,0,66339,179797,173536,0,177990,180637,117220,311973,0,191950,160190,167294,77144,142391
40351,41191,Fire in Red,66339.0,71741,0,153002,117220,167294,0,132678,179797,173536,0,177990,180637,117220,311973,0,191950,160190,167294,77144,142391
42851,43741,Aero in Green,71692.0,143433,0,153002,117220,167294,0,132678,179797,173536,0,177990,180637,117220,311973,0,191950,160190,167294,77144,142391
43351,43883,Auto,0.0,143433,0,153002,117220,167294,0,132678,179797,173536,0,177990,180637,117220,311973,0,191950,160190,167294,77144,142391
45351,46331,Water in Blue,77092.0,143433,0,153002,117220,167294,0,132678,179797,173536,0,177990,180637,117220,311973,0,191950,160190,167294,154236,142391
46311,46843,Auto,0.0,143433,0,153002,117220,167294,0,132678,179797,173536,0,177990,180637,117220,311973,0,191950,160190,167294,154236,142391
48651,49401,Blizzard in Cyan,116324.0,143433,0,269326,117220,167294,0,132678,179797,173536,0,177990,180637,117220,311973,0,191950,160190,167294,154236,142391
49271,49803,Auto,0.0,143433,0,269326,117220,167294,0,132678,179797,173536,0,177990,180637,117220,311973,0,191950,160190,167294,154236,142391
53151,53683,Auto,0.0,143433,0,269326,117220,167294,0,132678,179797,173536,0,177990,180637,117220,311973,0,191950,160190,167294,154236,142391
54151,55531,Hammer Stamp,130479.0,143433,0,269326,117220,167294,0,132678,179797,304015,0,177990,180637,117220,311973,0,191950,160190,167294,154236,142391
56111,56643,Auto,0.0,143433,0,269326,117220,167294,0,132678,179797,304015,0,177990,180637,117220,311973,0,191950,160190,167294,154236,142391
56651,57901,Hammer Brush,135187.0,143433,0,269326,117220,167294,0,132678,314984,304015,0,177990,180637,117220,311973,0,191950,160190,167294,154236,142391
59071,59603,Auto,0.0,143433,0,269326,117220,167294,0,132678,314984,304015,0,177990,180637,117220,311973,0,191950,160190,167294,154236,142391
59151,61251,Polishing Hammer,139897.0,143433,0,269326,117220,167294,0,132678,314984,304015,0,177990,320534,117220,311973,0,191950,160190,167294,154236,142391
64651,65183,Auto,0.0,143433,0,269326,117220,167294,0,132678,314984,304015,0,177990,320534,117220,311973,0,191950,160190,167294,154236,142391
65651,67521,Comet in Black,127189.0,143433,0,269326,117220,294483,0,132678,314984,304015,0,177990,320534,117220,311973,0,191950,160190,167294,154236,142391
67611,68143,Auto,0.0,143433,0,269326,117220,294483,0,132678,314984,304015,0,177990,320534,117220,311973,0,191950,160190,167294,154236,142391
71952,72484,Auto,0.0,143433,0,269326,117220,294483,0,132678,314984,304015,0,177990,320534,117220,311973,0,191950,160190,167294,154236,142391
75952,76484,Auto,0.0,143433,0,269326,117220,294483,0,132678,314984,304015,0,177990,320534,117220,311973,0,191950,160190,167294,154236,142391
76052,77212,Fanged Muse,108258.0,143433,0,269326,117220,294483,108258,132678,314984,304015,0,177990,320534,117220,311973,0,191950,160190,167294,154236,142391
79952,80484,Auto,0.0,143433,0,269326,117220,294483,108258,132678,314984,304015,0,177990,320534,117220,311973,0,191950,160190,167294,154236,142391
82752,83502,Blizzard in Cyan,115966.0,143433,0,385292,117220,294483,108258,132678,314984,304015,0,177990,320534,117220,311973,0,191950,160190,167294,154236,142391
83252,83784,Auto,0.0,143433,0,385292,117220,294483,108258,132678,314984,304015,0,177990,320534,117220,311973,0,191950,160190,167294,154236,142391
86052,86852,Stone in Yellow,121415.0,143433,0,385292,117220,294483,108258,132678,314984,304015,0,177990,320534,117220,311973,0,191950,281605,167294,154236,142391
86552,87084,Auto,0.0,143433,0,385292,117220,294483,108258,132678,314984,304015,0,177990,320534,117220,311973,0,191950,281605,167294,154236,142391
88552,89532,Water in Blue,76854.0,143433,0,385292,117220,294483,108258,132678,314984,304015,0,177990,320534,117220,311973,0,191950,281605,167294,231090,142391
89512,90044,Auto,0.0,143433,0,385292,117220,294483,108258,132678,314984,304015,0,177990,320534,117220,311973,0,191950,281605,167294,231090,142391
91052,91892,Fire in Red,66089.0,143433,0,385292,117220,294483,108258,198767,314984,304015,0,177990,320534,117220,311973,0,191950,281605,167294,231090,142391
92472,93004,Auto,0.0,143433,0,385292,117220,294483,108258,198767,314984,304015,0,177990,320534,117220,311973,0,191950,281605,167294,231090,142391
93552,94442,Aero in Green,71472.0,214905,0,385292,117220,294483,108258,198767,314984,304015,0,177990,320534,117220,311973,0,191950,281605,167294,231090,142391
96052,97032,Water in Blue,76854.0,214905,0,385292,117220,294483,108258,198767,314984,304015,0,177990,320534,117220,311973,0,191950,281605,167294,307944,142391
96552,97084,Auto,0.0,214905,0,385292,117220,294483,108258,198767,314984,304015,0,177990,320534,117220,311973,0,191950,281605,167294,307944,142391
98552,99392,Fire in Red,66089.0,214905,0,385292,117220,294483,108258,264856,314984,304015,0,177990,320534,117220,311973,0,191950,281605,167294,307944,142391
99512,100044,Auto,0.0,214905,0,385292,117220,294483,108258,264856,314984,304015,0,177990,320534,117220,311973,0,191950,281605,167294,307944,142391
101052,101942,Aero in Green,71472.0,286377,0,385292,117220,294483,108258,264856,314984,304015,0,177990,320534,117220,311973,0,191950,281605,167294,307944,142391
102472,103004,Auto,0.0,286377,0,385292,117220,294483,108258,264856,314984,304015,0,177990,320534,117220,311973,0,191950,281605,167294,307944,142391
103552,104532,Water in Blue,76854.0,286377,0,385292,117220,294483,108258,264856,314984,304015,0,177990,320534,117220,311973,0,191950,281605,167294,384798,142391
106852,107602,Blizzard in Cyan,115966.0,286377,0,501258,117220,294483,108258,264856,314984,304015,0,177990,320534,117220,311973,0,191950,281605,167294,384798,142391
107352,107884,Auto,0.0,286377,0,501258,117220,294483,108258,264856,314984,304015,0,177990,320534,117220,311973,0,191950,281605,167294,384798,142391
110152,110952,Stone in Yellow,121415.0,286377,0,501258,117220,294483,108258,264856,314984,304015,0,177990,320534,117220,311973,0,191950,403020,167294,384798,142391
110652,111184,Auto,0.0,286377,0,501258,117220,294483,108258,264856,314984,304015,0,177990,320534,117220,311973,0,191950,403020,167294,384798,142391
111652,113032,Hammer Stamp,130154.0,286377,0,501258,117220,294483,108258,264856,314984,434169,0,177990,320534,117220,311973,0,191950,403020,167294,384798,142391
113612,114144,Auto,0.0,286377,0,501258,117220,294483,108258,264856,314984,434169,0,177990,320534,117220,311973,0,191950,403020,167294,384798,142391
114152,115402,Hammer Brush,134850.0,286377,0,501258,117220,294483,108258,264856,449834,434169,0,177990,320534,117220,311973,0,191950,403020,167294,384798,142391
116572,117104,Auto,0.0,286377,0,501258,117220,294483,108258,264856,449834,434169,0,177990,320534,117220,311973,0,191950,403020,167294,384798,142391
116652,118752,Polishing Hammer,139548.0,286377,0,501258,117220,294483,108258,264856,449834,434169,0,177990,460082,117220,311973,0,191950,403020,167294,384798,142391
122152,122684,Auto,0.0,286377,0,501258,117220,294483,108258,264856,449834,434169,0,177990,460082,117220,311973,0,191950,403020,167294,384798,142391
122253,122873,Pom Muse,108332.0,286377,0,501258,117220,294483,108258,264856,449834,434169,0,177990,460082,225552,311973,0,191950,403020,167294,384798,142391
126153,126685,Auto,0.0,286377,0,501258,117220,294483,108258,264856,449834,434169,0,177990,460082,225552,311973,0,191950,403020,167294,384798,142391
128373,129223,Thunder in Magenta,160669.0,286377,0,501258,117220,294483,108258,264856,449834,434169,0,177990,460082,225552,311973,0,191950,403020,327963,384798,142391
129113,129645,Auto,0.0,286377,0,501258,117220,294483,108258,264856,449834,434169,0,177990,460082,225552,311973,0,191950,403020,327963,384798,142391
129622,131492,Comet in Black,160669.0,286377,0,501258,117220,455152,108258,264856,449834,434169,0,177990,460082,225552,311973,0,191950,403020,327963,384798,142391
131023,132323,Retribution of the Madeen,188039.0,286377,0,501258,117220,455152,108258,264856,449834,434169,0,177990,460082,225552,311973,188039,191950,403020,327963,384798,142391
132073,132605,Auto,0.0,286377,0,501258,117220,455152,108258,264856,449834,434169,0,177990,460082,225552,311973,188039,191950,403020,327963,384798,142391
133313,134063,Blizzard in Cyan,146945.0,286377,0,648203,117220,455152,108258,264856,449834,434169,0,177990,460082,225552,311973,188039,191950,403020,327963,384798,142391
135033,135565,Auto,0.0,286377,0,648203,117220,455152,108258,264856,449834,434169,0,177990,460082,225552,311973,188039,191950,403020,327963,384798,142391
134563,135813,Star Prism,188039.0,286377,0,648203,117220,455152,108258,264856,449834,434169,0,177990,460082,225552,311973,188039,379989,403020,327963,384798,142391
135263,136243,Winged Muse,136755.0,286377,0,648203,117220,455152,108258,264856,449834,434169,0,177990,460082,225552,311973,188039,379989,403020,327963,384798,279146
136433,138303,Comet in Black,160669.0,286377,0,648203,117220,615821,108258,264856,449834,434169,0,177990,460082,225552,311973,188039,379989,403020,327963,384798,279146
137993,138525,Auto,0.0,286377,0,648203,117220,615821,108258,264856,449834,434169,0,177990,460082,225552,311973,188039,379989,403020,327963,384798,279146
138903,140283,Hammer Stamp,166644.0,286377,0,648203,117220,615821,108258,264856,449834,600813,0,177990,460082,225552,311973,188039,379989,403020,327963,384798,279146
140953,141485,Auto,0.0,286377,0,648203,117220,615821,108258,264856,449834,600813,0,177990,460082,225552,311973,188039,379989,403020,327963,384798,279146
141403,142653,Hammer Brush,172658.0,286377,0,648203,117220,615821,108258,264856,622492,600813,0,177990,460082,225552,311973,188039,379989,403020,327963,384798,279146
143913,144445,Auto,0.0,286377,0,648203,117220,615821,108258,264856,622492,600813,0,177990,460082,225552,311973,188039,379989,403020,327963,384798,279146
143903,146003,Polishing Hammer,178671.0,286377,0,648203,117220,615821,108258,264856,622492,600813,0,177990,638753,225552,311973,188039,379989,403020,327963,384798,279146
146873,147405,Auto,0.0,286377,0,648203,117220,615821,108258,264856,622492,600813,0,177990,638753,225552,311973,188039,379989,403020,327963,384798,279146
146403,147643,Rainbow Drip,150717.0,286377,0,648203,117220,615821,108258,264856,622492,600813,0,177990,638753,225552,462690,188039,379989,403020,327963,384798,279146
151903,152435,Auto,0.0,286377,0,648203,117220,615821,108258,264856,622492,600813,0,177990,638753,225552,462690,188039,379989,403020,327963,384798,279146
155903,156435,Auto,0.0,286377,0,648203,117220,615821,108258,264856,622492,600813,0,177990,638753,225552,462690,188039,379989,403020,327963,384798,279146
159903,160435,Auto,0.0,286377,0,648203,117220,615821,108258,264856,622492,600813,0,177990,638753,225552,462690,188039,379989,403020,327963,384798,279146
160903,162243,Holy in White,77144.0,286377,0,648203,117220,615821,108258,264856,622492,600813,77144,177990,638753,225552,462690,188039,379989,403020,327963,384798,279146
161603,162583,Clawed Muse,108332.0,286377,0,648203,225552,615821,108258,264856,622492,600813,77144,177990,638753,225552,462690,188039,379989,403020,327963,384798,279146
162863,163395,Auto,0.0,286377,0,648203,225552,615821,108258,264856,622492,600813,77144,177990,638753,225552,462690,188039,379989,403020,327963,384798,279146
162303,163453,Mog of the Ages,135415.0,286377,0,648203,225552,615821,108258,264856,622492,600813,77144,313405,638753,225552,462690,188039,379989,403020,327963,384798,279146
166403,166935,Auto,0.0,286377,0,648203,225552,615821,108258,264856,622492,600813,77144,313405,638753,225552,462690,188039,379989,403020,327963,384798,279146
169204,169954,Blizzard in Cyan,116324.0,286377,0,764527,225552,615821,108258,264856,622492,600813,77144,313405,638753,225552,462690,188039,379989,403020,327963,384798,279146
169704,170236,Auto,0.0,286377,0,764527,225552,615821,108258,264856,622492,600813,77144,313405,638753,225552,462690,188039,379989,403020,327963,384798,279146
172504,173304,Stone in Yellow,121790.0,286377,0,764527,225552,615821,108258,264856,622492,600813,77144,313405,638753,225552,462690,188039,379989,524810,327963,384798,279146
173004,173536,Auto,0.0,286377,0,764527,225552,615821,108258,264856,622492,600813,77144,313405,638753,225552,462690,188039,379989,524810,327963,384798,279146
175004,175984,Water in Blue,77092.0,286377,0,764527,225552,615821,108258,264856,622492,600813,77144,313405,638753,225552,462690,188039,379989,524810,327963,461890,279146
175964,176496,Auto,0.0,286377,0,764527,225552,615821,108258,264856,622492,600813,77144,313405,638753,225552,462690,188039,379989,524810,327963,461890,279146
177504,178344,Fire in Red,66293.0,286377,0,764527,225552,615821,108258,331149,622492,600813,77144,313405,638753,225552,462690,188039,379989,524810,327963,461890,279146
178924,179456,Auto,0.0,286377,0,764527,225552,615821,108258,331149,622492,600813,77144,313405,638753,225552,462690,188039,379989,524810,327963,461890,279146
180004,180894,Aero in Green,71692.0,358069,0,764527,225552,615821,108258,331149,622492,600813,77144,313405,638753,225552,462690,188039,379989,524810,327963,461890,279146
182504,183484,Water in Blue,77092.0,358069,0,764527,225552,615821,108258,331149,622492,600813,77144,313405,638753,225552,462690,188039,379989,524810,327963,538982,279146
183004,183536,Auto,0.0,358069,0,764527,225552,615821,108258,331149,622492,600813,77144,313405,638753,225552,462690,188039,379989,524810,327963,538982,279146
185004,185844,Fire in Red,66293.0,358069,0,764527,225552,615821,108258,397442,622492,600813,77144,313405,638753,225552,462690,188039,379989,524810,327963,538982,279146
185964,186496,Auto,0.0,358069,0,764527,225552,615821,108258,397442,622492,600813,77144,313405,638753,225552,462690,188039,379989,524810,327963,538982,279146
187504,188394,Aero in Green,71692.0,429761,0,764527,225552,615821,108258,397442,622492,600813,77144,313405,638753,225552,462690,188039,379989,524810,327963,538982,279146
188924,189456,Auto,0.0,429761,0,764527,225552,615821,108258,397442,622492,600813,77144,313405,638753,225552,462690,188039,379989,524810,327963,538982,279146
190004,190984,Water in Blue,77092.0,429761,0,764527,225552,615821,108258,397442,622492,600813,77144,313405,638753,225552,462690,188039,379989,524810,327963,616074,279146
193304,194054,Blizzard in Cyan,116324.0,429761,0,880851,225552,615821,108258,397442,622492,600813,77144,313405,638753,225552,462690,188039,379989,524810,327963,616074,279146
193804,194336,Auto,0.0,429761,0,880851,225552,615821,108258,397442,622492,600813,77144,313405,638753,225552,462690,188039,379989,524810,327963,616074,279146
196604,197404,Stone in Yellow,121790.0,429761,0,880851,225552,615821,108258,397442,622492,600813,77144,313405,638753,225552,462690,188039,379989,646600,327963,616074,279146
197104,197636,Auto,0.0,429761,0,880851,225552,615821,108258,397442,622492,600813,77144,313405,638753,225552,462690,188039,379989,646600,327963,616074,279146
199904,200754,Thunder in Magenta,127189.0,429761,0,880851,225552,615821,108258,397442,622492,600813,77144,313405,638753,225552,462690,188039,379989,646600,455152,616074,279146
200404,200936,Auto,0.0,429761,0,880851,225552,615821,108258,397442,622492,600813,77144,313405,638753,225552,462690,188039,379989,646600,455152,616074,279146
202404,203244,Fire in Red,66089.0,429761,0,880851,225552,615821,108258,463531,622492,600813,77144,313405,638753,225552,462690,188039,379989,646600,455152,616074,279146
203364,203896,Auto,0.0,429761,0,880851,225552,615821,108258,463531,622492,600813,77144,313405,638753,225552,462690,188039,379989,646600,455152,616074,279146
204904,205794,Aero in Green,71472.0,501233,0,880851,225552,615821,108258,463531,622492,600813,77144,313405,638753,225552,462690,188039,379989,646600,455152,616074,279146
206324,206856,Auto,0.0,501233,0,880851,225552,615821,108258,463531,622492,600813,77144,313405,638753,225552,462690,188039,379989,646600,455152,616074,279146
207404,208384,Water in Blue,76854.0,501233,0,880851,225552,615821,108258,463531,622492,600813,77144,313405,638753,225552,462690,188039,379989,646600,455152,692928,279146
209284,209816,Auto,0.0,501233,0,880851,225552,615821,108258,463531,622492,600813,77144,313405,638753,225552,462690,188039,379989,646600,455152,692928,279146
208904,210284,Hammer Stamp,130154.0,501233,0,880851,225552,615821,108258,463531,622492,730967,77144,313405,638753,225552,462690,188039,379989,646600,455152,692928,279146
211404,212654,Hammer Brush,134850.0,501233,0,880851,225552,615821,108258,463531,757342,730967,77144,313405,638753,225552,462690,188039,379989,646600,455152,692928,279146
212244,212776,Auto,0.0,501233,0,880851,225552,615821,108258,463531,757342,730967,77144,313405,638753,225552,462690,188039,379989,646600,455152,692928,279146
215204,215736,Auto,0.0,501233,0,880851,225552,615821,108258,463531,757342,730967,77144,313405,638753,225552,462690,188039,379989,646600,455152,692928,279146
213904,216004,Polishing Hammer,139548.0,501233,0,880851,225552,615821,108258,463531,757342,730967,77144,313405,778301,225552,462690,188039,379989,646600,455152,692928,279146
217404,218244,Fire in Red,66089.0,501233,0,880851,225552,615821,108258,529620,757342,730967,77144,313405,778301,225552,462690,188039,379989,646600,455152,692928,279146
218164,218696,Auto,0.0,501233,0,880851,225552,615821,108258,529620,757342,730967,77144,313405,778301,225552,462690,188039,379989,646600,455152,692928,279146
219904,220794,Aero in Green,71472.0,572705,0,880851,225552,615821,108258,529620,757342,730967,77144,313405,778301,225552,462690,188039,379989,646600,455152,692928,279146
221124,221656,Auto,0.0,572705,0,880851,225552,615821,108258,529620,757342,730967,77144,313405,778301,225552,462690,188039,379989,646600,455152,692928,279146
222404,223384,Water in Blue,76854.0,572705,0,880851,225552,615821,108258,529620,757342,730967,77144,313405,778301,225552,462690,188039,379989,646600,455152,769782,279146
224084,224616,Auto,0.0,572705,0,880851,225552,615821,108258,529620,757342,730967,77144,313405,778301,225552,462690,188039,379989,646600,455152,769782,279146
223905,225775,Comet in Black,126797.0,572705,0,880851,225552,742618,108258,529620,757342,730967,77144,313405,778301,225552,462690,188039,379989,646600,455152,769782,279146
227044,227576,Auto,0.0,572705,0,880851,225552,742618,108258,529620,757342,730967,77144,313405,778301,225552,462690,188039,379989,646600,455152,769782,279146
229005,229755,Blizzard in Cyan,115966.0,572705,0,996817,225552,742618,108258,529620,757342,730967,77144,313405,778301,225552,462690,188039,379989,646600,455152,769782,279146
230004,230536,Auto,0.0,572705,0,996817,225552,742618,108258,529620,757342,730967,77144,313405,778301,225552,462690,188039,379989,646600,455152,769782,279146
232305,233105,Stone in Yellow,121415.0,572705,0,996817,225552,742618,108258,529620,757342,730967,77144,313405,778301,225552,462690,188039,379989,768015,455152,769782,279146
232964,233496,Auto,0.0,572705,0,996817,225552,742618,108258,529620,757342,730967,77144,313405,778301,225552,462690,188039,379989,768015,455152,769782,279146
236805,237337,Auto,0.0,572705,0,996817,225552,742618,108258,529620,757342,730967,77144,313405,778301,225552,462690,188039,379989,768015,455152,769782,279146
239605,240455,Thunder in Magenta,126797.0,572705,0,996817,225552,742618,108258,529620,757342,730967,77144,313405,778301,225552,462690,188039,379989,768015,581949,769782,279146
240105,240637,Auto,0.0,572705,0,996817,225552,742618,108258,529620,757342,730967,77144,313405,778301,225552,462690,188039,379989,768015,581949,769782,279146
241105,242975,Comet in Black,127275.0,572705,0,996817,225552,869893,108258,529620,757342,730967,77144,313405,778301,225552,462690,188039,379989,768015,581949,769782,279146
243065,243597,Auto,0.0,572705,0,996817,225552,869893,108258,529620,757342,730967,77144,313405,778301,225552,462690,188039,379989,768015,581949,769782,279146
244405,245745,Holy in White,77144.0,572705,0,996817,225552,869893,108258,529620,757342,730967,154288,313405,778301,225552,462690,188039,379989,768015,581949,769782,279146
246025,246557,Auto,0.0,572705,0,996817,225552,869893,108258,529620,757342,730967,154288,313405,778301,225552,462690,188039,379989,768015,581949,769782,279146
248173,248923,Blizzard in Cyan,146945.0,572705,0,1143762,225552,869893,108258,529620,757342,730967,154288,313405,778301,225552,462690,188039,379989,768015,581949,769782,279146
248985,249517,Auto,0.0,572705,0,1143762,225552,869893,108258,529620,757342,730967,154288,313405,778301,225552,462690,188039,379989,768015,581949,769782,279146
250643,251443,Stone in Yellow,153849.0,572705,0,1143762,225552,869893,108258,529620,757342,730967,154288,313405,778301,225552,462690,188039,379989,921864,581949,769782,279146
253113,253963,Thunder in Magenta,160669.0,572705,0,1143762,225552,869893,108258,529620,757342,730967,154288,313405,778301,225552,462690,188039,379989,921864,742618,769782,279146
253613,254145,Auto,0.0,572705,0,1143762,225552,869893,108258,529620,757342,730967,154288,313405,778301,225552,462690,188039,379989,921864,742618,769782,279146
255063,256223,Fanged Muse,136755.0,572705,0,1143762,225552,869893,245013,529620,757342,730967,154288,313405,778301,225552,462690,188039,379989,921864,742618,769782,279146
254363,256233,Comet in Black,160669.0,572705,0,1143762,225552,1030562,245013,529620,757342,730967,154288,313405,778301,225552,462690,188039,379989,921864,742618,769782,279146
256573,257105,Auto,0.0,572705,0,1143762,225552,1030562,245013,529620,757342,730967,154288,313405,778301,225552,462690,188039,379989,921864,742618,769782,279146
256833,258083,Star Prism,188039.0,572705,0,1143762,225552,1030562,245013,529620,757342,730967,154288,313405,778301,225552,462690,188039,568028,921864,742618,769782,279146
259533,260065,Auto,0.0,572705,0,1143762,225552,1030562,245013,529620,757342,730967,154288,313405,778301,225552,462690,188039,568028,921864,742618,769782,279146
258702,260082,Hammer Stamp,166644.0,572705,0,1143762,225552,1030562,245013,529620,757342,897611,154288,313405,778301,225552,462690,188039,568028,921864,742618,769782,279146
259403,260703,Retribution of the Madeen,188039.0,572705,0,1143762,225552,1030562,245013,529620,757342,897611,154288,313405,778301,225552,462690,376078,568028,921864,742618,769782,279146
261202,262452,Hammer Brush,172658.0,572705,0,1143762,225552,1030562,245013,529620,930000,897611,154288,313405,778301,225552,462690,376078,568028,921864,742618,769782,279146
262493,263025,Auto,0.0,572705,0,1143762,225552,1030562,245013,529620,930000,897611,154288,313405,778301,225552,462690,376078,568028,921864,742618,769782,279146
263703,265803,Polishing Hammer,178671.0,572705,0,1143762,225552,1030562,245013,529620,930000,897611,154288,313405,956972,225552,462690,376078,568028,921864,742618,769782,279146
265453,265985,Auto,0.0,572705,0,1143762,225552,1030562,245013,529620,930000,897611,154288,313405,956972,225552,462690,376078,568028,921864,742618,769782,279146
266203,267443,Rainbow Drip,155238.0,572705,0,1143762,225552,1030562,245013,529620,930000,897611,154288,313405,956972,225552,617928,376078,568028,921864,742618,769782,279146
268413,268945,Auto,0.0,572705,0,1143762,225552,1030562,245013,529620,930000,897611,154288,313405,956972,225552,617928,376078,568028,921864,742618,769782,279146
269703,270543,Fire in Red,66339.0,572705,0,1143762,225552,1030562,245013,595959,930000,897611,154288,313405,956972,225552,617928,376078,568028,921864,742618,769782,279146
272203,273093,Aero in Green,71741.0,644446,0,1143762,225552,1030562,245013,595959,930000,897611,154288,313405,956972,225552,617928,376078,568028,921864,742618,769782,279146
272703,273235,Auto,0.0,644446,0,1143762,225552,1030562,245013,595959,930000,897611,154288,313405,956972,225552,617928,376078,568028,921864,742618,769782,279146
274703,275683,Water in Blue,77144.0,644446,0,1143762,225552,1030562,245013,595959,930000,897611,154288,313405,956972,225552,617928,376078,568028,921864,742618,846926,279146
275663,276195,Auto,0.0,644446,0,1143762,225552,1030562,245013,595959,930000,897611,154288,313405,956972,225552,617928,376078,568028,921864,742618,846926,279146
278003,278753,Blizzard in Cyan,116404.0,644446,0,1260166,225552,1030562,245013,595959,930000,897611,154288,313405,956972,225552,617928,376078,568028,921864,742618,846926,279146
278623,279155,Auto,0.0,644446,0,1260166,225552,1030562,245013,595959,930000,897611,154288,313405,956972,225552,617928,376078,568028,921864,742618,846926,279146
282503,283035,Auto,0.0,644446,0,1260166,225552,1030562,245013,595959,930000,897611,154288,313405,956972,225552,617928,376078,568028,921864,742618,846926,279146
283503,285373,Comet in Black,127275.0,644446,0,1260166,225552,1157837,245013,595959,930000,897611,154288,313405,956972,225552,617928,376078,568028,921864,742618,846926,279146
285463,285995,Auto,0.0,644446,0,1260166,225552,1157837,245013,595959,930000,897611,154288,313405,956972,225552,617928,376078,568028,921864,742618,846926,279146
289803,290335,Auto,0.0,644446,0,1260166,225552,1157837,245013,595959,930000,897611,154288,313405,956972,225552,617928,376078,568028,921864,742618,846926,279146
289904,290524,Pom Muse,108258.0,644446,0,1260166,225552,1157837,245013,595959,930000,897611,154288,313405,956972,333810,617928,376078,568028,921864,742618,846926,279146
293804,294336,Auto,0.0,644446,0,1260166,225552,1157837,245013,595959,930000,897611,154288,313405,956972,333810,617928,376078,568028,921864,742618,846926,279146
293904,294884,Winged Muse,108258.0,644446,0,1260166,225552,1157837,245013,595959,930000,897611,154288,313405,956972,333810,617928,376078,568028,921864,742618,846926,387404
297804,298336,Auto,0.0,644446,0,1260166,225552,1157837,245013,595959,930000,897611,154288,313405,956972,333810,617928,376078,568028,921864,742618,846926,387404
297904,299054,Mog of the Ages,135323.0,644446,0,1260166,225552,1157837,245013,595959,930000,897611,154288,448728,956972,333810,617928,376078,568028,921864,742618,846926,387404
301804,302336,Auto,0.0,644446,0,1260166,225552,1157837,245013,595959,930000,897611,154288,448728,956972,333810,617928,376078,568028,921864,742618,846926,387404
302804,304184,Hammer Stamp,130479.0,644446,0,1260166,225552,1157837,245013,595959,930000,1028090,154288,448728,956972,333810,617928,376078,568028,921864,742618,846926,387404
304764,305296,Auto,0.0,644446,0,1260166,225552,1157837,245013,595959,930000,1028090,154288,448728,956972,333810,617928,376078,568028,921864,742618,846926,387404
305304,306554,Hammer Brush,135187.0,644446,0,1260166,225552,1157837,245013,595959,1065187,1028090,154288,448728,956972,333810,617928,376078,568028,921864,742618,846926,387404
307724,308256,Auto,0.0,644446,0,1260166,225552,1157837,245013,595959,1065187,1028090,154288,448728,956972,333810,617928,376078,568028,921864,742618,846926,387404
307804,309904,Polishing Hammer,139897.0,644446,0,1260166,225552,1157837,245013,595959,1065187,1028090,154288,448728,1096869,333810,617928,376078,568028,921864,742618,846926,387404
313304,313836,Auto,0.0,644446,0,1260166,225552,1157837,245013,595959,1065187,1028090,154288,448728,1096869,333810,617928,376078,568028,921864,742618,846926,387404
316104,316854,Blizzard in Cyan,116324.0,644446,0,1376490,225552,1157837,245013,595959,1065187,1028090,154288,448728,1096869,333810,617928,376078,568028,921864,742618,846926,387404
316604,317136,Auto,0.0,644446,0,1376490,225552,1157837,245013,595959,1065187,1028090,154288,448728,1096869,333810,617928,376078,568028,921864,742618,846926,387404
319404,320204,Stone in Yellow,121790.0,644446,0,1376490,225552,1157837,245013,595959,1065187,1028090,154288,448728,1096869,333810,617928,376078,568028,1043654,742618,846926,387404
319904,320436,Auto,0.0,644446,0,1376490,225552,1157837,245013,595959,1065187,1028090,154288,448728,1096869,333810,617928,376078,568028,1043654,742618,846926,387404
321904,322884,Water in Blue,77092.0,644446,0,1376490,225552,1157837,245013,595959,1065187,1028090,154288,448728,1096869,333810,617928,376078,568028,1043654,742618,924018,387404
322864,323396,Auto,0.0,644446,0,1376490,225552,1157837,245013,595959,1065187,1028090,154288,448728,1096869,333810,617928,376078,568028,1043654,742618,924018,387404
322504,323484,Clawed Muse,107924.0,644446,0,1376490,333476,1157837,245013,595959,1065187,1028090,154288,448728,1096869,333810,617928,376078,568028,1043654,742618,924018,387404
326404,326936,Auto,0.0,644446,0,1376490,333476,1157837,245013,595959,1065187,1028090,154288,448728,1096869,333810,617928,376078,568028,1043654,742618,924018,387404
328404,329244,Fire in Red,66089.0,644446,0,1376490,333476,1157837,245013,662048,1065187,1028090,154288,448728,1096869,333810,617928,376078,568028,1043654,742618,924018,387404
329364,329896,Auto,0.0,644446,0,1376490,333476,1157837,245013,662048,1065187,1028090,154288,448728,1096869,333810,617928,376078,568028,1043654,742618,924018,387404
330904,331794,Aero in Green,71472.0,715918,0,1376490,333476,1157837,245013,662048,1065187,1028090,154288,448728,1096869,333810,617928,376078,568028,1043654,742618,924018,387404
332324,332856,Auto,0.0,715918,0,1376490,333476,1157837,245013,662048,1065187,1028090,154288,448728,1096869,333810,617928,376078,568028,1043654,742618,924018,387404
333404,334384,Water in Blue,76854.0,715918,0,1376490,333476,1157837,245013,662048,1065187,1028090,154288,448728,1096869,333810,617928,376078,568028,1043654,742618,1000872,387404
335904,336744,Fire in Red,66089.0,715918,0,1376490,333476,1157837,245013,728137,1065187,1028090,154288,448728,1096869,333810,617928,376078,568028,1043654,742618,1000872,387404
336404,336936,Auto,0.0,715918,0,1376490,333476,1157837,245013,728137,1065187,1028090,154288,448728,1096869,333810,617928,376078,568028,1043654,742618,1000872,387404
338404,339294,Aero in Green,71472.0,787390,0,1376490,333476,1157837,245013,728137,1065187,1028090,154288,448728,1096869,333810,617928,376078,568028,1043654,742618,1000872,387404
339364,339896,Auto,0.0,787390,0,1376490,333476,1157837,245013,728137,1065187,1028090,154288,448728,1096869,333810,617928,376078,568028,1043654,742618,1000872,387404
340905,341885,Water in Blue,76854.0,787390,0,1376490,333476,1157837,245013,728137,1065187,1028090,154288,448728,1096869,333810,617928,376078,568028,1043654,742618,1077726,387404
342324,342856,Auto,0.0,787390,0,1376490,333476,1157837,245013,728137,1065187,1028090,154288,448728,1096869,333810,617928,376078,568028,1043654,742618,1077726,387404
342405,343745,Holy in White,76854.0,787390,0,1376490,333476,1157837,245013,728137,1065187,1028090,231142,448728,1096869,333810,617928,376078,568028,1043654,742618,1077726,387404
345284,345816,Auto,0.0,787390,0,1376490,333476,1157837,245013,728137,1065187,1028090,231142,448728,1096869,333810,617928,376078,568028,1043654,742618,1077726,387404
344905,346245,Holy in White,76854.0,787390,0,1376490,333476,1157837,245013,728137,1065187,1028090,307996,448728,1096869,333810,617928,376078,568028,1043654,742618,1077726,387404
349205,349955,Blizzard in Cyan,115966.0,787390,0,1492456,333476,1157837,245013,728137,1065187,1028090,307996,448728,1096869,333810,617928,376078,568028,1043654,742618,1077726,387404
349705,350237,Auto,0.0,787390,0,1492456,333476,1157837,245013,728137,1065187,1028090,307996,448728,1096869,333810,617928,376078,568028,1043654,742618,1077726,387404
352505,353305,Stone in Yellow,121415.0,787390,0,1492456,333476,1157837,245013,728137,1065187,1028090,307996,448728,1096869,333810,617928,376078,568028,1165069,742618,1077726,387404
353005,353537,Auto,0.0,787390,0,1492456,333476,1157837,245013,728137,1065187,1028090,307996,448728,1096869,333810,617928,376078,568028,1165069,742618,1077726,387404
355805,356655,Thunder in Magenta,126797.0,787390,0,1492456,333476,1157837,245013,728137,1065187,1028090,307996,448728,1096869,333810,617928,376078,568028,1165069,869415,1077726,387404
356305,356837,Auto,0.0,787390,0,1492456,333476,1157837,245013,728137,1065187,1028090,307996,448728,1096869,333810,617928,376078,568028,1165069,869415,1077726,387404
357305,359175,Comet in Black,126797.0,787390,0,1492456,333476,1284634,245013,728137,1065187,1028090,307996,448728,1096869,333810,617928,376078,568028,1165069,869415,1077726,387404
359265,359797,Auto,0.0,787390,0,1492456,333476,1284634,245013,728137,1065187,1028090,307996,448728,1096869,333810,617928,376078,568028,1165069,869415,1077726,387404
362405,363155,Blizzard in Cyan,116404.0,787390,0,1608860,333476,1284634,245013,728137,1065187,1028090,307996,448728,1096869,333810,617928,376078,568028,1165069,869415,1077726,387404
362905,363437,Auto,0.0,787390,0,1608860,333476,1284634,245013,728137,1065187,1028090,307996,448728,1096869,333810,617928,376078,568028,1165069,869415,1077726,387404
365705,366505,Stone in Yellow,131872.0,787390,0,1608860,333476,1284634,245013,728137,1065187,1028090,307996,448728,1096869,333810,617928,376078,568028,1296941,869415,1077726,387404
366205,366737,Auto,0.0,787390,0,1608860,333476,1284634,245013,728137,1065187,1028090,307996,448728,1096869,333810,617928,376078,568028,1296941,869415,1077726,387404
368425,369275,Thunder in Magenta,173855.0,787390,0,1608860,333476,1284634,245013,728137,1065187,1028090,307996,448728,1096869,333810,617928,376078,568028,1296941,1043270,1077726,387404
369165,369697,Auto,0.0,787390,0,1608860,333476,1284634,245013,728137,1065187,1028090,307996,448728,1096869,333810,617928,376078,568028,1296941,1043270,1077726,387404
369675,371545,Comet in Black,173855.0,787390,0,1608860,333476,1458489,245013,728137,1065187,1028090,307996,448728,1096869,333810,617928,376078,568028,1296941,1043270,1077726,387404
372125,372657,Auto,0.0,787390,0,1608860,333476,1458489,245013,728137,1065187,1028090,307996,448728,1096869,333810,617928,376078,568028,1296941,1043270,1077726,387404
373365,374115,Blizzard in Cyan,159002.0,787390,0,1767862,333476,1458489,245013,728137,1065187,1028090,307996,448728,1096869,333810,617928,376078,568028,1296941,1043270,1077726,387404
375085,375617,Auto,0.0,787390,0,1767862,333476,1458489,245013,728137,1065187,1028090,307996,448728,1096869,333810,617928,376078,568028,1296941,1043270,1077726,387404
374615,375865,Star Prism,203467.0,787390,0,1767862,333476,1458489,245013,728137,1065187,1028090,307996,448728,1096869,333810,617928,376078,771495,1296941,1043270,1077726,387404
376485,377865,Hammer Stamp,180341.0,787390,0,1767862,333476,1458489,245013,728137,1065187,1208431,307996,448728,1096869,333810,617928,376078,771495,1296941,1043270,1077726,387404
377185,378345,Fanged Muse,147975.0,787390,0,1767862,333476,1458489,392988,728137,1065187,1208431,307996,448728,1096869,333810,617928,376078,771495,1296941,1043270,1077726,387404
378045,378577,Auto,0.0,787390,0,1767862,333476,1458489,392988,728137,1065187,1208431,307996,448728,1096869,333810,617928,376078,771495,1296941,1043270,1077726,387404
378985,380855,Comet in Black,173855.0,787390,0,1767862,333476,1632344,392988,728137,1065187,1208431,307996,448728,1096869,333810,617928,376078,771495,1296941,1043270,1077726,387404
381005,381537,Auto,0.0,787390,0,1767862,333476,1632344,392988,728137,1065187,1208431,307996,448728,1096869,333810,617928,376078,771495,1296941,1043270,1077726,387404
381455,382695,Rainbow Drip,184971.0,787390,0,1767862,333476,1632344,392988,728137,1065187,1208431,307996,448728,1096869,333810,802899,376078,771495,1296941,1043270,1077726,387404
382155,383455,Retribution of the Madeen,203467.0,787390,0,1767862,333476,1632344,392988,728137,1065187,1208431,307996,448728,1096869,333810,802899,579545,771495,1296941,1043270,1077726,387404
383965,384497,Auto,0.0,787390,0,1767862,333476,1632344,392988,728137,1065187,1208431,307996,448728,1096869,333810,802899,579545,771495,1296941,1043270,1077726,387404
383955,385205,Hammer Brush,186848.0,787390,0,1767862,333476,1632344,392988,728137,1252035,1208431,307996,448728,1096869,333810,802899,579545,771495,1296941,1043270,1077726,387404
386925,387457,Auto,0.0,787390,0,1767862,333476,1632344,392988,728137,1252035,1208431,307996,448728,1096869,333810,802899,579545,771495,1296941,1043270,1077726,387404
386455,388555,Polishing Hammer,168921.0,787390,0,1767862,333476,1632344,392988,728137,1252035,1208431,307996,448728,1265790,333810,802899,579545,771495,1296941,1043270,1077726,387404
388955,390295,Holy in White,83477.0,787390,0,1767862,333476,1632344,392988,728137,1252035,1208431,391473,448728,1265790,333810,802899,579545,771495,1296941,1043270,1077726,387404
389885,390417,Auto,0.0,787390,0,1767862,333476,1632344,392988,728137,1252035,1208431,391473,448728,1265790,333810,802899,579545,771495,1296941,1043270,1077726,387404
391455,392795,Holy in White,83477.0,787390,0,1767862,333476,1632344,392988,728137,1252035,1208431,474950,448728,1265790,333810,802899,579545,771495,1296941,1043270,1077726,387404
392845,393377,Auto,0.0,787390,0,1767862,333476,1632344,392988,728137,1252035,1208431,474950,448728,1265790,333810,802899,579545,771495,1296941,1043270,1077726,387404
396955,397487,Auto,0.0,787390,0,1767862,333476,1632344,392988,728137,1252035,1208431,474950,448728,1265790,333810,802899,579545,771495,1296941,1043270,1077726,387404
400956,401488,Auto,0.0,787390,0,1767862,333476,1632344,392988,728137,1252035,1208431,474950,448728,1265790,333810,802899,579545,771495,1296941,1043270,1077726,387404
404956,405488,Auto,0.0,787390,0,1767862,333476,1632344,392988,728137,1252035,1208431,474950,448728,1265790,333810,802899,579545,771495,1296941,1043270,1077726,387404
407756,408506,Blizzard in Cyan,116324.0,787390,0,1884186,333476,1632344,392988,728137,1252035,1208431,474950,448728,1265790,333810,802899,579545,771495,1296941,1043270,1077726,387404
408256,408788,Auto,0.0,787390,0,1884186,333476,1632344,392988,728137,1252035,1208431,474950,448728,1265790,333810,802899,579545,771495,1296941,1043270,1077726,387404
411056,411856,Stone in Yellow,121790.0,787390,0,1884186,333476,1632344,392988,728137,1252035,1208431,474950,448728,1265790,333810,802899,579545,771495,1418731,1043270,1077726,387404
411556,412088,Auto,0.0,787390,0,1884186,333476,1632344,392988,728137,1252035,1208431,474950,448728,1265790,333810,802899,579545,771495,1418731,1043270,1077726,387404
413556,414536,Water in Blue,77092.0,787390,0,1884186,333476,1632344,392988,728137,1252035,1208431,474950,448728,1265790,333810,802899,579545,771495,1418731,1043270,1154818,387404
414156,414776,Pom Muse,108258.0,787390,0,1884186,333476,1632344,392988,728137,1252035,1208431,474950,448728,1265790,442068,802899,579545,771495,1418731,1043270,1154818,387404
414516,415048,Auto,0.0,787390,0,1884186,333476,1632344,392988,728137,1252035,1208431,474950,448728,1265790,442068,802899,579545,771495,1418731,1043270,1154818,387404
416056,416896,Fire in Red,66293.0,787390,0,1884186,333476,1632344,392988,794430,1252035,1208431,474950,448728,1265790,442068,802899,579545,771495,1418731,1043270,1154818,387404
417476,418008,Auto,0.0,787390,0,1884186,333476,1632344,392988,794430,1252035,1208431,474950,448728,1265790,442068,802899,579545,771495,1418731,1043270,1154818,387404
418556,419446,Aero in Green,71692.0,859082,0,1884186,333476,1632344,392988,794430,1252035,1208431,474950,448728,1265790,442068,802899,579545,771495,1418731,1043270,1154818,387404
421056,422036,Water in Blue,77092.0,859082,0,1884186,333476,1632344,392988,794430,1252035,1208431,474950,448728,1265790,442068,802899,579545,771495,1418731,1043270,1231910,387404
421556,422088,Auto,0.0,859082,0,1884186,333476,1632344,392988,794430,1252035,1208431,474950,448728,1265790,442068,802899,579545,771495,1418731,1043270,1231910,387404
424356,425106,Blizzard in Cyan,116324.0,859082,0,2000510,333476,1632344,392988,794430,1252035,1208431,474950,448728,1265790,442068,802899,579545,771495,1418731,1043270,1231910,387404
424856,425388,Auto,0.0,859082,0,2000510,333476,1632344,392988,794430,1252035,1208431,474950,448728,1265790,442068,802899,579545,771495,1418731,1043270,1231910,387404
427656,428456,Stone in Yellow,121790.0,859082,0,2000510,333476,1632344,392988,794430,1252035,1208431,474950,448728,1265790,442068,802899,579545,771495,1540521,1043270,1231910,387404
428156,428688,Auto,0.0,859082,0,2000510,333476,1632344,392988,794430,1252035,1208431,474950,448728,1265790,442068,802899,579545,771495,1540521,1043270,1231910,387404
429156,430536,Hammer Stamp,130479.0,859082,0,2000510,333476,1632344,392988,794430,1252035,1338910,474950,448728,1265790,442068,802899,579545,771495,1540521,1043270,1231910,387404
431116,431648,Auto,0.0,859082,0,2000510,333476,1632344,392988,794430,1252035,1338910,474950,448728,1265790,442068,802899,579545,771495,1540521,1043270,1231910,387404
431656,432906,Hammer Brush,135187.0,859082,0,2000510,333476,1632344,392988,794430,1387222,1338910,474950,448728,1265790,442068,802899,579545,771495,1540521,1043270,1231910,387404
434076,434608,Auto,0.0,859082,0,2000510,333476,1632344,392988,794430,1387222,1338910,474950,448728,1265790,442068,802899,579545,771495,1540521,1043270,1231910,387404
434156,436256,Polishing Hammer,139897.0,859082,0,2000510,333476,1632344,392988,794430,1387222,1338910,474950,448728,1405687,442068,802899,579545,771495,1540521,1043270,1231910,387404
439656,440188,Auto,0.0,859082,0,2000510,333476,1632344,392988,794430,1387222,1338910,474950,448728,1405687,442068,802899,579545,771495,1540521,1043270,1231910,387404
443656,444188,Auto,0.0,859082,0,2000510,333476,1632344,392988,794430,1387222,1338910,474950,448728,1405687,442068,802899,579545,771495,1540521,1043270,1231910,387404
443756,444736,Winged Muse,107924.0,859082,0,2000510,333476,1632344,392988,794430,1387222,1338910,474950,448728,1405687,442068,802899,579545,771495,1540521,1043270,1231910,495328
447656,448188,Auto,0.0,859082,0,2000510,333476,1632344,392988,794430,1387222,1338910,474950,448728,1405687,442068,802899,579545,771495,1540521,1043270,1231910,495328
448657,450527,Comet in Black,126797.0,859082,0,2000510,333476,1759141,392988,794430,1387222,1338910,474950,448728,1405687,442068,802899,579545,771495,1540521,1043270,1231910,495328
450616,451148,Auto,0.0,859082,0,2000510,333476,1759141,392988,794430,1387222,1338910,474950,448728,1405687,442068,802899,579545,771495,1540521,1043270,1231910,495328
453757,454607,Thunder in Magenta,126797.0,859082,0,2000510,333476,1759141,392988,794430,1387222,1338910,474950,448728,1405687,442068,802899,579545,771495,1540521,1170067,1231910,495328
454257,454789,Auto,0.0,859082,0,2000510,333476,1759141,392988,794430,1387222,1338910,474950,448728,1405687,442068,802899,579545,771495,1540521,1170067,1231910,495328
456257,457097,Fire in Red,66089.0,859082,0,2000510,333476,1759141,392988,860519,1387222,1338910,474950,448728,1405687,442068,802899,579545,771495,1540521,1170067,1231910,495328
457217,457749,Auto,0.0,859082,0,2000510,333476,1759141,392988,860519,1387222,1338910,474950,448728,1405687,442068,802899,579545,771495,1540521,1170067,1231910,495328
458757,459647,Aero in Green,71472.0,930554,0,2000510,333476,1759141,392988,860519,1387222,1338910,474950,448728,1405687,442068,802899,579545,771495,1540521,1170067,1231910,495328
460177,460709,Auto,0.0,930554,0,2000510,333476,1759141,392988,860519,1387222,1338910,474950,448728,1405687,442068,802899,579545,771495,1540521,1170067,1231910,495328
461257,462237,Water in Blue,76854.0,930554,0,2000510,333476,1759141,392988,860519,1387222,1338910,474950,448728,1405687,442068,802899,579545,771495,1540521,1170067,1308764,495328
463757,464597,Fire in Red,66089.0,930554,0,2000510,333476,1759141,392988,926608,1387222,1338910,474950,448728,1405687,442068,802899,579545,771495,1540521,1170067,1308764,495328
464257,464789,Auto,0.0,930554,0,2000510,333476,1759141,392988,926608,1387222,1338910,474950,448728,1405687,442068,802899,579545,771495,1540521,1170067,1308764,495328
466257,467147,Aero in Green,71472.0,1002026,0,2000510,333476,1759141,392988,926608,1387222,1338910,474950,448728,1405687,442068,802899,579545,771495,1540521,1170067,1308764,495328
467217,467749,Auto,0.0,1002026,0,2000510,333476,1759141,392988,926608,1387222,1338910,474950,448728,1405687,442068,802899,579545,771495,1540521,1170067,1308764,495328
468757,469737,Water in Blue,76854.0,1002026,0,2000510,333476,1759141,392988,926608,1387222,1338910,474950,448728,1405687,442068,802899,579545,771495,1540521,1170067,1385618,495328
470177,470709,Auto,0.0,1002026,0,2000510,333476,1759141,392988,926608,1387222,1338910,474950,448728,1405687,442068,802899,579545,771495,1540521,1170067,1385618,495328
471257,472097,Fire in Red,66089.0,1002026,0,2000510,333476,1759141,392988,992697,1387222,1338910,474950,448728,1405687,442068,802899,579545,771495,1540521,1170067,1385618,495328
473757,474647,Aero in Green,71472.0,1073498,0,2000510,333476,1759141,392988,992697,1387222,1338910,474950,448728,1405687,442068,802899,579545,771495,1540521,1170067,1385618,495328
474257,474789,Auto,0.0,1073498,0,2000510,333476,1759141,392988,992697,1387222,1338910,474950,448728,1405687,442068,802899,579545,771495,1540521,1170067,1385618,495328
476257,477237,Water in Blue,76854.0,1073498,0,2000510,333476,1759141,392988,992697,1387222,1338910,474950,448728,1405687,442068,802899,579545,771495,1540521,1170067,1462472,495328
477217,477749,Auto,0.0,1073498,0,2000510,333476,1759141,392988,992697,1387222,1338910,474950,448728,1405687,442068,802899,579545,771495,1540521,1170067,1462472,495328
477757,479627,Comet in Black,126797.0,1073498,0,2000510,333476,1885938,392988,992697,1387222,1338910,474950,448728,1405687,442068,802899,579545,771495,1540521,1170067,1462472,495328
480177,480709,Auto,0.0,1073498,0,2000510,333476,1885938,392988,992697,1387222,1338910,474950,448728,1405687,442068,802899,579545,771495,1540521,1170067,1462472,495328
481057,482397,Holy in White,77144.0,1073498,0,2000510,333476,1885938,392988,992697,1387222,1338910,552094,448728,1405687,442068,802899,579545,771495,1540521,1170067,1462472,495328
483137,483669,Auto,0.0,1073498,0,2000510,333476,1885938,392988,992697,1387222,1338910,552094,448728,1405687,442068,802899,579545,771495,1540521,1170067,1462472,495328
485357,486107,Blizzard in Cyan,116404.0,1073498,0,2116914,333476,1885938,392988,992697,1387222,1338910,552094,448728,1405687,442068,802899,579545,771495,1540521,1170067,1462472,495328
486097,486629,Auto,0.0,1073498,0,2116914,333476,1885938,392988,992697,1387222,1338910,552094,448728,1405687,442068,802899,579545,771495,1540521,1170067,1462472,495328
488225,489025,Stone in Yellow,153849.0,1073498,0,2116914,333476,1885938,392988,992697,1387222,1338910,552094,448728,1405687,442068,802899,579545,771495,1694370,1170067,1462472,495328
489057,489589,Auto,0.0,1073498,0,2116914,333476,1885938,392988,992697,1387222,1338910,552094,448728,1405687,442068,802899,579545,771495,1694370,1170067,1462472,495328
490695,491545,Thunder in Magenta,160669.0,1073498,0,2116914,333476,1885938,392988,992697,1387222,1338910,552094,448728,1405687,442068,802899,579545,771495,1694370,1330736,1462472,495328
492017,492549,Auto,0.0,1073498,0,2116914,333476,1885938,392988,992697,1387222,1338910,552094,448728,1405687,442068,802899,579545,771495,1694370,1330736,1462472,495328
491945,493195,Star Prism,188039.0,1073498,0,2116914,333476,1885938,392988,992697,1387222,1338910,552094,448728,1405687,442068,802899,579545,959534,1694370,1330736,1462472,495328
493815,495195,Hammer Stamp,166644.0,1073498,0,2116914,333476,1885938,392988,992697,1387222,1505554,552094,448728,1405687,442068,802899,579545,959534,1694370,1330736,1462472,495328
494977,495509,Auto,0.0,1073498,0,2116914,333476,1885938,392988,992697,1387222,1505554,552094,448728,1405687,442068,802899,579545,959534,1694370,1330736,1462472,495328
495215,496195,Clawed Muse,136755.0,1073498,0,2116914,470231,1885938,392988,992697,1387222,1505554,552094,448728,1405687,442068,802899,579545,959534,1694370,1330736,1462472,495328
497535,498285,Blizzard in Cyan,146945.0,1073498,0,2263859,470231,1885938,392988,992697,1387222,1505554,552094,448728,1405687,442068,802899,579545,959534,1694370,1330736,1462472,495328
498035,498567,Auto,0.0,1073498,0,2263859,470231,1885938,392988,992697,1387222,1505554,552094,448728,1405687,442068,802899,579545,959534,1694370,1330736,1462472,495328
499485,500635,Mog of the Ages,170944.0,1073498,0,2263859,470231,1885938,392988,992697,1387222,1505554,552094,619672,1405687,442068,802899,579545,959534,1694370,1330736,1462472,495328
498785,500655,Comet in Black,160669.0,1073498,0,2263859,470231,2046607,392988,992697,1387222,1505554,552094,619672,1405687,442068,802899,579545,959534,1694370,1330736,1462472,495328
500995,501527,Auto,0.0,1073498,0,2263859,470231,2046607,392988,992697,1387222,1505554,552094,619672,1405687,442068,802899,579545,959534,1694370,1330736,1462472,495328
501255,502495,Rainbow Drip,170944.0,1073498,0,2263859,470231,2046607,392988,992697,1387222,1505554,552094,619672,1405687,442068,973843,579545,959534,1694370,1330736,1462472,495328
503955,504487,Auto,0.0,1073498,0,2263859,470231,2046607,392988,992697,1387222,1505554,552094,619672,1405687,442068,973843,579545,959534,1694370,1330736,1462472,495328
503755,505005,Hammer Brush,172658.0,1073498,0,2263859,470231,2046607,392988,992697,1559880,1505554,552094,619672,1405687,442068,973843,579545,959534,1694370,1330736,1462472,495328
506915,507447,Auto,0.0,1073498,0,2263859,470231,2046607,392988,992697,1559880,1505554,552094,619672,1405687,442068,973843,579545,959534,1694370,1330736,1462472,495328
506255,508355,Polishing Hammer,156094.0,1073498,0,2263859,470231,2046607,392988,992697,1559880,1505554,552094,619672,1561781,442068,973843,579545,959534,1694370,1330736,1462472,495328
511755,512287,Auto,0.0,1073498,0,2263859,470231,2046607,392988,992697,1559880,1505554,552094,619672,1561781,442068,973843,579545,959534,1694370,1330736,1462472,495328
515755,516287,Auto,0.0,1073498,0,2263859,470231,2046607,392988,992697,1559880,1505554,552094,619672,1561781,442068,973843,579545,959534,1694370,1330736,1462472,495328
519756,520288,Auto,0.0,1073498,0,2263859,470231,2046607,392988,992697,1559880,1505554,552094,619672,1561781,442068,973843,579545,959534,1694370,1330736,1462472,495328
520756,522096,Holy in White,77144.0,1073498,0,2263859,470231,2046607,392988,992697,1559880,1505554,629238,619672,1561781,442068,973843,579545,959534,1694370,1330736,1462472,495328
521456,522616,Fanged Muse,108332.0,1073498,0,2263859,470231,2046607,501320,992697,1559880,1505554,629238,619672,1561781,442068,973843,579545,959534,1694370,1330736,1462472,495328
522716,523248,Auto,0.0,1073498,0,2263859,470231,2046607,501320,992697,1559880,1505554,629238,619672,1561781,442068,973843,579545,959534,1694370,1330736,1462472,495328
526256,526788,Auto,0.0,1073498,0,2263859,470231,2046607,501320,992697,1559880,1505554,629238,619672,1561781,442068,973843,579545,959534,1694370,1330736,1462472,495328
527256,528596,Holy in White,77092.0,1073498,0,2263859,470231,2046607,501320,992697,1559880,1505554,706330,619672,1561781,442068,973843,579545,959534,1694370,1330736,1462472,495328
529216,529748,Auto,0.0,1073498,0,2263859,470231,2046607,501320,992697,1559880,1505554,706330,619672,1561781,442068,973843,579545,959534,1694370,1330736,1462472,495328
529756,531096,Holy in White,77092.0,1073498,0,2263859,470231,2046607,501320,992697,1559880,1505554,783422,619672,1561781,442068,973843,579545,959534,1694370,1330736,1462472,495328
532176,532708,Auto,0.0,1073498,0,2263859,470231,2046607,501320,992697,1559880,1505554,783422,619672,1561781,442068,973843,579545,959534,1694370,1330736,1462472,495328
534056,534806,Blizzard in Cyan,116324.0,1073498,0,2380183,470231,2046607,501320,992697,1559880,1505554,783422,619672,1561781,442068,973843,579545,959534,1694370,1330736,1462472,495328
535136,535668,Auto,0.0,1073498,0,2380183,470231,2046607,501320,992697,1559880,1505554,783422,619672,1561781,442068,973843,579545,959534,1694370,1330736,1462472,495328
537356,538156,Stone in Yellow,121790.0,1073498,0,2380183,470231,2046607,501320,992697,1559880,1505554,783422,619672,1561781,442068,973843,579545,959534,1816160,1330736,1462472,495328
538096,538628,Auto,0.0,1073498,0,2380183,470231,2046607,501320,992697,1559880,1505554,783422,619672,1561781,442068,973843,579545,959534,1816160,1330736,1462472,495328
539856,540836,Water in Blue,77092.0,1073498,0,2380183,470231,2046607,501320,992697,1559880,1505554,783422,619672,1561781,442068,973843,579545,959534,1816160,1330736,1539564,495328
541056,541588,Auto,0.0,1073498,0,2380183,470231,2046607,501320,992697,1559880,1505554,783422,619672,1561781,442068,973843,579545,959534,1816160,1330736,1539564,495328
542356,543196,Fire in Red,66293.0,1073498,0,2380183,470231,2046607,501320,1058990,1559880,1505554,783422,619672,1561781,442068,973843,579545,959534,1816160,1330736,1539564,495328
542956,544256,Retribution of the Madeen,148855.0,1073498,0,2380183,470231,2046607,501320,1058990,1559880,1505554,783422,619672,1561781,442068,973843,728400,959534,1816160,1330736,1539564,495328
544856,545746,Aero in Green,71692.0,1145190,0,2380183,470231,2046607,501320,1058990,1559880,1505554,783422,619672,1561781,442068,973843,728400,959534,1816160,1330736,1539564,495328
545356,545888,Auto,0.0,1145190,0,2380183,470231,2046607,501320,1058990,1559880,1505554,783422,619672,1561781,442068,973843,728400,959534,1816160,1330736,1539564,495328
546356,547736,Hammer Stamp,130479.0,1145190,0,2380183,470231,2046607,501320,1058990,1559880,1636033,783422,619672,1561781,442068,973843,728400,959534,1816160,1330736,1539564,495328
548316,548848,Auto,0.0,1145190,0,2380183,470231,2046607,501320,1058990,1559880,1636033,783422,619672,1561781,442068,973843,728400,959534,1816160,1330736,1539564,495328
548856,550106,Hammer Brush,135187.0,1145190,0,2380183,470231,2046607,501320,1058990,1695067,1636033,783422,619672,1561781,442068,973843,728400,959534,1816160,1330736,1539564,495328
551276,551808,Auto,0.0,1145190,0,2380183,470231,2046607,501320,1058990,1695067,1636033,783422,619672,1561781,442068,973843,728400,959534,1816160,1330736,1539564,495328
551356,553456,Polishing Hammer,139897.0,1145190,0,2380183,470231,2046607,501320,1058990,1695067,1636033,783422,619672,1701678,442068,973843,728400,959534,1816160,1330736,1539564,495328
554856,555836,Water in Blue,77092.0,1145190,0,2380183,470231,2046607,501320,1058990,1695067,1636033,783422,619672,1701678,442068,973843,728400,959534,1816160,1330736,1616656,495328
555356,555888,Auto,0.0,1145190,0,2380183,470231,2046607,501320,1058990,1695067,1636033,783422,619672,1701678,442068,973843,728400,959534,1816160,1330736,1616656,495328
559356,559888,Auto,0.0,1145190,0,2380183,470231,2046607,501320,1058990,1695067,1636033,783422,619672,1701678,442068,973843,728400,959534,1816160,1330736,1616656,495328
561356,562196,Fire in Red,66293.0,1145190,0,2380183,470231,2046607,501320,1125283,1695067,1636033,783422,619672,1701678,442068,973843,728400,959534,1816160,1330736,1616656,495328
562316,562848,Auto,0.0,1145190,0,2380183,470231,2046607,501320,1125283,1695067,1636033,783422,619672,1701678,442068,973843,728400,959534,1816160,1330736,1616656,495328
563856,564746,Aero in Green,71472.0,1216662,0,2380183,470231,2046607,501320,1125283,1695067,1636033,783422,619672,1701678,442068,973843,728400,959534,1816160,1330736,1616656,495328
565276,565808,Auto,0.0,1216662,0,2380183,470231,2046607,501320,1125283,1695067,1636033,783422,619672,1701678,442068,973843,728400,959534,1816160,1330736,1616656,495328
566357,567337,Water in Blue,76854.0,1216662,0,2380183,470231,2046607,501320,1125283,1695067,1636033,783422,619672,1701678,442068,973843,728400,959534,1816160,1330736,1693510,495328
566957,567577,Pom Muse,107924.0,1216662,0,2380183,470231,2046607,501320,1125283,1695067,1636033,783422,619672,1701678,549992,973843,728400,959534,1816160,1330736,1693510,495328
570857,571389,Auto,0.0,1216662,0,2380183,470231,2046607,501320,1125283,1695067,1636033,783422,619672,1701678,549992,973843,728400,959534,1816160,1330736,1693510,495328
573657,574407,Blizzard in Cyan,115966.0,1216662,0,2496149,470231,2046607,501320,1125283,1695067,1636033,783422,619672,1701678,549992,973843,728400,959534,1816160,1330736,1693510,495328
574157,574689,Auto,0.0,1216662,0,2496149,470231,2046607,501320,1125283,1695067,1636033,783422,619672,1701678,549992,973843,728400,959534,1816160,1330736,1693510,495328
576957,577757,Stone in Yellow,121415.0,1216662,0,2496149,470231,2046607,501320,1125283,1695067,1636033,783422,619672,1701678,549992,973843,728400,959534,1937575,1330736,1693510,495328
577457,577989,Auto,0.0,1216662,0,2496149,470231,2046607,501320,1125283,1695067,1636033,783422,619672,1701678,549992,973843,728400,959534,1937575,1330736,1693510,495328
580257,581107,Thunder in Magenta,126797.0,1216662,0,2496149,470231,2046607,501320,1125283,1695067,1636033,783422,619672,1701678,549992,973843,728400,959534,1937575,1457533,1693510,495328
580757,581289,Auto,0.0,1216662,0,2496149,470231,2046607,501320,1125283,1695067,1636033,783422,619672,1701678,549992,973843,728400,959534,1937575,1457533,1693510,495328
582757,583597,Fire in Red,66089.0,1216662,0,2496149,470231,2046607,501320,1191372,1695067,1636033,783422,619672,1701678,549992,973843,728400,959534,1937575,1457533,1693510,495328
583717,584249,Auto,0.0,1216662,0,2496149,470231,2046607,501320,1191372,1695067,1636033,783422,619672,1701678,549992,973843,728400,959534,1937575,1457533,1693510,495328
585257,586147,Aero in Green,71472.0,1288134,0,2496149,470231,2046607,501320,1191372,1695067,1636033,783422,619672,1701678,549992,973843,728400,959534,1937575,1457533,1693510,495328
586677,587209,Auto,0.0,1288134,0,2496149,470231,2046607,501320,1191372,1695067,1636033,783422,619672,1701678,549992,973843,728400,959534,1937575,1457533,1693510,495328
587757,588737,Water in Blue,76854.0,1288134,0,2496149,470231,2046607,501320,1191372,1695067,1636033,783422,619672,1701678,549992,973843,728400,959534,1937575,1457533,1770364,495328
590257,591097,Fire in Red,66089.0,1288134,0,2496149,470231,2046607,501320,1257461,1695067,1636033,783422,619672,1701678,549992,973843,728400,959534,1937575,1457533,1770364,495328
590757,591289,Auto,0.0,1288134,0,2496149,470231,2046607,501320,1257461,1695067,1636033,783422,619672,1701678,549992,973843,728400,959534,1937575,1457533,1770364,495328
592757,593647,Aero in Green,71472.0,1359606,0,2496149,470231,2046607,501320,1257461,1695067,1636033,783422,619672,1701678,549992,973843,728400,959534,1937575,1457533,1770364,495328
593717,594249,Auto,0.0,1359606,0,2496149,470231,2046607,501320,1257461,1695067,1636033,783422,619672,1701678,549992,973843,728400,959534,1937575,1457533,1770364,495328
595257,596237,Water in Blue,76854.0,1359606,0,2496149,470231,2046607,501320,1257461,1695067,1636033,783422,619672,1701678,549992,973843,728400,959534,1937575,1457533,1847218,495328
596677,597209,Auto,0.0,1359606,0,2496149,470231,2046607,501320,1257461,1695067,1636033,783422,619672,1701678,549992,973843,728400,959534,1937575,1457533,1847218,495328
596757,598627,Comet in Black,126797.0,1359606,0,2496149,470231,2173404,501320,1257461,1695067,1636033,783422,619672,1701678,549992,973843,728400,959534,1937575,1457533,1847218,495328
599637,600169,Auto,0.0,1359606,0,2496149,470231,2173404,501320,1257461,1695067,1636033,783422,619672,1701678,549992,973843,728400,959534,1937575,1457533,1847218,495328
600057,601927,Comet in Black,126797.0,1359606,0,2496149,470231,2300201,501320,1257461,1695067,1636033,783422,619672,1701678,549992,973843,728400,959534,1937575,1457533,1847218,495328
602597,603129,Auto,0.0,1359606,0,2496149,470231,2300201,501320,1257461,1695067,1636033,783422,619672,1701678,549992,973843,728400,959534,1937575,1457533,1847218,495328
605157,605907,Blizzard in Cyan,116404.0,1359606,0,2612553,470231,2300201,501320,1257461,1695067,1636033,783422,619672,1701678,549992,973843,728400,959534,1937575,1457533,1847218,495328
605657,606189,Auto,0.0,1359606,0,2612553,470231,2300201,501320,1257461,1695067,1636033,783422,619672,1701678,549992,973843,728400,959534,1937575,1457533,1847218,495328
608225,609025,Stone in Yellow,153849.0,1359606,0,2612553,470231,2300201,501320,1257461,1695067,1636033,783422,619672,1701678,549992,973843,728400,959534,2091424,1457533,1847218,495328
608725,609257,Auto,0.0,1359606,0,2612553,470231,2300201,501320,1257461,1695067,1636033,783422,619672,1701678,549992,973843,728400,959534,2091424,1457533,1847218,495328
610695,611545,Thunder in Magenta,160669.0,1359606,0,2612553,470231,2300201,501320,1257461,1695067,1636033,783422,619672,1701678,549992,973843,728400,959534,2091424,1618202,1847218,495328
611685,612217,Auto,0.0,1359606,0,2612553,470231,2300201,501320,1257461,1695067,1636033,783422,619672,1701678,549992,973843,728400,959534,2091424,1618202,1847218,495328
611945,613195,Star Prism,188039.0,1359606,0,2612553,470231,2300201,501320,1257461,1695067,1636033,783422,619672,1701678,549992,973843,728400,1147573,2091424,1618202,1847218,495328
615035,615785,Blizzard in Cyan,146945.0,1359606,0,2759498,470231,2300201,501320,1257461,1695067,1636033,783422,619672,1701678,549992,973843,728400,1147573,2091424,1618202,1847218,495328
615535,616067,Auto,0.0,1359606,0,2759498,470231,2300201,501320,1257461,1695067,1636033,783422,619672,1701678,549992,973843,728400,1147573,2091424,1618202,1847218,495328
616285,618155,Comet in Black,160669.0,1359606,0,2759498,470231,2460870,501320,1257461,1695067,1636033,783422,619672,1701678,549992,973843,728400,1147573,2091424,1618202,1847218,495328
618495,619027,Auto,0.0,1359606,0,2759498,470231,2460870,501320,1257461,1695067,1636033,783422,619672,1701678,549992,973843,728400,1147573,2091424,1618202,1847218,495328
618755,619995,Rainbow Drip,170944.0,1359606,0,2759498,470231,2460870,501320,1257461,1695067,1636033,783422,619672,1701678,549992,1144787,728400,1147573,2091424,1618202,1847218,495328
619455,620435,Winged Muse,136755.0,1359606,0,2759498,470231,2460870,501320,1257461,1695067,1636033,783422,619672,1701678,549992,1144787,728400,1147573,2091424,1618202,1847218,632083
621455,621987,Auto,0.0,1359606,0,2759498,470231,2460870,501320,1257461,1695067,1636033,783422,619672,1701678,549992,1144787,728400,1147573,2091424,1618202,1847218,632083
621255,622635,Hammer Stamp,166644.0,1359606,0,2759498,470231,2460870,501320,1257461,1695067,1802677,783422,619672,1701678,549992,1144787,728400,1147573,2091424,1618202,1847218,632083
621955,623105,Mog of the Ages,170944.0,1359606,0,2759498,470231,2460870,501320,1257461,1695067,1802677,783422,790616,1701678,549992,1144787,728400,1147573,2091424,1618202,1847218,632083
624415,624947,Auto,0.0,1359606,0,2759498,470231,2460870,501320,1257461,1695067,1802677,783422,790616,1701678,549992,1144787,728400,1147573,2091424,1618202,1847218,632083
623755,625005,Hammer Brush,172658.0,1359606,0,2759498,470231,2460870,501320,1257461,1867725,1802677,783422,790616,1701678,549992,1144787,728400,1147573,2091424,1618202,1847218,632083
627375,627907,Auto,0.0,1359606,0,2759498,470231,2460870,501320,1257461,1867725,1802677,783422,790616,1701678,549992,1144787,728400,1147573,2091424,1618202,1847218,632083
626255,628355,Polishing Hammer,163801.0,1359606,0,2759498,470231,2460870,501320,1257461,1867725,1802677,783422,790616,1865479,549992,1144787,728400,1147573,2091424,1618202,1847218,632083
631755,632287,Auto,0.0,1359606,0,2759498,470231,2460870,501320,1257461,1867725,1802677,783422,790616,1865479,549992,1144787,728400,1147573,2091424,1618202,1847218,632083
635755,636287,Auto,0.0,1359606,0,2759498,470231,2460870,501320,1257461,1867725,1802677,783422,790616,1865479,549992,1144787,728400,1147573,2091424,1618202,1847218,632083
639756,640288,Auto,0.0,1359606,0,2759498,470231,2460870,501320,1257461,1867725,1802677,783422,790616,1865479,549992,1144787,728400,1147573,2091424,1618202,1847218,632083
640756,642096,Holy in White,77144.0,1359606,0,2759498,470231,2460870,501320,1257461,1867725,1802677,860566,790616,1865479,549992,1144787,728400,1147573,2091424,1618202,1847218,632083
641456,642436,Clawed Muse,108332.0,1359606,0,2759498,578563,2460870,501320,1257461,1867725,1802677,860566,790616,1865479,549992,1144787,728400,1147573,2091424,1618202,1847218,632083
642716,643248,Auto,0.0,1359606,0,2759498,578563,2460870,501320,1257461,1867725,1802677,860566,790616,1865479,549992,1144787,728400,1147573,2091424,1618202,1847218,632083
646256,646788,Auto,0.0,1359606,0,2759498,578563,2460870,501320,1257461,1867725,1802677,860566,790616,1865479,549992,1144787,728400,1147573,2091424,1618202,1847218,632083
649056,649806,Blizzard in Cyan,116324.0,1359606,0,2875822,578563,2460870,501320,1257461,1867725,1802677,860566,790616,1865479,549992,1144787,728400,1147573,2091424,1618202,1847218,632083
649556,650088,Auto,0.0,1359606,0,2875822,578563,2460870,501320,1257461,1867725,1802677,860566,790616,1865479,549992,1144787,728400,1147573,2091424,1618202,1847218,632083
652356,653156,Stone in Yellow,121790.0,1359606,0,2875822,578563,2460870,501320,1257461,1867725,1802677,860566,790616,1865479,549992,1144787,728400,1147573,2213214,1618202,1847218,632083
652856,653388,Auto,0.0,1359606,0,2875822,578563,2460870,501320,1257461,1867725,1802677,860566,790616,1865479,549992,1144787,728400,1147573,2213214,1618202,1847218,632083
654856,655836,Water in Blue,77092.0,1359606,0,2875822,578563,2460870,501320,1257461,1867725,1802677,860566,790616,1865479,549992,1144787,728400,1147573,2213214,1618202,1924310,632083
655816,656348,Auto,0.0,1359606,0,2875822,578563,2460870,501320,1257461,1867725,1802677,860566,790616,1865479,549992,1144787,728400,1147573,2213214,1618202,1924310,632083
657356,658196,Fire in Red,66293.0,1359606,0,2875822,578563,2460870,501320,1323754,1867725,1802677,860566,790616,1865479,549992,1144787,728400,1147573,2213214,1618202,1924310,632083
658776,659308,Auto,0.0,1359606,0,2875822,578563,2460870,501320,1323754,1867725,1802677,860566,790616,1865479,549992,1144787,728400,1147573,2213214,1618202,1924310,632083
659856,660746,Aero in Green,71692.0,1431298,0,2875822,578563,2460870,501320,1323754,1867725,1802677,860566,790616,1865479,549992,1144787,728400,1147573,2213214,1618202,1924310,632083
662356,663336,Water in Blue,77092.0,1431298,0,2875822,578563,2460870,501320,1323754,1867725,1802677,860566,790616,1865479,549992,1144787,728400,1147573,2213214,1618202,2001402,632083
662856,663388,Auto,0.0,1431298,0,2875822,578563,2460870,501320,1323754,1867725,1802677,860566,790616,1865479,549992,1144787,728400,1147573,2213214,1618202,2001402,632083
665656,666406,Blizzard in Cyan,116324.0,1431298,0,2992146,578563,2460870,501320,1323754,1867725,1802677,860566,790616,1865479,549992,1144787,728400,1147573,2213214,1618202,2001402,632083
666156,666688,Auto,0.0,1431298,0,2992146,578563,2460870,501320,1323754,1867725,1802677,860566,790616,1865479,549992,1144787,728400,1147573,2213214,1618202,2001402,632083
668956,669756,Stone in Yellow,121790.0,1431298,0,2992146,578563,2460870,501320,1323754,1867725,1802677,860566,790616,1865479,549992,1144787,728400,1147573,2335004,1618202,2001402,632083
669456,669988,Auto,0.0,1431298,0,2992146,578563,2460870,501320,1323754,1867725,1802677,860566,790616,1865479,549992,1144787,728400,1147573,2335004,1618202,2001402,632083
672256,673106,Thunder in Magenta,127189.0,1431298,0,2992146,578563,2460870,501320,1323754,1867725,1802677,860566,790616,1865479,549992,1144787,728400,1147573,2335004,1745391,2001402,632083
672756,673288,Auto,0.0,1431298,0,2992146,578563,2460870,501320,1323754,1867725,1802677,860566,790616,1865479,549992,1144787,728400,1147573,2335004,1745391,2001402,632083
673756,675136,Hammer Stamp,130479.0,1431298,0,2992146,578563,2460870,501320,1323754,1867725,1933156,860566,790616,1865479,549992,1144787,728400,1147573,2335004,1745391,2001402,632083
675716,676248,Auto,0.0,1431298,0,2992146,578563,2460870,501320,1323754,1867725,1933156,860566,790616,1865479,549992,1144787,728400,1147573,2335004,1745391,2001402,632083
676256,677506,Hammer Brush,135187.0,1431298,0,2992146,578563,2460870,501320,1323754,2002912,1933156,860566,790616,1865479,549992,1144787,728400,1147573,2335004,1745391,2001402,632083
678676,679208,Auto,0.0,1431298,0,2992146,578563,2460870,501320,1323754,2002912,1933156,860566,790616,1865479,549992,1144787,728400,1147573,2335004,1745391,2001402,632083
678756,680856,Polishing Hammer,139897.0,1431298,0,2992146,578563,2460870,501320,1323754,2002912,1933156,860566,790616,2005376,549992,1144787,728400,1147573,2335004,1745391,2001402,632083
681636,682168,Auto,0.0,1431298,0,2992146,578563,2460870,501320,1323754,2002912,1933156,860566,790616,2005376,549992,1144787,728400,1147573,2335004,1745391,2001402,632083
681256,683126,Comet in Black,127189.0,1431298,0,2992146,578563,2588059,501320,1323754,2002912,1933156,860566,790616,2005376,549992,1144787,728400,1147573,2335004,1745391,2001402,632083
686356,687106,Blizzard in Cyan,115966.0,1431298,0,3108112,578563,2588059,501320,1323754,2002912,1933156,860566,790616,2005376,549992,1144787,728400,1147573,2335004,1745391,2001402,632083
686856,687388,Auto,0.0,1431298,0,3108112,578563,2588059,501320,1323754,2002912,1933156,860566,790616,2005376,549992,1144787,728400,1147573,2335004,1745391,2001402,632083
689656,690456,Stone in Yellow,121415.0,1431298,0,3108112,578563,2588059,501320,1323754,2002912,1933156,860566,790616,2005376,549992,1144787,728400,1147573,2456419,1745391,2001402,632083
690156,690688,Auto,0.0,1431298,0,3108112,578563,2588059,501320,1323754,2002912,1933156,860566,790616,2005376,549992,1144787,728400,1147573,2456419,1745391,2001402,632083
692956,693806,Thunder in Magenta,126797.0,1431298,0,3108112,578563,2588059,501320,1323754,2002912,1933156,860566,790616,2005376,549992,1144787,728400,1147573,2456419,1872188,2001402,632083
693456,693988,Auto,0.0,1431298,0,3108112,578563,2588059,501320,1323754,2002912,1933156,860566,790616,2005376,549992,1144787,728400,1147573,2456419,1872188,2001402,632083
697456,697988,Auto,0.0,1431298,0,3108112,578563,2588059,501320,1323754,2002912,1933156,860566,790616,2005376,549992,1144787,728400,1147573,2456419,1872188,2001402,632083
698457,700327,Comet in Black,126797.0,1431298,0,3108112,578563,2714856,501320,1323754,2002912,1933156,860566,790616,2005376,549992,1144787,728400,1147573,2456419,1872188,2001402,632083
700416,700948,Auto,0.0,1431298,0,3108112,578563,2714856,501320,1323754,2002912,1933156,860566,790616,2005376,549992,1144787,728400,1147573,2456419,1872188,2001402,632083
702757,703597,Fire in Red,66089.0,1431298,0,3108112,578563,2714856,501320,1389843,2002912,1933156,860566,790616,2005376,549992,1144787,728400,1147573,2456419,1872188,2001402,632083
703376,703908,Auto,0.0,1431298,0,3108112,578563,2714856,501320,1389843,2002912,1933156,860566,790616,2005376,549992,1144787,728400,1147573,2456419,1872188,2001402,632083
705257,706147,Aero in Green,71472.0,1502770,0,3108112,578563,2714856,501320,1389843,2002912,1933156,860566,790616,2005376,549992,1144787,728400,1147573,2456419,1872188,2001402,632083
706336,706868,Auto,0.0,1502770,0,3108112,578563,2714856,501320,1389843,2002912,1933156,860566,790616,2005376,549992,1144787,728400,1147573,2456419,1872188,2001402,632083
707757,708737,Water in Blue,76854.0,1502770,0,3108112,578563,2714856,501320,1389843,2002912,1933156,860566,790616,2005376,549992,1144787,728400,1147573,2456419,1872188,2078256,632083
710257,711097,Fire in Red,66089.0,1502770,0,3108112,578563,2714856,501320,1455932,2002912,1933156,860566,790616,2005376,549992,1144787,728400,1147573,2456419,1872188,2078256,632083
710757,711289,Auto,0.0,1502770,0,3108112,578563,2714856,501320,1455932,2002912,1933156,860566,790616,2005376,549992,1144787,728400,1147573,2456419,1872188,2078256,632083
712757,713647,Aero in Green,71472.0,1574242,0,3108112,578563,2714856,501320,1455932,2002912,1933156,860566,790616,2005376,549992,1144787,728400,1147573,2456419,1872188,2078256,632083
713717,714249,Auto,0.0,1574242,0,3108112,578563,2714856,501320,1455932,2002912,1933156,860566,790616,2005376,549992,1144787,728400,1147573,2456419,1872188,2078256,632083
715257,716237,Water in Blue,76854.0,1574242,0,3108112,578563,2714856,501320,1455932,2002912,1933156,860566,790616,2005376,549992,1144787,728400,1147573,2456419,1872188,2155110,632083
716677,717209,Auto,0.0,1574242,0,3108112,578563,2714856,501320,1455932,2002912,1933156,860566,790616,2005376,549992,1144787,728400,1147573,2456419,1872188,2155110,632083
716757,718097,Holy in White,76854.0,1574242,0,3108112,578563,2714856,501320,1455932,2002912,1933156,937420,790616,2005376,549992,1144787,728400,1147573,2456419,1872188,2155110,632083
719637,720169,Auto,0.0,1574242,0,3108112,578563,2714856,501320,1455932,2002912,1933156,937420,790616,2005376,549992,1144787,728400,1147573,2456419,1872188,2155110,632083
719257,720597,Holy in White,76854.0,1574242,0,3108112,578563,2714856,501320,1455932,2002912,1933156,1014274,790616,2005376,549992,1144787,728400,1147573,2456419,1872188,2155110,632083
723557,724307,Blizzard in Cyan,125955.0,1574242,0,3234067,578563,2714856,501320,1455932,2002912,1933156,1014274,790616,2005376,549992,1144787,728400,1147573,2456419,1872188,2155110,632083
724057,724589,Auto,0.0,1574242,0,3234067,578563,2714856,501320,1455932,2002912,1933156,1014274,790616,2005376,549992,1144787,728400,1147573,2456419,1872188,2155110,632083
726857,727657,Stone in Yellow,149571.0,1574242,0,3234067,578563,2714856,501320,1455932,2002912,1933156,1014274,790616,2005376,549992,1144787,728400,1147573,2605990,1872188,2155110,632083
727357,727889,Auto,0.0,1574242,0,3234067,578563,2714856,501320,1455932,2002912,1933156,1014274,790616,2005376,549992,1144787,728400,1147573,2605990,1872188,2155110,632083
729577,730427,Thunder in Magenta,173855.0,1574242,0,3234067,578563,2714856,501320,1455932,2002912,1933156,1014274,790616,2005376,549992,1144787,728400,1147573,2605990,2046043,2155110,632083
730317,730849,Auto,0.0,1574242,0,3234067,578563,2714856,501320,1455932,2002912,1933156,1014274,790616,2005376,549992,1144787,728400,1147573,2605990,2046043,2155110,632083
730827,732697,Comet in Black,173855.0,1574242,0,3234067,578563,2888711,501320,1455932,2002912,1933156,1014274,790616,2005376,549992,1144787,728400,1147573,2605990,2046043,2155110,632083
733277,733809,Auto,0.0,1574242,0,3234067,578563,2888711,501320,1455932,2002912,1933156,1014274,790616,2005376,549992,1144787,728400,1147573,2605990,2046043,2155110,632083
734517,735267,Blizzard in Cyan,159002.0,1574242,0,3393069,578563,2888711,501320,1455932,2002912,1933156,1014274,790616,2005376,549992,1144787,728400,1147573,2605990,2046043,2155110,632083
736237,736769,Auto,0.0,1574242,0,3393069,578563,2888711,501320,1455932,2002912,1933156,1014274,790616,2005376,549992,1144787,728400,1147573,2605990,2046043,2155110,632083
735767,737017,Star Prism,203467.0,1574242,0,3393069,578563,2888711,501320,1455932,2002912,1933156,1014274,790616,2005376,549992,1144787,728400,1351040,2605990,2046043,2155110,632083
737637,739507,Comet in Black,173855.0,1574242,0,3393069,578563,3062566,501320,1455932,2002912,1933156,1014274,790616,2005376,549992,1144787,728400,1351040,2605990,2046043,2155110,632083
739197,739729,Auto,0.0,1574242,0,3393069,578563,3062566,501320,1455932,2002912,1933156,1014274,790616,2005376,549992,1144787,728400,1351040,2605990,2046043,2155110,632083
740107,741347,Rainbow Drip,184971.0,1574242,0,3393069,578563,3062566,501320,1455932,2002912,1933156,1014274,790616,2005376,549992,1329758,728400,1351040,2605990,2046043,2155110,632083
742157,742689,Auto,0.0,1574242,0,3393069,578563,3062566,501320,1455932,2002912,1933156,1014274,790616,2005376,549992,1329758,728400,1351040,2605990,2046043,2155110,632083
742607,743987,Hammer Stamp,180341.0,1574242,0,3393069,578563,3062566,501320,1455932,2002912,2113497,1014274,790616,2005376,549992,1329758,728400,1351040,2605990,2046043,2155110,632083
743307,744467,Fanged Muse,147975.0,1574242,0,3393069,578563,3062566,649295,1455932,2002912,2113497,1014274,790616,2005376,549992,1329758,728400,1351040,2605990,2046043,2155110,632083
745117,745649,Auto,0.0,1574242,0,3393069,578563,3062566,649295,1455932,2002912,2113497,1014274,790616,2005376,549992,1329758,728400,1351040,2605990,2046043,2155110,632083
745107,746357,Hammer Brush,186848.0,1574242,0,3393069,578563,3062566,649295,1455932,2189760,2113497,1014274,790616,2005376,549992,1329758,728400,1351040,2605990,2046043,2155110,632083
745807,747107,Retribution of the Madeen,203467.0,1574242,0,3393069,578563,3062566,649295,1455932,2189760,2113497,1014274,790616,2005376,549992,1329758,931867,1351040,2605990,2046043,2155110,632083
748077,748609,Auto,0.0,1574242,0,3393069,578563,3062566,649295,1455932,2189760,2113497,1014274,790616,2005376,549992,1329758,931867,1351040,2605990,2046043,2155110,632083
747607,749707,Polishing Hammer,159360.0,1574242,0,3393069,578563,3062566,649295,1455932,2189760,2113497,1014274,790616,2164736,549992,1329758,931867,1351040,2605990,2046043,2155110,632083
750107,751347,Rainbow Drip,146526.0,1574242,0,3393069,578563,3062566,649295,1455932,2189760,2113497,1014274,790616,2164736,549992,1476284,931867,1351040,2605990,2046043,2155110,632083
