sim_timestamp,sim_damage_timestamp,sim_name,sim_potency,sim_weight,Afflatus Misery,Assize,Auto,Dia,Dia (dot),Glare III,Glare IV
-170,1120,Dia,85,1.0,0,0,0,85,0,0,0
-170,1500,Dia (dot),85,1.0,0,0,0,85,85,0,0
1120,1652,Auto,90,1.0,0,0,90,85,85,0,0
-170,4500,Dia (dot),85,1.0,0,0,90,85,170,0,0
3220,4510,Glare III,350,1.0,0,0,90,85,170,350,0
4560,5092,Auto,90,1.0,0,0,180,85,170,350,0
5650,6940,Glare III,350,1.0,0,0,180,85,170,700,0
-170,7500,Dia (dot),85,1.0,0,0,180,85,255,700,0
8280,8812,Auto,90,1.0,0,0,270,85,255,700,0
8389,9059,Assize,400,1.0,0,400,270,85,255,700,0
7780,9070,Glare III,350,1.0,0,400,270,85,255,1050,0
9060,9640,Afflatus Misery,1400,1.0,1400,400,270,85,255,1050,0
-170,10500,Dia (dot),85,1.0,1400,400,270,85,340,1050,0
11030,11562,Auto,90,1.0,1400,400,360,85,340,1050,0
11000,11850,Glare IV,640,1.0,1400,400,360,85,340,1050,640
-170,13500,Dia (dot),85,1.0,1400,400,360,85,425,1050,640
12940,13790,Glare IV,640,1.0,1400,400,360,85,425,1050,1280
13780,14312,Auto,90,1.0,1400,400,450,85,425,1050,1280
14881,15731,Glare IV,640,1.0,1400,400,450,85,425,1050,1920
-170,16500,Dia (dot),85,1.0,1400,400,450,85,510,1050,1920
16530,17062,Auto,90,1.0,1400,400,540,85,510,1050,1920
17481,18771,Glare III,350,1.0,1400,400,540,85,510,1400,1920
-170,19500,Dia (dot),85,1.0,1400,400,540,85,595,1400,1920
19921,20453,Auto,90,1.0,1400,400,630,85,595,1400,1920
19421,20711,Glare III,350,1.0,1400,400,630,85,595,1750,1920
-170,22500,Dia (dot),85,1.0,1400,400,630,85,680,1750,1920
21361,22651,Glare III,350,1.0,1400,400,630,85,680,2100,1920
24101,24633,Auto,90,1.0,1400,400,720,85,680,2100,1920
23601,24891,Glare III,350,1.0,1400,400,720,85,680,2450,1920
-170,25500,Dia (dot),85,1.0,1400,400,720,85,765,2450,1920
25071,26361,Dia,85,1.0,1400,400,720,170,765,2450,1920
25071,28500,Dia (dot),85,1.0,1400,400,720,170,850,2450,1920
28961,29493,Auto,90,1.0,1400,400,810,170,850,2450,1920
28461,29751,Glare III,350,1.0,1400,400,810,170,850,2800,1920
25071,31500,Dia (dot),85,1.0,1400,400,810,170,935,2800,1920
32401,32933,Auto,90,1.0,1400,400,900,170,935,2800,1920
25071,34500,Dia (dot),85,1.0,1400,400,900,170,1020,2800,1920
35841,36373,Auto,90,1.0,1400,400,990,170,1020,2800,1920
25071,37500,Dia (dot),85,1.0,1400,400,990,170,1105,2800,1920
37221,37801,Afflatus Misery,1400,1.0,2800,400,990,170,1105,2800,1920
39281,39813,Auto,90,1.0,2800,400,1080,170,1105,2800,1920
25071,40500,Dia (dot),85,1.0,2800,400,1080,170,1190,2800,1920
40611,41901,Glare III,350,1.0,2800,400,1080,170,1190,3150,1920
25071,43500,Dia (dot),85,1.0,2800,400,1080,170,1275,3150,1920
43541,44073,Auto,90,1.0,2800,400,1170,170,1275,3150,1920
43041,44331,Glare III,350,1.0,2800,400,1170,170,1275,3500,1920
25071,46500,Dia (dot),85,1.0,2800,400,1170,170,1360,3500,1920
45471,46761,Glare III,350,1.0,2800,400,1170,170,1360,3850,1920
48401,48933,Auto,90,1.0,2800,400,1260,170,1360,3850,1920
48503,49173,Assize,400,1.0,2800,800,1260,170,1360,3850,1920
47901,49191,Glare III,350,1.0,2800,800,1260,170,1360,4200,1920
25071,49500,Dia (dot),85,1.0,2800,800,1260,170,1445,4200,1920
50331,51621,Glare III,350,1.0,2800,800,1260,170,1445,4550,1920
25071,52500,Dia (dot),85,1.0,2800,800,1260,170,1530,4550,1920
53261,53793,Auto,90,1.0,2800,800,1350,170,1530,4550,1920
52761,54051,Glare III,350,1.0,2800,800,1350,170,1530,4900,1920
25071,55500,Dia (dot),85,1.0,2800,800,1350,170,1615,4900,1920
54231,55521,Dia,85,1.0,2800,800,1350,255,1615,4900,1920
54231,58500,Dia (dot),85,1.0,2800,800,1350,255,1700,4900,1920
58122,58654,Auto,90,1.0,2800,800,1440,255,1700,4900,1920
57622,58912,Glare III,350,1.0,2800,800,1440,255,1700,5250,1920
60052,61342,Glare III,350,1.0,2800,800,1440,255,1700,5600,1920
54231,61500,Dia (dot),85,1.0,2800,800,1440,255,1785,5600,1920
62982,63514,Auto,90,1.0,2800,800,1530,255,1785,5600,1920
62482,63772,Glare III,350,1.0,2800,800,1530,255,1785,5950,1920
54231,64500,Dia (dot),85,1.0,2800,800,1530,255,1870,5950,1920
64912,66202,Glare III,350,1.0,2800,800,1530,255,1870,6300,1920
54231,67500,Dia (dot),85,1.0,2800,800,1530,255,1955,6300,1920
67842,68374,Auto,90,1.0,2800,800,1620,255,1955,6300,1920
67342,68632,Glare III,350,1.0,2800,800,1620,255,1955,6650,1920
54231,70500,Dia (dot),85,1.0,2800,800,1620,255,2040,6650,1920
69772,71062,Glare III,350,1.0,2800,800,1620,255,2040,7000,1920
72702,73234,Auto,90,1.0,2800,800,1710,255,2040,7000,1920
72202,73492,Glare III,350,1.0,2800,800,1710,255,2040,7350,1920
54231,73500,Dia (dot),85,1.0,2800,800,1710,255,2125,7350,1920
74632,75922,Glare III,350,1.0,2800,800,1710,255,2125,7700,1920
54231,76500,Dia (dot),85,1.0,2800,800,1710,255,2210,7700,1920
77562,78094,Auto,90,1.0,2800,800,1800,255,2210,7700,1920
77062,78352,Glare III,350,1.0,2800,800,1800,255,2210,8050,1920
54231,79500,Dia (dot),85,1.0,2800,800,1800,255,2295,8050,1920
79492,80782,Glare III,350,1.0,2800,800,1800,255,2295,8400,1920
54231,82500,Dia (dot),85,1.0,2800,800,1800,255,2380,8400,1920
82422,82954,Auto,90,1.0,2800,800,1890,255,2380,8400,1920
81922,83212,Glare III,350,1.0,2800,800,1890,255,2380,8750,1920
83392,84682,Dia,85,1.0,2800,800,1890,340,2380,8750,1920
83392,85500,Dia (dot),85,1.0,2800,800,1890,340,2465,8750,1920
87282,87814,Auto,90,1.0,2800,800,1980,340,2465,8750,1920
86782,88072,Glare III,350,1.0,2800,800,1980,340,2465,9100,1920
83392,88500,Dia (dot),85,1.0,2800,800,1980,340,2550,9100,1920
89814,90484,Assize,400,1.0,2800,1200,1980,340,2550,9100,1920
89212,90502,Glare III,350,1.0,2800,1200,1980,340,2550,9450,1920
90722,91254,Auto,90,1.0,2800,1200,2070,340,2550,9450,1920
83392,91500,Dia (dot),85,1.0,2800,1200,2070,340,2635,9450,1920
83392,94500,Dia (dot),85,1.0,2800,1200,2070,340,2720,9450,1920
94162,94694,Auto,90,1.0,2800,1200,2160,340,2720,9450,1920
83392,97500,Dia (dot),85,1.0,2800,1200,2160,340,2805,9450,1920
97602,98134,Auto,90,1.0,2800,1200,2250,340,2805,9450,1920
98932,100222,Glare III,350,1.0,2800,1200,2250,340,2805,9800,1920
83392,100500,Dia (dot),85,1.0,2800,1200,2250,340,2890,9800,1920
101862,102394,Auto,90,1.0,2800,1200,2340,340,2890,9800,1920
101362,102652,Glare III,350,1.0,2800,1200,2340,340,2890,10150,1920
83392,103500,Dia (dot),85,1.0,2800,1200,2340,340,2975,10150,1920
103792,105082,Glare III,350,1.0,2800,1200,2340,340,2975,10500,1920
83392,106500,Dia (dot),85,1.0,2800,1200,2340,340,3060,10500,1920
106722,107254,Auto,90,1.0,2800,1200,2430,340,3060,10500,1920
106222,107512,Glare III,350,1.0,2800,1200,2430,340,3060,10850,1920
83392,109500,Dia (dot),85,1.0,2800,1200,2430,340,3145,10850,1920
108652,109942,Glare III,350,1.0,2800,1200,2430,340,3145,11200,1920
111582,112114,Auto,90,1.0,2800,1200,2520,340,3145,11200,1920
111082,112372,Glare III,350,1.0,2800,1200,2520,340,3145,11550,1920
83392,112500,Dia (dot),85,1.0,2800,1200,2520,340,3230,11550,1920
113513,114803,Glare III,350,1.0,2800,1200,2520,340,3230,11900,1920
115022,115554,Auto,90,1.0,2800,1200,2610,340,3230,11900,1920
114983,116273,Dia,85,1.0,2800,1200,2610,425,3230,11900,1920
114983,118500,Dia (dot),85,1.0,2800,1200,2610,425,3315,11900,1920
118873,119405,Auto,90,1.0,2800,1200,2700,425,3315,11900,1920
118373,119663,Glare III,350,1.0,2800,1200,2700,425,3315,12250,1920
114983,121500,Dia (dot),85,1.0,2800,1200,2700,425,3400,12250,1920
120803,122093,Glare III,350,1.0,2800,1200,2700,425,3400,12600,1920
123733,124265,Auto,90,1.0,2800,1200,2790,425,3400,12600,1920
114983,124500,Dia (dot),85,1.0,2800,1200,2790,425,3485,12600,1920
123233,124523,Glare III,350,1.0,2800,1200,2790,425,3485,12950,1920
125663,126953,Glare III,350,1.0,2800,1200,2790,425,3485,13300,1920
114983,127500,Dia (dot),85,1.0,2800,1200,2790,425,3570,13300,1920
128293,128825,Auto,90,1.0,2800,1200,2880,425,3570,13300,1920
127793,129083,Glare III,350,1.0,2800,1200,2880,425,3570,13650,1920
129073,129653,Afflatus Misery,1400,1.0,4200,1200,2880,425,3570,13650,1920
129814,130484,Assize,400,1.0,4200,1600,2880,425,3570,13650,1920
114983,130500,Dia (dot),85,1.0,4200,1600,2880,425,3655,13650,1920
132173,132705,Auto,90,1.0,4200,1600,2970,425,3655,13650,1920
131673,132963,Glare III,350,1.0,4200,1600,2970,425,3655,14000,1920
114983,133500,Dia (dot),85,1.0,4200,1600,2970,425,3740,14000,1920
133613,134903,Glare III,350,1.0,4200,1600,2970,425,3740,14350,1920
134923,135455,Auto,90,1.0,4200,1600,3060,425,3740,14350,1920
134893,135743,Glare IV,640,1.0,4200,1600,3060,425,3740,14350,2560
114983,136500,Dia (dot),85,1.0,4200,1600,3060,425,3825,14350,2560
136833,137683,Glare IV,640,1.0,4200,1600,3060,425,3825,14350,3200
137673,138205,Auto,90,1.0,4200,1600,3150,425,3825,14350,3200
114983,139500,Dia (dot),85,1.0,4200,1600,3150,425,3910,14350,3200
138773,139623,Glare IV,640,1.0,4200,1600,3150,425,3910,14350,3840
140423,140955,Auto,90,1.0,4200,1600,3240,425,3910,14350,3840
114983,142500,Dia (dot),85,1.0,4200,1600,3240,425,3995,14350,3840
141373,142663,Glare III,350,1.0,4200,1600,3240,425,3995,14700,3840
144114,144646,Auto,90,1.0,4200,1600,3330,425,3995,14700,3840
143614,144904,Glare III,350,1.0,4200,1600,3330,425,3995,15050,3840
114983,145500,Dia (dot),85,1.0,4200,1600,3330,425,4080,15050,3840
145084,146374,Dia,85,1.0,4200,1600,3330,510,4080,15050,3840
145084,148500,Dia (dot),85,1.0,4200,1600,3330,510,4165,15050,3840
148974,149506,Auto,90,1.0,4200,1600,3420,510,4165,15050,3840
148474,149764,Glare III,350,1.0,4200,1600,3420,510,4165,15400,3840
145084,151500,Dia (dot),85,1.0,4200,1600,3420,510,4250,15400,3840
152414,152946,Auto,90,1.0,4200,1600,3510,510,4250,15400,3840
145084,154500,Dia (dot),85,1.0,4200,1600,3510,510,4335,15400,3840
155854,156386,Auto,90,1.0,4200,1600,3600,510,4335,15400,3840
145084,157500,Dia (dot),85,1.0,4200,1600,3600,510,4420,15400,3840
157234,157814,Afflatus Misery,1400,1.0,5600,1600,3600,510,4420,15400,3840
159294,159826,Auto,90,1.0,5600,1600,3690,510,4420,15400,3840
145084,160500,Dia (dot),85,1.0,5600,1600,3690,510,4505,15400,3840
160624,161914,Glare III,350,1.0,5600,1600,3690,510,4505,15750,3840
145084,163500,Dia (dot),85,1.0,5600,1600,3690,510,4590,15750,3840
163554,164086,Auto,90,1.0,5600,1600,3780,510,4590,15750,3840
163054,164344,Glare III,350,1.0,5600,1600,3780,510,4590,16100,3840
145084,166500,Dia (dot),85,1.0,5600,1600,3780,510,4675,16100,3840
165484,166774,Glare III,350,1.0,5600,1600,3780,510,4675,16450,3840
168414,168946,Auto,90,1.0,5600,1600,3870,510,4675,16450,3840
167914,169204,Glare III,350,1.0,5600,1600,3870,510,4675,16800,3840
145084,169500,Dia (dot),85,1.0,5600,1600,3870,510,4760,16800,3840
170946,171616,Assize,400,1.0,5600,2000,3870,510,4760,16800,3840
170344,171634,Glare III,350,1.0,5600,2000,3870,510,4760,17150,3840
145084,172500,Dia (dot),85,1.0,5600,2000,3870,510,4845,17150,3840
173274,173806,Auto,90,1.0,5600,2000,3960,510,4845,17150,3840
172774,174064,Glare III,350,1.0,5600,2000,3960,510,4845,17500,3840
145084,175500,Dia (dot),85,1.0,5600,2000,3960,510,4930,17500,3840
174244,175534,Dia,85,1.0,5600,2000,3960,595,4930,17500,3840
174244,178500,Dia (dot),85,1.0,5600,2000,3960,595,5015,17500,3840
178134,178666,Auto,90,1.0,5600,2000,4050,595,5015,17500,3840
177634,178924,Glare III,350,1.0,5600,2000,4050,595,5015,17850,3840
180064,181354,Glare III,350,1.0,5600,2000,4050,595,5015,18200,3840
174244,181500,Dia (dot),85,1.0,5600,2000,4050,595,5100,18200,3840
182994,183526,Auto,90,1.0,5600,2000,4140,595,5100,18200,3840
182494,183784,Glare III,350,1.0,5600,2000,4140,595,5100,18550,3840
174244,184500,Dia (dot),85,1.0,5600,2000,4140,595,5185,18550,3840
184924,186214,Glare III,350,1.0,5600,2000,4140,595,5185,18900,3840
174244,187500,Dia (dot),85,1.0,5600,2000,4140,595,5270,18900,3840
187854,188386,Auto,90,1.0,5600,2000,4230,595,5270,18900,3840
187354,188644,Glare III,350,1.0,5600,2000,4230,595,5270,19250,3840
174244,190500,Dia (dot),85,1.0,5600,2000,4230,595,5355,19250,3840
189784,191074,Glare III,350,1.0,5600,2000,4230,595,5355,19600,3840
192714,193246,Auto,90,1.0,5600,2000,4320,595,5355,19600,3840
174244,193500,Dia (dot),85,1.0,5600,2000,4320,595,5440,19600,3840
192214,193504,Glare III,350,1.0,5600,2000,4320,595,5440,19950,3840
174244,196500,Dia (dot),85,1.0,5600,2000,4320,595,5525,19950,3840
196154,196686,Auto,90,1.0,5600,2000,4410,595,5525,19950,3840
174244,199500,Dia (dot),85,1.0,5600,2000,4410,595,5610,19950,3840
200005,200537,Auto,90,1.0,5600,2000,4500,595,5610,19950,3840
199505,200795,Glare III,350,1.0,5600,2000,4500,595,5610,20300,3840
174244,202500,Dia (dot),85,1.0,5600,2000,4500,595,5695,20300,3840
201935,203225,Glare III,350,1.0,5600,2000,4500,595,5695,20650,3840
204865,205397,Auto,90,1.0,5600,2000,4590,595,5695,20650,3840
174244,205500,Dia (dot),85,1.0,5600,2000,4590,595,5780,20650,3840
204365,205655,Glare III,350,1.0,5600,2000,4590,595,5780,21000,3840
205835,207125,Dia,85,1.0,5600,2000,4590,680,5780,21000,3840
205835,208500,Dia (dot),85,1.0,5600,2000,4590,680,5865,21000,3840
209725,210257,Auto,90,1.0,5600,2000,4680,680,5865,21000,3840
209225,210515,Glare III,350,1.0,5600,2000,4680,680,5865,21350,3840
205835,211500,Dia (dot),85,1.0,5600,2000,4680,680,5950,21350,3840
212257,212927,Assize,400,1.0,5600,2400,4680,680,5950,21350,3840
211655,212945,Glare III,350,1.0,5600,2400,4680,680,5950,21700,3840
205835,214500,Dia (dot),85,1.0,5600,2400,4680,680,6035,21700,3840
214585,215117,Auto,90,1.0,5600,2400,4770,680,6035,21700,3840
214085,215375,Glare III,350,1.0,5600,2400,4770,680,6035,22050,3840
205835,217500,Dia (dot),85,1.0,5600,2400,4770,680,6120,22050,3840
216515,217805,Glare III,350,1.0,5600,2400,4770,680,6120,22400,3840
219445,219977,Auto,90,1.0,5600,2400,4860,680,6120,22400,3840
218945,220235,Glare III,350,1.0,5600,2400,4860,680,6120,22750,3840
205835,220500,Dia (dot),85,1.0,5600,2400,4860,680,6205,22750,3840
221375,222665,Glare III,350,1.0,5600,2400,4860,680,6205,23100,3840
222885,223417,Auto,90,1.0,5600,2400,4950,680,6205,23100,3840
205835,223500,Dia (dot),85,1.0,5600,2400,4950,680,6290,23100,3840
205835,226500,Dia (dot),85,1.0,5600,2400,4950,680,6375,23100,3840
226735,227267,Auto,90,1.0,5600,2400,5040,680,6375,23100,3840
226235,227525,Glare III,350,1.0,5600,2400,5040,680,6375,23450,3840
205835,229500,Dia (dot),85,1.0,5600,2400,5040,680,6460,23450,3840
228665,229955,Glare III,350,1.0,5600,2400,5040,680,6460,23800,3840
231595,232127,Auto,90,1.0,5600,2400,5130,680,6460,23800,3840
231095,232385,Glare III,350,1.0,5600,2400,5130,680,6460,24150,3840
205835,232500,Dia (dot),85,1.0,5600,2400,5130,680,6545,24150,3840
233525,234815,Glare III,350,1.0,5600,2400,5130,680,6545,24500,3840
205835,235500,Dia (dot),85,1.0,5600,2400,5130,680,6630,24500,3840
235035,235567,Auto,90,1.0,5600,2400,5220,680,6630,24500,3840
234995,236285,Dia,85,1.0,5600,2400,5220,765,6630,24500,3840
234995,238500,Dia (dot),85,1.0,5600,2400,5220,765,6715,24500,3840
238885,239417,Auto,90,1.0,5600,2400,5310,765,6715,24500,3840
238385,239675,Glare III,350,1.0,5600,2400,5310,765,6715,24850,3840
234995,241500,Dia (dot),85,1.0,5600,2400,5310,765,6800,24850,3840
240815,242105,Glare III,350,1.0,5600,2400,5310,765,6800,25200,3840
243745,244277,Auto,90,1.0,5600,2400,5400,765,6800,25200,3840
234995,244500,Dia (dot),85,1.0,5600,2400,5400,765,6885,25200,3840
243245,244535,Glare III,350,1.0,5600,2400,5400,765,6885,25550,3840
245675,246965,Glare III,350,1.0,5600,2400,5400,765,6885,25900,3840
234995,247500,Dia (dot),85,1.0,5600,2400,5400,765,6970,25900,3840
248305,248837,Auto,90,1.0,5600,2400,5490,765,6970,25900,3840
247805,249095,Glare III,350,1.0,5600,2400,5490,765,6970,26250,3840
249085,249935,Glare IV,640,1.0,5600,2400,5490,765,6970,26250,4480
234995,250500,Dia (dot),85,1.0,5600,2400,5490,765,7055,26250,4480
251055,251587,Auto,90,1.0,5600,2400,5580,765,7055,26250,4480
251026,251606,Afflatus Misery,1400,1.0,7000,2400,5580,765,7055,26250,4480
234995,253500,Dia (dot),85,1.0,7000,2400,5580,765,7140,26250,4480
252966,253816,Glare IV,640,1.0,7000,2400,5580,765,7140,26250,5120
253586,254256,Assize,400,1.0,7000,2800,5580,765,7140,26250,5120
253805,254337,Auto,90,1.0,7000,2800,5670,765,7140,26250,5120
254906,255756,Glare IV,640,1.0,7000,2800,5670,765,7140,26250,5760
234995,256500,Dia (dot),85,1.0,7000,2800,5670,765,7225,26250,5760
256555,257087,Auto,90,1.0,7000,2800,5760,765,7225,26250,5760
257506,258796,Glare III,350,1.0,7000,2800,5760,765,7225,26600,5760
234995,259500,Dia (dot),85,1.0,7000,2800,5760,765,7310,26600,5760
259946,260478,Auto,90,1.0,7000,2800,5850,765,7310,26600,5760
259446,260736,Glare III,350,1.0,7000,2800,5850,765,7310,26950,5760
234995,262500,Dia (dot),85,1.0,7000,2800,5850,765,7395,26950,5760
261386,262676,Glare III,350,1.0,7000,2800,5850,765,7395,27300,5760
264126,264658,Auto,90,1.0,7000,2800,5940,765,7395,27300,5760
263626,264916,Glare III,350,1.0,7000,2800,5940,765,7395,27650,5760
234995,265500,Dia (dot),85,1.0,7000,2800,5940,765,7480,27650,5760
265096,266386,Dia,85,1.0,7000,2800,5940,850,7480,27650,5760
265096,268500,Dia (dot),85,1.0,7000,2800,5940,850,7565,27650,5760
268986,269518,Auto,90,1.0,7000,2800,6030,850,7565,27650,5760
268486,269776,Glare III,350,1.0,7000,2800,6030,850,7565,28000,5760
265096,271500,Dia (dot),85,1.0,7000,2800,6030,850,7650,28000,5760
272426,272958,Auto,90,1.0,7000,2800,6120,850,7650,28000,5760
265096,274500,Dia (dot),85,1.0,7000,2800,6120,850,7735,28000,5760
275866,276398,Auto,90,1.0,7000,2800,6210,850,7735,28000,5760
265096,277500,Dia (dot),85,1.0,7000,2800,6210,850,7820,28000,5760
277246,277826,Afflatus Misery,1400,1.0,8400,2800,6210,850,7820,28000,5760
279306,279838,Auto,90,1.0,8400,2800,6300,850,7820,28000,5760
265096,280500,Dia (dot),85,1.0,8400,2800,6300,850,7905,28000,5760
280636,281926,Glare III,350,1.0,8400,2800,6300,850,7905,28350,5760
265096,283500,Dia (dot),85,1.0,8400,2800,6300,850,7990,28350,5760
283566,284098,Auto,90,1.0,8400,2800,6390,850,7990,28350,5760
283066,284356,Glare III,350,1.0,8400,2800,6390,850,7990,28700,5760
265096,286500,Dia (dot),85,1.0,8400,2800,6390,850,8075,28700,5760
285497,286787,Glare III,350,1.0,8400,2800,6390,850,8075,29050,5760
288427,288959,Auto,90,1.0,8400,2800,6480,850,8075,29050,5760
287927,289217,Glare III,350,1.0,8400,2800,6480,850,8075,29400,5760
265096,289500,Dia (dot),85,1.0,8400,2800,6480,850,8160,29400,5760
290357,291647,Glare III,350,1.0,8400,2800,6480,850,8160,29750,5760
265096,292500,Dia (dot),85,1.0,8400,2800,6480,850,8245,29750,5760
293287,293819,Auto,90,1.0,8400,2800,6570,850,8245,29750,5760
292787,294077,Glare III,350,1.0,8400,2800,6570,850,8245,30100,5760
265096,295500,Dia (dot),85,1.0,8400,2800,6570,850,8330,30100,5760
294877,295547,Assize,400,1.0,8400,3200,6570,850,8330,30100,5760
294257,295547,Dia,85,1.0,8400,3200,6570,935,8330,30100,5760
294257,298500,Dia (dot),85,1.0,8400,3200,6570,935,8415,30100,5760
298147,298679,Auto,90,1.0,8400,3200,6660,935,8415,30100,5760
297647,298937,Glare III,350,1.0,8400,3200,6660,935,8415,30450,5760
300077,301367,Glare III,350,1.0,8400,3200,6660,935,8415,30800,5760
294257,301500,Dia (dot),85,1.0,8400,3200,6660,935,8500,30800,5760
303007,303539,Auto,90,1.0,8400,3200,6750,935,8500,30800,5760
302507,303797,Glare III,350,1.0,8400,3200,6750,935,8500,31150,5760
294257,304500,Dia (dot),85,1.0,8400,3200,6750,935,8585,31150,5760
304937,306227,Glare III,350,1.0,8400,3200,6750,935,8585,31500,5760
294257,307500,Dia (dot),85,1.0,8400,3200,6750,935,8670,31500,5760
307867,308399,Auto,90,1.0,8400,3200,6840,935,8670,31500,5760
307367,308657,Glare III,350,1.0,8400,3200,6840,935,8670,31850,5760
294257,310500,Dia (dot),85,1.0,8400,3200,6840,935,8755,31850,5760
309797,311087,Glare III,350,1.0,8400,3200,6840,935,8755,32200,5760
312727,313259,Auto,90,1.0,8400,3200,6930,935,8755,32200,5760
294257,313500,Dia (dot),85,1.0,8400,3200,6930,935,8840,32200,5760
312227,313517,Glare III,350,1.0,8400,3200,6930,935,8840,32550,5760
314657,315947,Glare III,350,1.0,8400,3200,6930,935,8840,32900,5760
294257,316500,Dia (dot),85,1.0,8400,3200,6930,935,8925,32900,5760
317587,318119,Auto,90,1.0,8400,3200,7020,935,8925,32900,5760
317087,318377,Glare III,350,1.0,8400,3200,7020,935,8925,33250,5760
294257,319500,Dia (dot),85,1.0,8400,3200,7020,935,9010,33250,5760
319517,320807,Glare III,350,1.0,8400,3200,7020,935,9010,33600,5760
294257,322500,Dia (dot),85,1.0,8400,3200,7020,935,9095,33600,5760
322447,322979,Auto,90,1.0,8400,3200,7110,935,9095,33600,5760
321947,323237,Glare III,350,1.0,8400,3200,7110,935,9095,33950,5760
323417,324707,Dia,85,1.0,8400,3200,7110,1020,9095,33950,5760
323417,325500,Dia (dot),85,1.0,8400,3200,7110,1020,9180,33950,5760
327307,327839,Auto,90,1.0,8400,3200,7200,1020,9180,33950,5760
326807,328097,Glare III,350,1.0,8400,3200,7200,1020,9180,34300,5760
323417,328500,Dia (dot),85,1.0,8400,3200,7200,1020,9265,34300,5760
329237,330527,Glare III,350,1.0,8400,3200,7200,1020,9265,34650,5760
330747,331279,Auto,90,1.0,8400,3200,7290,1020,9265,34650,5760
323417,331500,Dia (dot),85,1.0,8400,3200,7290,1020,9350,34650,5760
323417,334500,Dia (dot),85,1.0,8400,3200,7290,1020,9435,34650,5760
334597,335129,Auto,90,1.0,8400,3200,7380,1020,9435,34650,5760
334097,335387,Glare III,350,1.0,8400,3200,7380,1020,9435,35000,5760
334877,335547,Assize,400,1.0,8400,3600,7380,1020,9435,35000,5760
323417,337500,Dia (dot),85,1.0,8400,3600,7380,1020,9520,35000,5760
336527,337817,Glare III,350,1.0,8400,3600,7380,1020,9520,35350,5760
339457,339989,Auto,90,1.0,8400,3600,7470,1020,9520,35350,5760
338957,340247,Glare III,350,1.0,8400,3600,7470,1020,9520,35700,5760
323417,340500,Dia (dot),85,1.0,8400,3600,7470,1020,9605,35700,5760
341388,342678,Glare III,350,1.0,8400,3600,7470,1020,9605,36050,5760
323417,343500,Dia (dot),85,1.0,8400,3600,7470,1020,9690,36050,5760
344318,344850,Auto,90,1.0,8400,3600,7560,1020,9690,36050,5760
343818,345108,Glare III,350,1.0,8400,3600,7560,1020,9690,36400,5760
323417,346500,Dia (dot),85,1.0,8400,3600,7560,1020,9775,36400,5760
346248,347538,Glare III,350,1.0,8400,3600,7560,1020,9775,36750,5760
323417,349500,Dia (dot),85,1.0,8400,3600,7560,1020,9860,36750,5760
349178,349710,Auto,90,1.0,8400,3600,7650,1020,9860,36750,5760
348678,349968,Glare III,350,1.0,8400,3600,7650,1020,9860,37100,5760
323417,352500,Dia (dot),85,1.0,8400,3600,7650,1020,9945,37100,5760
352618,353150,Auto,90,1.0,8400,3600,7740,1020,9945,37100,5760
355008,356298,Dia,85,1.0,8400,3600,7740,1105,9945,37100,5760
356058,356590,Auto,90,1.0,8400,3600,7830,1105,9945,37100,5760
355008,358500,Dia (dot),85,1.0,8400,3600,7830,1105,10030,37100,5760
358398,359688,Glare III,350,1.0,8400,3600,7830,1105,10030,37450,5760
359498,360030,Auto,90,1.0,8400,3600,7920,1105,10030,37450,5760
355008,361500,Dia (dot),85,1.0,8400,3600,7920,1105,10115,37450,5760
360828,362118,Glare III,350,1.0,8400,3600,7920,1105,10115,37800,5760
363758,364290,Auto,90,1.0,8400,3600,8010,1105,10115,37800,5760
355008,364500,Dia (dot),85,1.0,8400,3600,8010,1105,10200,37800,5760
363258,364548,Glare III,350,1.0,8400,3600,8010,1105,10200,38150,5760
365688,366978,Glare III,350,1.0,8400,3600,8010,1105,10200,38500,5760
355008,367500,Dia (dot),85,1.0,8400,3600,8010,1105,10285,38500,5760
368318,368850,Auto,90,1.0,8400,3600,8100,1105,10285,38500,5760
367818,369108,Glare III,350,1.0,8400,3600,8100,1105,10285,38850,5760
369098,369948,Glare IV,640,1.0,8400,3600,8100,1105,10285,38850,6400
355008,370500,Dia (dot),85,1.0,8400,3600,8100,1105,10370,38850,6400
371068,371600,Auto,90,1.0,8400,3600,8190,1105,10370,38850,6400
371038,371888,Glare IV,640,1.0,8400,3600,8190,1105,10370,38850,7040
355008,373500,Dia (dot),85,1.0,8400,3600,8190,1105,10455,38850,7040
372978,373828,Glare IV,640,1.0,8400,3600,8190,1105,10455,38850,7680
373818,374350,Auto,90,1.0,8400,3600,8280,1105,10455,38850,7680
374918,375498,Afflatus Misery,1400,1.0,9800,3600,8280,1105,10455,38850,7680
375538,376208,Assize,400,1.0,9800,4000,8280,1105,10455,38850,7680
355008,376500,Dia (dot),85,1.0,9800,4000,8280,1105,10540,38850,7680
376568,377100,Auto,90,1.0,9800,4000,8370,1105,10540,38850,7680
377518,378808,Glare III,350,1.0,9800,4000,8370,1105,10540,39200,7680
355008,379500,Dia (dot),85,1.0,9800,4000,8370,1105,10625,39200,7680
379959,380491,Auto,90,1.0,9800,4000,8460,1105,10625,39200,7680
379459,380749,Glare III,350,1.0,9800,4000,8460,1105,10625,39550,7680
355008,382500,Dia (dot),85,1.0,9800,4000,8460,1105,10710,39550,7680
381399,382689,Glare III,350,1.0,9800,4000,8460,1105,10710,39900,7680
382709,383241,Auto,90,1.0,9800,4000,8550,1105,10710,39900,7680
382679,383969,Dia,85,1.0,9800,4000,8550,1190,10710,39900,7680
382679,385500,Dia (dot),85,1.0,9800,4000,8550,1190,10795,39900,7680
386569,387101,Auto,90,1.0,9800,4000,8640,1190,10795,39900,7680
386069,387359,Glare III,350,1.0,9800,4000,8640,1190,10795,40250,7680
382679,388500,Dia (dot),85,1.0,9800,4000,8640,1190,10880,40250,7680
390009,390541,Auto,90,1.0,9800,4000,8730,1190,10880,40250,7680
382679,391500,Dia (dot),85,1.0,9800,4000,8730,1190,10965,40250,7680
393449,393981,Auto,90,1.0,9800,4000,8820,1190,10965,40250,7680
382679,394500,Dia (dot),85,1.0,9800,4000,8820,1190,11050,40250,7680
394829,395409,Afflatus Misery,1400,1.0,11200,4000,8820,1190,11050,40250,7680
396889,397421,Auto,90,1.0,11200,4000,8910,1190,11050,40250,7680
382679,397500,Dia (dot),85,1.0,11200,4000,8910,1190,11135,40250,7680
398219,399509,Glare III,350,1.0,11200,4000,8910,1190,11135,40600,7680
382679,400500,Dia (dot),85,1.0,11200,4000,8910,1190,11220,40600,7680
401149,401681,Auto,90,1.0,11200,4000,9000,1190,11220,40600,7680
400649,401939,Glare III,350,1.0,11200,4000,9000,1190,11220,40950,7680
382679,403500,Dia (dot),85,1.0,11200,4000,9000,1190,11305,40950,7680
403079,404369,Glare III,350,1.0,11200,4000,9000,1190,11305,41300,7680
382679,406500,Dia (dot),85,1.0,11200,4000,9000,1190,11390,41300,7680
406009,406541,Auto,90,1.0,11200,4000,9090,1190,11390,41300,7680
405509,406799,Glare III,350,1.0,11200,4000,9090,1190,11390,41650,7680
407939,409229,Glare III,350,1.0,11200,4000,9090,1190,11390,42000,7680
382679,409500,Dia (dot),85,1.0,11200,4000,9090,1190,11475,42000,7680
410869,411401,Auto,90,1.0,11200,4000,9180,1190,11475,42000,7680
410369,411659,Glare III,350,1.0,11200,4000,9180,1190,11475,42350,7680
382679,412500,Dia (dot),85,1.0,11200,4000,9180,1190,11560,42350,7680
412799,414089,Glare III,350,1.0,11200,4000,9180,1190,11560,42700,7680
414309,414841,Auto,90,1.0,11200,4000,9270,1190,11560,42700,7680
414269,415559,Dia,85,1.0,11200,4000,9270,1275,11560,42700,7680
415538,416208,Assize,400,1.0,11200,4400,9270,1275,11560,42700,7680
414269,418500,Dia (dot),85,1.0,11200,4400,9270,1275,11645,42700,7680
418159,418691,Auto,90,1.0,11200,4400,9360,1275,11645,42700,7680
417659,418949,Glare III,350,1.0,11200,4400,9360,1275,11645,43050,7680
420089,421379,Glare III,350,1.0,11200,4400,9360,1275,11645,43400,7680
414269,421500,Dia (dot),85,1.0,11200,4400,9360,1275,11730,43400,7680
423019,423551,Auto,90,1.0,11200,4400,9450,1275,11730,43400,7680
422519,423809,Glare III,350,1.0,11200,4400,9450,1275,11730,43750,7680
414269,424500,Dia (dot),85,1.0,11200,4400,9450,1275,11815,43750,7680
424949,426239,Glare III,350,1.0,11200,4400,9450,1275,11815,44100,7680
414269,427500,Dia (dot),85,1.0,11200,4400,9450,1275,11900,44100,7680
427880,428412,Auto,90,1.0,11200,4400,9540,1275,11900,44100,7680
427380,428670,Glare III,350,1.0,11200,4400,9540,1275,11900,44450,7680
414269,430500,Dia (dot),85,1.0,11200,4400,9540,1275,11985,44450,7680
429810,431100,Glare III,350,1.0,11200,4400,9540,1275,11985,44800,7680
432740,433272,Auto,90,1.0,11200,4400,9630,1275,11985,44800,7680
414269,433500,Dia (dot),85,1.0,11200,4400,9630,1275,12070,44800,7680
432240,433530,Glare III,350,1.0,11200,4400,9630,1275,12070,45150,7680
434670,435960,Glare III,350,1.0,11200,4400,9630,1275,12070,45500,7680
414269,436500,Dia (dot),85,1.0,11200,4400,9630,1275,12155,45500,7680
437600,438132,Auto,90,1.0,11200,4400,9720,1275,12155,45500,7680
437100,438390,Glare III,350,1.0,11200,4400,9720,1275,12155,45850,7680
414269,439500,Dia (dot),85,1.0,11200,4400,9720,1275,12240,45850,7680
439530,440820,Glare III,350,1.0,11200,4400,9720,1275,12240,46200,7680
414269,442500,Dia (dot),85,1.0,11200,4400,9720,1275,12325,46200,7680
442460,442992,Auto,90,1.0,11200,4400,9810,1275,12325,46200,7680
441960,443250,Glare III,350,1.0,11200,4400,9810,1275,12325,46550,7680
414269,445500,Dia (dot),85,1.0,11200,4400,9810,1275,12410,46550,7680
444390,445680,Glare III,350,1.0,11200,4400,9810,1275,12410,46900,7680
445900,446432,Auto,90,1.0,11200,4400,9900,1275,12410,46900,7680
445860,447150,Dia,85,1.0,11200,4400,9900,1360,12410,46900,7680
445860,448500,Dia (dot),85,1.0,11200,4400,9900,1360,12495,46900,7680
449340,449872,Auto,90,1.0,11200,4400,9990,1360,12495,46900,7680
445860,451500,Dia (dot),85,1.0,11200,4400,9990,1360,12580,46900,7680
452780,453312,Auto,90,1.0,11200,4400,10080,1360,12580,46900,7680
445860,454500,Dia (dot),85,1.0,11200,4400,10080,1360,12665,46900,7680
454110,455400,Glare III,350,1.0,11200,4400,10080,1360,12665,47250,7680
456220,456752,Auto,90,1.0,11200,4400,10170,1360,12665,47250,7680
456200,456870,Assize,400,1.0,11200,4800,10170,1360,12665,47250,7680
445860,457500,Dia (dot),85,1.0,11200,4800,10170,1360,12750,47250,7680
459660,460192,Auto,90,1.0,11200,4800,10260,1360,12750,47250,7680
458970,460260,Glare III,350,1.0,11200,4800,10260,1360,12750,47600,7680
445860,460500,Dia (dot),85,1.0,11200,4800,10260,1360,12835,47600,7680
461400,462690,Glare III,350,1.0,11200,4800,10260,1360,12835,47950,7680
445860,463500,Dia (dot),85,1.0,11200,4800,10260,1360,12920,47950,7680
464330,464862,Auto,90,1.0,11200,4800,10350,1360,12920,47950,7680
463830,465120,Glare III,350,1.0,11200,4800,10350,1360,12920,48300,7680
445860,466500,Dia (dot),85,1.0,11200,4800,10350,1360,13005,48300,7680
466260,467550,Glare III,350,1.0,11200,4800,10350,1360,13005,48650,7680
445860,469500,Dia (dot),85,1.0,11200,4800,10350,1360,13090,48650,7680
469190,469722,Auto,90,1.0,11200,4800,10440,1360,13090,48650,7680
468690,469980,Glare III,350,1.0,11200,4800,10440,1360,13090,49000,7680
471120,472410,Glare III,350,1.0,11200,4800,10440,1360,13090,49350,7680
445860,472500,Dia (dot),85,1.0,11200,4800,10440,1360,13175,49350,7680
474050,474582,Auto,90,1.0,11200,4800,10530,1360,13175,49350,7680
473550,474840,Glare III,350,1.0,11200,4800,10530,1360,13175,49700,7680
445860,475500,Dia (dot),85,1.0,11200,4800,10530,1360,13260,49700,7680
475020,476310,Dia,85,1.0,11200,4800,10530,1445,13260,49700,7680
475020,478500,Dia (dot),85,1.0,11200,4800,10530,1445,13345,49700,7680
478910,479442,Auto,90,1.0,11200,4800,10620,1445,13345,49700,7680
478410,479700,Glare III,350,1.0,11200,4800,10620,1445,13345,50050,7680
475020,481500,Dia (dot),85,1.0,11200,4800,10620,1445,13430,50050,7680
480840,482130,Glare III,350,1.0,11200,4800,10620,1445,13430,50400,7680
483770,484302,Auto,90,1.0,11200,4800,10710,1445,13430,50400,7680
475020,484500,Dia (dot),85,1.0,11200,4800,10710,1445,13515,50400,7680
483270,484560,Glare III,350,1.0,11200,4800,10710,1445,13515,50750,7680
485701,486991,Glare III,350,1.0,11200,4800,10710,1445,13515,51100,7680
475020,487500,Dia (dot),85,1.0,11200,4800,10710,1445,13600,51100,7680
488331,488863,Auto,90,1.0,11200,4800,10800,1445,13600,51100,7680
487831,489121,Glare III,350,1.0,11200,4800,10800,1445,13600,51450,7680
489111,489961,Glare IV,640,1.0,11200,4800,10800,1445,13600,51450,8320
475020,490500,Dia (dot),85,1.0,11200,4800,10800,1445,13685,51450,8320
491081,491613,Auto,90,1.0,11200,4800,10890,1445,13685,51450,8320
491051,491901,Glare IV,640,1.0,11200,4800,10890,1445,13685,51450,8960
475020,493500,Dia (dot),85,1.0,11200,4800,10890,1445,13770,51450,8960
492991,493841,Glare IV,640,1.0,11200,4800,10890,1445,13770,51450,9600
493831,494363,Auto,90,1.0,11200,4800,10980,1445,13770,51450,9600
475020,496500,Dia (dot),85,1.0,11200,4800,10980,1445,13855,51450,9600
496200,496870,Assize,400,1.0,11200,5200,10980,1445,13855,51450,9600
495591,496881,Glare III,350,1.0,11200,5200,10980,1445,13855,51800,9600
496581,497113,Auto,90,1.0,11200,5200,11070,1445,13855,51800,9600
496871,497451,Afflatus Misery,1400,1.0,12600,5200,11070,1445,13855,51800,9600
475020,499500,Dia (dot),85,1.0,12600,5200,11070,1445,13940,51800,9600
499971,500503,Auto,90,1.0,12600,5200,11160,1445,13940,51800,9600
499471,500761,Glare III,350,1.0,12600,5200,11160,1445,13940,52150,9600
475020,502500,Dia (dot),85,1.0,12600,5200,11160,1445,14025,52150,9600
501411,502701,Glare III,350,1.0,12600,5200,11160,1445,14025,52500,9600
504151,504683,Auto,90,1.0,12600,5200,11250,1445,14025,52500,9600
503651,504941,Glare III,350,1.0,12600,5200,11250,1445,14025,52850,9600
475020,505500,Dia (dot),85,1.0,12600,5200,11250,1445,14110,52850,9600
505121,506411,Dia,85,1.0,12600,5200,11250,1530,14110,52850,9600
505121,508500,Dia (dot),85,1.0,12600,5200,11250,1530,14195,52850,9600
509011,509543,Auto,90,1.0,12600,5200,11340,1530,14195,52850,9600
508511,509801,Glare III,350,1.0,12600,5200,11340,1530,14195,53200,9600
505121,511500,Dia (dot),85,1.0,12600,5200,11340,1530,14280,53200,9600
512451,512983,Auto,90,1.0,12600,5200,11430,1530,14280,53200,9600
505121,514500,Dia (dot),85,1.0,12600,5200,11430,1530,14365,53200,9600
515891,516423,Auto,90,1.0,12600,5200,11520,1530,14365,53200,9600
505121,517500,Dia (dot),85,1.0,12600,5200,11520,1530,14450,53200,9600
517272,517852,Afflatus Misery,1400,1.0,14000,5200,11520,1530,14450,53200,9600
519331,519863,Auto,90,1.0,14000,5200,11610,1530,14450,53200,9600
505121,520500,Dia (dot),85,1.0,14000,5200,11610,1530,14535,53200,9600
520662,521952,Glare III,350,1.0,14000,5200,11610,1530,14535,53550,9600
505121,523500,Dia (dot),85,1.0,14000,5200,11610,1530,14620,53550,9600
523591,524123,Auto,90,1.0,14000,5200,11700,1530,14620,53550,9600
523091,524381,Glare III,350,1.0,14000,5200,11700,1530,14620,53900,9600
505121,526500,Dia (dot),85,1.0,14000,5200,11700,1530,14705,53900,9600
525522,526812,Glare III,350,1.0,14000,5200,11700,1530,14705,54250,9600
528452,528984,Auto,90,1.0,14000,5200,11790,1530,14705,54250,9600
527952,529242,Glare III,350,1.0,14000,5200,11790,1530,14705,54600,9600
505121,529500,Dia (dot),85,1.0,14000,5200,11790,1530,14790,54600,9600
530382,531672,Glare III,350,1.0,14000,5200,11790,1530,14790,54950,9600
505121,532500,Dia (dot),85,1.0,14000,5200,11790,1530,14875,54950,9600
533312,533844,Auto,90,1.0,14000,5200,11880,1530,14875,54950,9600
532812,534102,Glare III,350,1.0,14000,5200,11880,1530,14875,55300,9600
505121,535500,Dia (dot),85,1.0,14000,5200,11880,1530,14960,55300,9600
535242,536532,Glare III,350,1.0,14000,5200,11880,1530,14960,55650,9600
536752,537284,Auto,90,1.0,14000,5200,11970,1530,14960,55650,9600
537332,538002,Assize,400,1.0,14000,5600,11970,1530,14960,55650,9600
536712,538002,Dia,85,1.0,14000,5600,11970,1615,14960,55650,9600
536712,538500,Dia (dot),85,1.0,14000,5600,11970,1615,15045,55650,9600
540602,541134,Auto,90,1.0,14000,5600,12060,1615,15045,55650,9600
540102,541392,Glare III,350,1.0,14000,5600,12060,1615,15045,56000,9600
536712,541500,Dia (dot),85,1.0,14000,5600,12060,1615,15130,56000,9600
542532,543822,Glare III,350,1.0,14000,5600,12060,1615,15130,56350,9600
536712,544500,Dia (dot),85,1.0,14000,5600,12060,1615,15215,56350,9600
545462,545994,Auto,90,1.0,14000,5600,12150,1615,15215,56350,9600
544962,546252,Glare III,350,1.0,14000,5600,12150,1615,15215,56700,9600
536712,547500,Dia (dot),85,1.0,14000,5600,12150,1615,15300,56700,9600
547392,548682,Glare III,350,1.0,14000,5600,12150,1615,15300,57050,9600
536712,550500,Dia (dot),85,1.0,14000,5600,12150,1615,15385,57050,9600
550322,550854,Auto,90,1.0,14000,5600,12240,1615,15385,57050,9600
549822,551112,Glare III,350,1.0,14000,5600,12240,1615,15385,57400,9600
536712,553500,Dia (dot),85,1.0,14000,5600,12240,1615,15470,57400,9600
552252,553542,Glare III,350,1.0,14000,5600,12240,1615,15470,57750,9600
555182,555714,Auto,90,1.0,14000,5600,12330,1615,15470,57750,9600
554682,555972,Glare III,350,1.0,14000,5600,12330,1615,15470,58100,9600
536712,556500,Dia (dot),85,1.0,14000,5600,12330,1615,15555,58100,9600
557112,558402,Glare III,350,1.0,14000,5600,12330,1615,15555,58450,9600
536712,559500,Dia (dot),85,1.0,14000,5600,12330,1615,15640,58450,9600
560042,560574,Auto,90,1.0,14000,5600,12420,1615,15640,58450,9600
559542,560832,Glare III,350,1.0,14000,5600,12420,1615,15640,58800,9600
536712,562500,Dia (dot),85,1.0,14000,5600,12420,1615,15725,58800,9600
561972,563262,Glare III,350,1.0,14000,5600,12420,1615,15725,59150,9600
564902,565434,Auto,90,1.0,14000,5600,12510,1615,15725,59150,9600
536712,565500,Dia (dot),85,1.0,14000,5600,12510,1615,15810,59150,9600
564402,565692,Glare III,350,1.0,14000,5600,12510,1615,15810,59500,9600
565872,567162,Dia,85,1.0,14000,5600,12510,1700,15810,59500,9600
565872,568500,Dia (dot),85,1.0,14000,5600,12510,1700,15895,59500,9600
569762,570294,Auto,90,1.0,14000,5600,12600,1700,15895,59500,9600
569262,570552,Glare III,350,1.0,14000,5600,12600,1700,15895,59850,9600
565872,571500,Dia (dot),85,1.0,14000,5600,12600,1700,15980,59850,9600
573202,573734,Auto,90,1.0,14000,5600,12690,1700,15980,59850,9600
565872,574500,Dia (dot),85,1.0,14000,5600,12690,1700,16065,59850,9600
576642,577174,Auto,90,1.0,14000,5600,12780,1700,16065,59850,9600
565872,577500,Dia (dot),85,1.0,14000,5600,12780,1700,16150,59850,9600
577332,578002,Assize,400,1.0,14000,6000,12780,1700,16150,59850,9600
578983,580273,Glare III,350,1.0,14000,6000,12780,1700,16150,60200,9600
565872,580500,Dia (dot),85,1.0,14000,6000,12780,1700,16235,60200,9600
580082,580614,Auto,90,1.0,14000,6000,12870,1700,16235,60200,9600
581413,582703,Glare III,350,1.0,14000,6000,12870,1700,16235,60550,9600
565872,583500,Dia (dot),85,1.0,14000,6000,12870,1700,16320,60550,9600
584343,584875,Auto,90,1.0,14000,6000,12960,1700,16320,60550,9600
583843,585133,Glare III,350,1.0,14000,6000,12960,1700,16320,60900,9600
565872,586500,Dia (dot),85,1.0,14000,6000,12960,1700,16405,60900,9600
586273,587563,Glare III,350,1.0,14000,6000,12960,1700,16405,61250,9600
565872,589500,Dia (dot),85,1.0,14000,6000,12960,1700,16490,61250,9600
589203,589735,Auto,90,1.0,14000,6000,13050,1700,16490,61250,9600
588703,589993,Glare III,350,1.0,14000,6000,13050,1700,16490,61600,9600
591133,592423,Glare III,350,1.0,14000,6000,13050,1700,16490,61950,9600
565872,592500,Dia (dot),85,1.0,14000,6000,13050,1700,16575,61950,9600
594063,594595,Auto,90,1.0,14000,6000,13140,1700,16575,61950,9600
593563,594853,Glare III,350,1.0,14000,6000,13140,1700,16575,62300,9600
565872,595500,Dia (dot),85,1.0,14000,6000,13140,1700,16660,62300,9600
595033,596323,Dia,85,1.0,14000,6000,13140,1785,16660,62300,9600
595033,598500,Dia (dot),85,1.0,14000,6000,13140,1785,16745,62300,9600
598923,599455,Auto,90,1.0,14000,6000,13230,1785,16745,62300,9600
598423,599713,Glare III,350,1.0,14000,6000,13230,1785,16745,62650,9600
595033,601500,Dia (dot),85,1.0,14000,6000,13230,1785,16830,62650,9600
600853,602143,Glare III,350,1.0,14000,6000,13230,1785,16830,63000,9600
603783,604315,Auto,90,1.0,14000,6000,13320,1785,16830,63000,9600
595033,604500,Dia (dot),85,1.0,14000,6000,13320,1785,16915,63000,9600
603283,604573,Glare III,350,1.0,14000,6000,13320,1785,16915,63350,9600
605713,607003,Glare III,350,1.0,14000,6000,13320,1785,16915,63700,9600
595033,607500,Dia (dot),85,1.0,14000,6000,13320,1785,17000,63700,9600
608343,608875,Auto,90,1.0,14000,6000,13410,1785,17000,63700,9600
607843,609133,Glare III,350,1.0,14000,6000,13410,1785,17000,64050,9600
609123,609973,Glare IV,640,1.0,14000,6000,13410,1785,17000,64050,10240
595033,610500,Dia (dot),85,1.0,14000,6000,13410,1785,17085,64050,10240
611093,611625,Auto,90,1.0,14000,6000,13500,1785,17085,64050,10240
611063,611913,Glare IV,640,1.0,14000,6000,13500,1785,17085,64050,10880
595033,613500,Dia (dot),85,1.0,14000,6000,13500,1785,17170,64050,10880
613003,613853,Glare IV,640,1.0,14000,6000,13500,1785,17170,64050,11520
613843,614375,Auto,90,1.0,14000,6000,13590,1785,17170,64050,11520
595033,616500,Dia (dot),85,1.0,14000,6000,13590,1785,17255,64050,11520
615604,616894,Glare III,350,1.0,14000,6000,13590,1785,17255,64400,11520
616593,617125,Auto,90,1.0,14000,6000,13680,1785,17255,64400,11520
616884,617464,Afflatus Misery,1400,1.0,15400,6000,13680,1785,17255,64400,11520
617504,618174,Assize,400,1.0,15400,6400,13680,1785,17255,64400,11520
595033,619500,Dia (dot),85,1.0,15400,6400,13680,1785,17340,64400,11520
619984,620516,Auto,90,1.0,15400,6400,13770,1785,17340,64400,11520
619484,620774,Glare III,350,1.0,15400,6400,13770,1785,17340,64750,11520
595033,622500,Dia (dot),85,1.0,15400,6400,13770,1785,17425,64750,11520
621424,622714,Glare III,350,1.0,15400,6400,13770,1785,17425,65100,11520
624164,624696,Auto,90,1.0,15400,6400,13860,1785,17425,65100,11520
623664,624954,Glare III,350,1.0,15400,6400,13860,1785,17425,65450,11520
595033,625500,Dia (dot),85,1.0,15400,6400,13860,1785,17510,65450,11520
625134,626424,Dia,85,1.0,15400,6400,13860,1870,17510,65450,11520
625134,628500,Dia (dot),85,1.0,15400,6400,13860,1870,17595,65450,11520
629024,629556,Auto,90,1.0,15400,6400,13950,1870,17595,65450,11520
628524,629814,Glare III,350,1.0,15400,6400,13950,1870,17595,65800,11520
625134,631500,Dia (dot),85,1.0,15400,6400,13950,1870,17680,65800,11520
630954,632244,Glare III,350,1.0,15400,6400,13950,1870,17680,66150,11520
633884,634416,Auto,90,1.0,15400,6400,14040,1870,17680,66150,11520
625134,634500,Dia (dot),85,1.0,15400,6400,14040,1870,17765,66150,11520
633384,634674,Glare III,350,1.0,15400,6400,14040,1870,17765,66500,11520
635814,637104,Glare III,350,1.0,15400,6400,14040,1870,17765,66850,11520
625134,637500,Dia (dot),85,1.0,15400,6400,14040,1870,17850,66850,11520
638744,639276,Auto,90,1.0,15400,6400,14130,1870,17850,66850,11520
638244,639534,Glare III,350,1.0,15400,6400,14130,1870,17850,67200,11520
625134,640500,Dia (dot),85,1.0,15400,6400,14130,1870,17935,67200,11520
640674,641964,Glare III,350,1.0,15400,6400,14130,1870,17935,67550,11520
625134,643500,Dia (dot),85,1.0,15400,6400,14130,1870,18020,67550,11520
643604,644136,Auto,90,1.0,15400,6400,14220,1870,18020,67550,11520
643104,644394,Glare III,350,1.0,15400,6400,14220,1870,18020,67900,11520
625134,646500,Dia (dot),85,1.0,15400,6400,14220,1870,18105,67900,11520
645534,646824,Glare III,350,1.0,15400,6400,14220,1870,18105,68250,11520
648464,648996,Auto,90,1.0,15400,6400,14310,1870,18105,68250,11520
647964,649254,Glare III,350,1.0,15400,6400,14310,1870,18105,68600,11520
625134,649500,Dia (dot),85,1.0,15400,6400,14310,1870,18190,68600,11520
650394,651684,Glare III,350,1.0,15400,6400,14310,1870,18190,68950,11520
651904,652436,Auto,90,1.0,15400,6400,14400,1870,18190,68950,11520
625134,652500,Dia (dot),85,1.0,15400,6400,14400,1870,18275,68950,11520
625134,655500,Dia (dot),85,1.0,15400,6400,14400,1870,18360,68950,11520
655344,655876,Auto,90,1.0,15400,6400,14490,1870,18360,68950,11520
656725,658015,Dia,85,1.0,15400,6400,14490,1955,18360,68950,11520
657504,658174,Assize,400,1.0,15400,6800,14490,1955,18360,68950,11520
656725,658500,Dia (dot),85,1.0,15400,6800,14490,1955,18445,68950,11520
658784,659316,Auto,90,1.0,15400,6800,14580,1955,18445,68950,11520
656725,661500,Dia (dot),85,1.0,15400,6800,14580,1955,18530,68950,11520
661585,662165,Afflatus Misery,1400,1.0,16800,6800,14580,1955,18530,68950,11520
662224,662756,Auto,90,1.0,16800,6800,14670,1955,18530,68950,11520
656725,664500,Dia (dot),85,1.0,16800,6800,14670,1955,18615,68950,11520
665664,666196,Auto,90,1.0,16800,6800,14760,1955,18615,68950,11520
664975,666265,Glare III,350,1.0,16800,6800,14760,1955,18615,69300,11520
656725,667500,Dia (dot),85,1.0,16800,6800,14760,1955,18700,69300,11520
667405,668695,Glare III,350,1.0,16800,6800,14760,1955,18700,69650,11520
656725,670500,Dia (dot),85,1.0,16800,6800,14760,1955,18785,69650,11520
670335,670867,Auto,90,1.0,16800,6800,14850,1955,18785,69650,11520
669835,671125,Glare III,350,1.0,16800,6800,14850,1955,18785,70000,11520
656725,673500,Dia (dot),85,1.0,16800,6800,14850,1955,18870,70000,11520
672265,673555,Glare III,350,1.0,16800,6800,14850,1955,18870,70350,11520
675195,675727,Auto,90,1.0,16800,6800,14940,1955,18870,70350,11520
674695,675985,Glare III,350,1.0,16800,6800,14940,1955,18870,70700,11520
656725,676500,Dia (dot),85,1.0,16800,6800,14940,1955,18955,70700,11520
677125,678415,Glare III,350,1.0,16800,6800,14940,1955,18955,71050,11520
656725,679500,Dia (dot),85,1.0,16800,6800,14940,1955,19040,71050,11520
680055,680587,Auto,90,1.0,16800,6800,15030,1955,19040,71050,11520
679555,680845,Glare III,350,1.0,16800,6800,15030,1955,19040,71400,11520
656725,682500,Dia (dot),85,1.0,16800,6800,15030,1955,19125,71400,11520
681985,683275,Glare III,350,1.0,16800,6800,15030,1955,19125,71750,11520
684915,685447,Auto,90,1.0,16800,6800,15120,1955,19125,71750,11520
656725,685500,Dia (dot),85,1.0,16800,6800,15120,1955,19210,71750,11520
684415,685705,Glare III,350,1.0,16800,6800,15120,1955,19210,72100,11520
685885,687175,Dia,85,1.0,16800,6800,15120,2040,19210,72100,11520
685885,688500,Dia (dot),85,1.0,16800,6800,15120,2040,19295,72100,11520
689775,690307,Auto,90,1.0,16800,6800,15210,2040,19295,72100,11520
689275,690565,Glare III,350,1.0,16800,6800,15210,2040,19295,72450,11520
685885,691500,Dia (dot),85,1.0,16800,6800,15210,2040,19380,72450,11520
691705,692995,Glare III,350,1.0,16800,6800,15210,2040,19380,72800,11520
685885,694500,Dia (dot),85,1.0,16800,6800,15210,2040,19465,72800,11520
694635,695167,Auto,90,1.0,16800,6800,15300,2040,19465,72800,11520
694135,695425,Glare III,350,1.0,16800,6800,15300,2040,19465,73150,11520
685885,697500,Dia (dot),85,1.0,16800,6800,15300,2040,19550,73150,11520
696565,697855,Glare III,350,1.0,16800,6800,15300,2040,19550,73500,11520
699495,700027,Auto,90,1.0,16800,6800,15390,2040,19550,73500,11520
699597,700267,Assize,400,1.0,16800,7200,15390,2040,19550,73500,11520
698995,700285,Glare III,350,1.0,16800,7200,15390,2040,19550,73850,11520
685885,700500,Dia (dot),85,1.0,16800,7200,15390,2040,19635,73850,11520
701425,702715,Glare III,350,1.0,16800,7200,15390,2040,19635,74200,11520
685885,703500,Dia (dot),85,1.0,16800,7200,15390,2040,19720,74200,11520
704355,704887,Auto,90,1.0,16800,7200,15480,2040,19720,74200,11520
703855,705145,Glare III,350,1.0,16800,7200,15480,2040,19720,74550,11520
685885,706500,Dia (dot),85,1.0,16800,7200,15480,2040,19805,74550,11520
707795,708327,Auto,90,1.0,16800,7200,15570,2040,19805,74550,11520
685885,709500,Dia (dot),85,1.0,16800,7200,15570,2040,19890,74550,11520
711645,712177,Auto,90,1.0,16800,7200,15660,2040,19890,74550,11520
711145,712435,Glare III,350,1.0,16800,7200,15660,2040,19890,74900,11520
685885,712500,Dia (dot),85,1.0,16800,7200,15660,2040,19975,74900,11520
685885,715500,Dia (dot),85,1.0,16800,7200,15660,2040,20060,74900,11520
716506,717038,Auto,90,1.0,16800,7200,15750,2040,20060,74900,11520
716006,717296,Glare III,350,1.0,16800,7200,15750,2040,20060,75250,11520
717476,718766,Dia,85,1.0,16800,7200,15750,2125,20060,75250,11520
717476,721500,Dia (dot),85,1.0,16800,7200,15750,2125,20145,75250,11520
721366,721898,Auto,90,1.0,16800,7200,15840,2125,20145,75250,11520
720866,722156,Glare III,350,1.0,16800,7200,15840,2125,20145,75600,11520
717476,724500,Dia (dot),85,1.0,16800,7200,15840,2125,20230,75600,11520
723296,724586,Glare III,350,1.0,16800,7200,15840,2125,20230,75950,11520
726226,726758,Auto,90,1.0,16800,7200,15930,2125,20230,75950,11520
725726,727016,Glare III,350,1.0,16800,7200,15930,2125,20230,76300,11520
717476,727500,Dia (dot),85,1.0,16800,7200,15930,2125,20315,76300,11520
727856,729146,Glare III,350,1.0,16800,7200,15930,2125,20315,76650,11520
729136,729986,Glare IV,640,1.0,16800,7200,15930,2125,20315,76650,12160
729666,730198,Auto,90,1.0,16800,7200,16020,2125,20315,76650,12160
717476,730500,Dia (dot),85,1.0,16800,7200,16020,2125,20400,76650,12160
731076,731926,Glare IV,640,1.0,16800,7200,16020,2125,20400,76650,12800
732416,732948,Auto,90,1.0,16800,7200,16110,2125,20400,76650,12800
717476,733500,Dia (dot),85,1.0,16800,7200,16110,2125,20485,76650,12800
733016,733866,Glare IV,640,1.0,16800,7200,16110,2125,20485,76650,13440
717476,736500,Dia (dot),85,1.0,16800,7200,16110,2125,20570,76650,13440
736116,736648,Auto,90,1.0,16800,7200,16200,2125,20570,76650,13440
735616,736906,Glare III,350,1.0,16800,7200,16200,2125,20570,77000,13440
737556,738846,Glare III,350,1.0,16800,7200,16200,2125,20570,77350,13440
717476,739500,Dia (dot),85,1.0,16800,7200,16200,2125,20655,77350,13440
739996,740528,Auto,90,1.0,16800,7200,16290,2125,20655,77350,13440
740105,740775,Assize,400,1.0,16800,7600,16290,2125,20655,77350,13440
739496,740786,Glare III,350,1.0,16800,7600,16290,2125,20655,77700,13440
717476,742500,Dia (dot),85,1.0,16800,7600,16290,2125,20740,77700,13440
741436,742726,Glare III,350,1.0,16800,7600,16290,2125,20740,78050,13440
744177,744709,Auto,90,1.0,16800,7600,16380,2125,20740,78050,13440
743677,744967,Glare III,350,1.0,16800,7600,16380,2125,20740,78400,13440
717476,745500,Dia (dot),85,1.0,16800,7600,16380,2125,20825,78400,13440
745147,745727,Afflatus Misery,1400,1.0,18200,7600,16380,2125,20825,78400,13440
717476,748500,Dia (dot),85,1.0,18200,7600,16380,2125,20910,78400,13440
749037,749569,Auto,90,1.0,18200,7600,16470,2125,20910,78400,13440
748537,749827,Glare III,350,1.0,18200,7600,16470,2125,20910,78750,13440
750007,751297,Glare III,350,1.0,18200,7600,16470,2125,20910,79100,13440
