sim_timestamp,sim_damage_timestamp,sim_name,sim_potency,sim_weight,Auto,Communio,Cross Reaping,Executioner's Gallows,Executioner's Gibbet,Gallows,Gibbet,Gluttony,Harpe,Harvest Moon,Infernal Slice,Lemure's Slice,Perfectio,Plentiful Harvest,Sacrificium,Shadow of Death,Slice,Soul Slice,Unveiled Gallows,Unveiled Gibbet,Void Reaping,Waxing Slice
-900,-10,Harpe,300,1.0,0,0,0,0,0,0,0,0,300,0,0,0,0,0,0,0,0,0,0,0,0,0
-10,522,Auto,90,1.0,90,0,0,0,0,0,0,0,300,0,0,0,0,0,0,0,0,0,0,0,0,0
801,1961,Shadow of Death,300,1.0,90,0,0,0,0,0,0,0,300,0,0,0,0,0,0,300,0,0,0,0,0,0
3190,3722,Auto,90,1.0,180,0,0,0,0,0,0,0,300,0,0,0,0,0,0,300,0,0,0,0,0,0
3291,4321,Soul Slice,520,1.0,180,0,0,0,0,0,0,0,300,0,0,0,0,0,0,300,0,520,0,0,0,0
5131,6201,Gluttony,560,1.0,180,0,0,0,0,0,0,560,300,0,0,0,0,0,0,300,0,520,0,0,0,0
5781,6401,Executioner's Gibbet,760,1.0,180,0,0,0,760,0,0,560,300,0,0,0,0,0,0,300,0,520,0,0,0,0
6390,6922,Auto,90,1.0,270,0,0,0,760,0,0,560,300,0,0,0,0,0,0,300,0,520,0,0,0,0
9590,10122,Auto,90,1.0,360,0,0,0,760,0,0,560,300,0,0,0,0,0,0,300,0,520,0,0,0,0
8272,10412,Executioner's Gallows,820,1.0,360,0,0,820,760,0,0,560,300,0,0,0,0,0,0,300,0,520,0,0,0,0
10762,11792,Soul Slice,520,1.0,360,0,0,820,760,0,0,560,300,0,0,0,0,0,0,300,0,1040,0,0,0,0
12790,13322,Auto,90,1.0,450,0,0,820,760,0,0,560,300,0,0,0,0,0,0,300,0,1040,0,0,0,0
13253,14413,Plentiful Harvest,1000,1.0,450,0,0,820,760,0,0,560,300,0,0,0,0,1000,0,300,0,1040,0,0,0,0
15743,16283,Void Reaping,580,1.0,450,0,0,820,760,0,0,560,300,0,0,0,0,1000,0,300,0,1040,0,0,580,0
15990,16522,Auto,90,1.0,540,0,0,820,760,0,0,560,300,0,0,0,0,1000,0,300,0,1040,0,0,580,0
16363,17123,Sacrificium,700,1.0,540,0,0,820,760,0,0,560,300,0,0,0,0,1000,700,300,0,1040,0,0,580,0
17244,17864,Cross Reaping,640,1.0,540,0,640,820,760,0,0,560,300,0,0,0,0,1000,700,300,0,1040,0,0,580,0
17864,18574,Lemure's Slice,280,1.0,540,0,640,820,760,0,0,560,300,0,0,280,0,1000,700,300,0,1040,0,0,580,0
18744,19284,Void Reaping,640,1.0,540,0,640,820,760,0,0,560,300,0,0,280,0,1000,700,300,0,1040,0,0,1220,0
19190,19722,Auto,90,1.0,630,0,640,820,760,0,0,560,300,0,0,280,0,1000,700,300,0,1040,0,0,1220,0
20245,20865,Cross Reaping,640,1.0,630,0,1280,820,760,0,0,560,300,0,0,280,0,1000,700,300,0,1040,0,0,1220,0
20865,21575,Lemure's Slice,280,1.0,630,0,1280,820,760,0,0,560,300,0,0,560,0,1000,700,300,0,1040,0,0,1220,0
22545,23165,Communio,1100,1.0,630,1100,1280,820,760,0,0,560,300,0,0,560,0,1000,700,300,0,1040,0,0,1220,0
23045,23577,Auto,90,1.0,720,1100,1280,820,760,0,0,560,300,0,0,560,0,1000,700,300,0,1040,0,0,1220,0
24866,25406,Unveiled Gibbet,440,1.0,720,1100,1280,820,760,0,0,560,300,0,0,560,0,1000,700,300,0,1040,0,440,1220,0
24246,25536,Perfectio,1300,1.0,720,1100,1280,820,760,0,0,560,300,0,0,560,1300,1000,700,300,0,1040,0,440,1220,0
26245,26777,Auto,90,1.0,810,1100,1280,820,760,0,0,560,300,0,0,560,1300,1000,700,300,0,1040,0,440,1220,0
26736,27226,Gibbet,620,1.0,810,1100,1280,820,760,0,620,560,300,0,0,560,1300,1000,700,300,0,1040,0,440,1220,0
29445,29977,Auto,90,1.0,900,1100,1280,820,760,0,620,560,300,0,0,560,1300,1000,700,300,0,1040,0,440,1220,0
29227,30387,Shadow of Death,300,1.0,900,1100,1280,820,760,0,620,560,300,0,0,560,1300,1000,700,600,0,1040,0,440,1220,0
31717,32207,Slice,420,1.0,900,1100,1280,820,760,0,620,560,300,0,0,560,1300,1000,700,600,420,1040,0,440,1220,0
32645,33177,Auto,90,1.0,990,1100,1280,820,760,0,620,560,300,0,0,560,1300,1000,700,600,420,1040,0,440,1220,0
34208,34788,Waxing Slice,500,1.0,990,1100,1280,820,760,0,620,560,300,0,0,560,1300,1000,700,600,420,1040,0,440,1220,500
35845,36377,Auto,90,1.0,1080,1100,1280,820,760,0,620,560,300,0,0,560,1300,1000,700,600,420,1040,0,440,1220,500
36698,37728,Soul Slice,520,1.0,1080,1100,1280,820,760,0,620,560,300,0,0,560,1300,1000,700,600,420,1560,0,440,1220,500
37318,37858,Unveiled Gallows,440,1.0,1080,1100,1280,820,760,0,620,560,300,0,0,560,1300,1000,700,600,420,1560,440,440,1220,500
39045,39577,Auto,90,1.0,1170,1100,1280,820,760,0,620,560,300,0,0,560,1300,1000,700,600,420,1560,440,440,1220,500
39189,39679,Gallows,620,1.0,1170,1100,1280,820,760,620,620,560,300,0,0,560,1300,1000,700,600,420,1560,440,440,1220,500
41679,42219,Infernal Slice,600,1.0,1170,1100,1280,820,760,620,620,560,300,0,600,560,1300,1000,700,600,420,1560,440,440,1220,500
42245,42777,Auto,90,1.0,1260,1100,1280,820,760,620,620,560,300,0,600,560,1300,1000,700,600,420,1560,440,440,1220,500
44170,44660,Slice,420,1.0,1260,1100,1280,820,760,620,620,560,300,0,600,560,1300,1000,700,600,840,1560,440,440,1220,500
44790,45330,Unveiled Gibbet,440,1.0,1260,1100,1280,820,760,620,620,560,300,0,600,560,1300,1000,700,600,840,1560,440,880,1220,500
45445,45977,Auto,90,1.0,1350,1100,1280,820,760,620,620,560,300,0,600,560,1300,1000,700,600,840,1560,440,880,1220,500
46660,47150,Gibbet,620,1.0,1350,1100,1280,820,760,620,1240,560,300,0,600,560,1300,1000,700,600,840,1560,440,880,1220,500
48645,49177,Auto,90,1.0,1440,1100,1280,820,760,620,1240,560,300,0,600,560,1300,1000,700,600,840,1560,440,880,1220,500
49151,49691,Void Reaping,580,1.0,1440,1100,1280,820,760,620,1240,560,300,0,600,560,1300,1000,700,600,840,1560,440,880,1800,500
49771,50531,Sacrificium,700,1.0,1440,1100,1280,820,760,620,1240,560,300,0,600,560,1300,1000,1400,600,840,1560,440,880,1800,500
50651,51271,Cross Reaping,640,1.0,1440,1100,1920,820,760,620,1240,560,300,0,600,560,1300,1000,1400,600,840,1560,440,880,1800,500
51271,51981,Lemure's Slice,280,1.0,1440,1100,1920,820,760,620,1240,560,300,0,600,840,1300,1000,1400,600,840,1560,440,880,1800,500
51845,52377,Auto,90,1.0,1530,1100,1920,820,760,620,1240,560,300,0,600,840,1300,1000,1400,600,840,1560,440,880,1800,500
52152,52692,Void Reaping,640,1.0,1530,1100,1920,820,760,620,1240,560,300,0,600,840,1300,1000,1400,600,840,1560,440,880,2440,500
53652,54272,Cross Reaping,640,1.0,1530,1100,2560,820,760,620,1240,560,300,0,600,840,1300,1000,1400,600,840,1560,440,880,2440,500
54272,54982,Lemure's Slice,280,1.0,1530,1100,2560,820,760,620,1240,560,300,0,600,1120,1300,1000,1400,600,840,1560,440,880,2440,500
55045,55577,Auto,90,1.0,1620,1100,2560,820,760,620,1240,560,300,0,600,1120,1300,1000,1400,600,840,1560,440,880,2440,500
55953,56573,Communio,1100,1.0,1620,2200,2560,820,760,620,1240,560,300,0,600,1120,1300,1000,1400,600,840,1560,440,880,2440,500
58245,58777,Auto,90,1.0,1710,2200,2560,820,760,620,1240,560,300,0,600,1120,1300,1000,1400,600,840,1560,440,880,2440,500
57653,58813,Shadow of Death,300,1.0,1710,2200,2560,820,760,620,1240,560,300,0,600,1120,1300,1000,1400,900,840,1560,440,880,2440,500
60144,60724,Waxing Slice,500,1.0,1710,2200,2560,820,760,620,1240,560,300,0,600,1120,1300,1000,1400,900,840,1560,440,880,2440,1000
61445,61977,Auto,90,1.0,1800,2200,2560,820,760,620,1240,560,300,0,600,1120,1300,1000,1400,900,840,1560,440,880,2440,1000
62634,63174,Infernal Slice,600,1.0,1800,2200,2560,820,760,620,1240,560,300,0,1200,1120,1300,1000,1400,900,840,1560,440,880,2440,1000
64645,65177,Auto,90,1.0,1890,2200,2560,820,760,620,1240,560,300,0,1200,1120,1300,1000,1400,900,840,1560,440,880,2440,1000
65125,66155,Soul Slice,520,1.0,1890,2200,2560,820,760,620,1240,560,300,0,1200,1120,1300,1000,1400,900,840,2080,440,880,2440,1000
65745,66815,Gluttony,560,1.0,1890,2200,2560,820,760,620,1240,1120,300,0,1200,1120,1300,1000,1400,900,840,2080,440,880,2440,1000
67845,68377,Auto,90,1.0,1980,2200,2560,820,760,620,1240,1120,300,0,1200,1120,1300,1000,1400,900,840,2080,440,880,2440,1000
67615,69755,Executioner's Gallows,820,1.0,1980,2200,2560,1640,760,620,1240,1120,300,0,1200,1120,1300,1000,1400,900,840,2080,440,880,2440,1000
70106,70726,Executioner's Gibbet,820,1.0,1980,2200,2560,1640,1580,620,1240,1120,300,0,1200,1120,1300,1000,1400,900,840,2080,440,880,2440,1000
71045,71577,Auto,90,1.0,2070,2200,2560,1640,1580,620,1240,1120,300,0,1200,1120,1300,1000,1400,900,840,2080,440,880,2440,1000
72596,73086,Slice,420,1.0,2070,2200,2560,1640,1580,620,1240,1120,300,0,1200,1120,1300,1000,1400,900,1260,2080,440,880,2440,1000
74245,74777,Auto,90,1.0,2160,2200,2560,1640,1580,620,1240,1120,300,0,1200,1120,1300,1000,1400,900,1260,2080,440,880,2440,1000
75087,75667,Waxing Slice,500,1.0,2160,2200,2560,1640,1580,620,1240,1120,300,0,1200,1120,1300,1000,1400,900,1260,2080,440,880,2440,1500
77445,77977,Auto,90,1.0,2250,2200,2560,1640,1580,620,1240,1120,300,0,1200,1120,1300,1000,1400,900,1260,2080,440,880,2440,1500
77577,78117,Infernal Slice,600,1.0,2250,2200,2560,1640,1580,620,1240,1120,300,0,1800,1120,1300,1000,1400,900,1260,2080,440,880,2440,1500
80645,81177,Auto,90,1.0,2340,2200,2560,1640,1580,620,1240,1120,300,0,1800,1120,1300,1000,1400,900,1260,2080,440,880,2440,1500
80688,81228,Unveiled Gallows,440,1.0,2340,2200,2560,1640,1580,620,1240,1120,300,0,1800,1120,1300,1000,1400,900,1260,2080,880,880,2440,1500
80068,81228,Shadow of Death,300,1.0,2340,2200,2560,1640,1580,620,1240,1120,300,0,1800,1120,1300,1000,1400,1200,1260,2080,880,880,2440,1500
82558,83048,Gallows,620,1.0,2340,2200,2560,1640,1580,1240,1240,1120,300,0,1800,1120,1300,1000,1400,1200,1260,2080,880,880,2440,1500
83845,84377,Auto,90,1.0,2430,2200,2560,1640,1580,1240,1240,1120,300,0,1800,1120,1300,1000,1400,1200,1260,2080,880,880,2440,1500
85049,85539,Slice,420,1.0,2430,2200,2560,1640,1580,1240,1240,1120,300,0,1800,1120,1300,1000,1400,1200,1680,2080,880,880,2440,1500
87045,87577,Auto,90,1.0,2520,2200,2560,1640,1580,1240,1240,1120,300,0,1800,1120,1300,1000,1400,1200,1680,2080,880,880,2440,1500
87539,88119,Waxing Slice,500,1.0,2520,2200,2560,1640,1580,1240,1240,1120,300,0,1800,1120,1300,1000,1400,1200,1680,2080,880,880,2440,2000
90030,90570,Infernal Slice,600,1.0,2520,2200,2560,1640,1580,1240,1240,1120,300,0,2400,1120,1300,1000,1400,1200,1680,2080,880,880,2440,2000
90245,90777,Auto,90,1.0,2610,2200,2560,1640,1580,1240,1240,1120,300,0,2400,1120,1300,1000,1400,1200,1680,2080,880,880,2440,2000
92520,93010,Slice,420,1.0,2610,2200,2560,1640,1580,1240,1240,1120,300,0,2400,1120,1300,1000,1400,1200,2100,2080,880,880,2440,2000
93445,93977,Auto,90,1.0,2700,2200,2560,1640,1580,1240,1240,1120,300,0,2400,1120,1300,1000,1400,1200,2100,2080,880,880,2440,2000
95011,95591,Waxing Slice,500,1.0,2700,2200,2560,1640,1580,1240,1240,1120,300,0,2400,1120,1300,1000,1400,1200,2100,2080,880,880,2440,2500
95631,96171,Unveiled Gibbet,440,1.0,2700,2200,2560,1640,1580,1240,1240,1120,300,0,2400,1120,1300,1000,1400,1200,2100,2080,880,1320,2440,2500
96645,97177,Auto,90,1.0,2790,2200,2560,1640,1580,1240,1240,1120,300,0,2400,1120,1300,1000,1400,1200,2100,2080,880,1320,2440,2500
97501,97991,Gibbet,620,1.0,2790,2200,2560,1640,1580,1240,1860,1120,300,0,2400,1120,1300,1000,1400,1200,2100,2080,880,1320,2440,2500
99845,100377,Auto,90,1.0,2880,2200,2560,1640,1580,1240,1860,1120,300,0,2400,1120,1300,1000,1400,1200,2100,2080,880,1320,2440,2500
99992,101022,Soul Slice,520,1.0,2880,2200,2560,1640,1580,1240,1860,1120,300,0,2400,1120,1300,1000,1400,1200,2100,2600,880,1320,2440,2500
100612,101152,Unveiled Gallows,440,1.0,2880,2200,2560,1640,1580,1240,1860,1120,300,0,2400,1120,1300,1000,1400,1200,2100,2600,1320,1320,2440,2500
102482,102972,Gallows,620,1.0,2880,2200,2560,1640,1580,1860,1860,1120,300,0,2400,1120,1300,1000,1400,1200,2100,2600,1320,1320,2440,2500
103045,103577,Auto,90,1.0,2970,2200,2560,1640,1580,1860,1860,1120,300,0,2400,1120,1300,1000,1400,1200,2100,2600,1320,1320,2440,2500
104973,105513,Infernal Slice,600,1.0,2970,2200,2560,1640,1580,1860,1860,1120,300,0,3000,1120,1300,1000,1400,1200,2100,2600,1320,1320,2440,2500
106245,106777,Auto,90,1.0,3060,2200,2560,1640,1580,1860,1860,1120,300,0,3000,1120,1300,1000,1400,1200,2100,2600,1320,1320,2440,2500
107463,107953,Slice,420,1.0,3060,2200,2560,1640,1580,1860,1860,1120,300,0,3000,1120,1300,1000,1400,1200,2520,2600,1320,1320,2440,2500
109445,109977,Auto,90,1.0,3150,2200,2560,1640,1580,1860,1860,1120,300,0,3000,1120,1300,1000,1400,1200,2520,2600,1320,1320,2440,2500
109954,111114,Shadow of Death,300,1.0,3150,2200,2560,1640,1580,1860,1860,1120,300,0,3000,1120,1300,1000,1400,1500,2520,2600,1320,1320,2440,2500
112444,113024,Waxing Slice,500,1.0,3150,2200,2560,1640,1580,1860,1860,1120,300,0,3000,1120,1300,1000,1400,1500,2520,2600,1320,1320,2440,3000
112645,113177,Auto,90,1.0,3240,2200,2560,1640,1580,1860,1860,1120,300,0,3000,1120,1300,1000,1400,1500,2520,2600,1320,1320,2440,3000
114935,115475,Infernal Slice,600,1.0,3240,2200,2560,1640,1580,1860,1860,1120,300,0,3600,1120,1300,1000,1400,1500,2520,2600,1320,1320,2440,3000
115845,116377,Auto,90,1.0,3330,2200,2560,1640,1580,1860,1860,1120,300,0,3600,1120,1300,1000,1400,1500,2520,2600,1320,1320,2440,3000
117425,117915,Slice,420,1.0,3330,2200,2560,1640,1580,1860,1860,1120,300,0,3600,1120,1300,1000,1400,1500,2940,2600,1320,1320,2440,3000
119045,119577,Auto,90,1.0,3420,2200,2560,1640,1580,1860,1860,1120,300,0,3600,1120,1300,1000,1400,1500,2940,2600,1320,1320,2440,3000
119916,120496,Waxing Slice,500,1.0,3420,2200,2560,1640,1580,1860,1860,1120,300,0,3600,1120,1300,1000,1400,1500,2940,2600,1320,1320,2440,3500
122245,122777,Auto,90,1.0,3510,2200,2560,1640,1580,1860,1860,1120,300,0,3600,1120,1300,1000,1400,1500,2940,2600,1320,1320,2440,3500
122406,122946,Void Reaping,580,1.0,3510,2200,2560,1640,1580,1860,1860,1120,300,0,3600,1120,1300,1000,1400,1500,2940,2600,1320,1320,3020,3500
123907,125067,Shadow of Death,300,1.0,3510,2200,2560,1640,1580,1860,1860,1120,300,0,3600,1120,1300,1000,1400,1800,2940,2600,1320,1320,3020,3500
125445,125977,Auto,90,1.0,3600,2200,2560,1640,1580,1860,1860,1120,300,0,3600,1120,1300,1000,1400,1800,2940,2600,1320,1320,3020,3500
126397,127017,Cross Reaping,640,1.0,3600,2200,3200,1640,1580,1860,1860,1120,300,0,3600,1120,1300,1000,1400,1800,2940,2600,1320,1320,3020,3500
127017,127727,Lemure's Slice,280,1.0,3600,2200,3200,1640,1580,1860,1860,1120,300,0,3600,1400,1300,1000,1400,1800,2940,2600,1320,1320,3020,3500
127898,128438,Void Reaping,640,1.0,3600,2200,3200,1640,1580,1860,1860,1120,300,0,3600,1400,1300,1000,1400,1800,2940,2600,1320,1320,3660,3500
128645,129177,Auto,90,1.0,3690,2200,3200,1640,1580,1860,1860,1120,300,0,3600,1400,1300,1000,1400,1800,2940,2600,1320,1320,3660,3500
128518,129278,Sacrificium,700,1.0,3690,2200,3200,1640,1580,1860,1860,1120,300,0,3600,1400,1300,1000,2100,1800,2940,2600,1320,1320,3660,3500
129398,130018,Cross Reaping,640,1.0,3690,2200,3840,1640,1580,1860,1860,1120,300,0,3600,1400,1300,1000,2100,1800,2940,2600,1320,1320,3660,3500
130018,130728,Lemure's Slice,280,1.0,3690,2200,3840,1640,1580,1860,1860,1120,300,0,3600,1680,1300,1000,2100,1800,2940,2600,1320,1320,3660,3500
131699,132319,Communio,1100,1.0,3690,3300,3840,1640,1580,1860,1860,1120,300,0,3600,1680,1300,1000,2100,1800,2940,2600,1320,1320,3660,3500
132199,132731,Auto,90,1.0,3780,3300,3840,1640,1580,1860,1860,1120,300,0,3600,1680,1300,1000,2100,1800,2940,2600,1320,1320,3660,3500
133399,134559,Plentiful Harvest,1000,1.0,3780,3300,3840,1640,1580,1860,1860,1120,300,0,3600,1680,1300,2000,2100,1800,2940,2600,1320,1320,3660,3500
135399,135931,Auto,90,1.0,3870,3300,3840,1640,1580,1860,1860,1120,300,0,3600,1680,1300,2000,2100,1800,2940,2600,1320,1320,3660,3500
135890,136430,Void Reaping,580,1.0,3870,3300,3840,1640,1580,1860,1860,1120,300,0,3600,1680,1300,2000,2100,1800,2940,2600,1320,1320,4240,3500
136510,137270,Sacrificium,700,1.0,3870,3300,3840,1640,1580,1860,1860,1120,300,0,3600,1680,1300,2000,2800,1800,2940,2600,1320,1320,4240,3500
137390,138010,Cross Reaping,640,1.0,3870,3300,4480,1640,1580,1860,1860,1120,300,0,3600,1680,1300,2000,2800,1800,2940,2600,1320,1320,4240,3500
138010,138720,Lemure's Slice,280,1.0,3870,3300,4480,1640,1580,1860,1860,1120,300,0,3600,1960,1300,2000,2800,1800,2940,2600,1320,1320,4240,3500
138599,139131,Auto,90,1.0,3960,3300,4480,1640,1580,1860,1860,1120,300,0,3600,1960,1300,2000,2800,1800,2940,2600,1320,1320,4240,3500
138891,139431,Void Reaping,640,1.0,3960,3300,4480,1640,1580,1860,1860,1120,300,0,3600,1960,1300,2000,2800,1800,2940,2600,1320,1320,4880,3500
140391,141011,Cross Reaping,640,1.0,3960,3300,5120,1640,1580,1860,1860,1120,300,0,3600,1960,1300,2000,2800,1800,2940,2600,1320,1320,4880,3500
141011,141721,Lemure's Slice,280,1.0,3960,3300,5120,1640,1580,1860,1860,1120,300,0,3600,2240,1300,2000,2800,1800,2940,2600,1320,1320,4880,3500
141799,142331,Auto,90,1.0,4050,3300,5120,1640,1580,1860,1860,1120,300,0,3600,2240,1300,2000,2800,1800,2940,2600,1320,1320,4880,3500
142692,143312,Communio,1100,1.0,4050,4400,5120,1640,1580,1860,1860,1120,300,0,3600,2240,1300,2000,2800,1800,2940,2600,1320,1320,4880,3500
144999,145531,Auto,90,1.0,4140,4400,5120,1640,1580,1860,1860,1120,300,0,3600,2240,1300,2000,2800,1800,2940,2600,1320,1320,4880,3500
144392,145682,Perfectio,1300,1.0,4140,4400,5120,1640,1580,1860,1860,1120,300,0,3600,2240,2600,2000,2800,1800,2940,2600,1320,1320,4880,3500
146883,147423,Infernal Slice,600,1.0,4140,4400,5120,1640,1580,1860,1860,1120,300,0,4200,2240,2600,2000,2800,1800,2940,2600,1320,1320,4880,3500
147503,148573,Gluttony,560,1.0,4140,4400,5120,1640,1580,1860,1860,1680,300,0,4200,2240,2600,2000,2800,1800,2940,2600,1320,1320,4880,3500
148199,148731,Auto,90,1.0,4230,4400,5120,1640,1580,1860,1860,1680,300,0,4200,2240,2600,2000,2800,1800,2940,2600,1320,1320,4880,3500
149373,149993,Executioner's Gibbet,820,1.0,4230,4400,5120,1640,2400,1860,1860,1680,300,0,4200,2240,2600,2000,2800,1800,2940,2600,1320,1320,4880,3500
151399,151931,Auto,90,1.0,4320,4400,5120,1640,2400,1860,1860,1680,300,0,4200,2240,2600,2000,2800,1800,2940,2600,1320,1320,4880,3500
151864,154004,Executioner's Gallows,820,1.0,4320,4400,5120,2460,2400,1860,1860,1680,300,0,4200,2240,2600,2000,2800,1800,2940,2600,1320,1320,4880,3500
154599,155131,Auto,90,1.0,4410,4400,5120,2460,2400,1860,1860,1680,300,0,4200,2240,2600,2000,2800,1800,2940,2600,1320,1320,4880,3500
154354,155384,Soul Slice,520,1.0,4410,4400,5120,2460,2400,1860,1860,1680,300,0,4200,2240,2600,2000,2800,1800,2940,3120,1320,1320,4880,3500
154974,155514,Unveiled Gibbet,440,1.0,4410,4400,5120,2460,2400,1860,1860,1680,300,0,4200,2240,2600,2000,2800,1800,2940,3120,1320,1760,4880,3500
156845,157335,Gibbet,620,1.0,4410,4400,5120,2460,2400,1860,2480,1680,300,0,4200,2240,2600,2000,2800,1800,2940,3120,1320,1760,4880,3500
157799,158331,Auto,90,1.0,4500,4400,5120,2460,2400,1860,2480,1680,300,0,4200,2240,2600,2000,2800,1800,2940,3120,1320,1760,4880,3500
159335,160365,Soul Slice,520,1.0,4500,4400,5120,2460,2400,1860,2480,1680,300,0,4200,2240,2600,2000,2800,1800,2940,3640,1320,1760,4880,3500
159955,160495,Unveiled Gallows,440,1.0,4500,4400,5120,2460,2400,1860,2480,1680,300,0,4200,2240,2600,2000,2800,1800,2940,3640,1760,1760,4880,3500
160999,161531,Auto,90,1.0,4590,4400,5120,2460,2400,1860,2480,1680,300,0,4200,2240,2600,2000,2800,1800,2940,3640,1760,1760,4880,3500
161826,162316,Gallows,620,1.0,4590,4400,5120,2460,2400,2480,2480,1680,300,0,4200,2240,2600,2000,2800,1800,2940,3640,1760,1760,4880,3500
164199,164731,Auto,90,1.0,4680,4400,5120,2460,2400,2480,2480,1680,300,0,4200,2240,2600,2000,2800,1800,2940,3640,1760,1760,4880,3500
164316,164806,Slice,420,1.0,4680,4400,5120,2460,2400,2480,2480,1680,300,0,4200,2240,2600,2000,2800,1800,3360,3640,1760,1760,4880,3500
166807,167387,Waxing Slice,500,1.0,4680,4400,5120,2460,2400,2480,2480,1680,300,0,4200,2240,2600,2000,2800,1800,3360,3640,1760,1760,4880,4000
167399,167931,Auto,90,1.0,4770,4400,5120,2460,2400,2480,2480,1680,300,0,4200,2240,2600,2000,2800,1800,3360,3640,1760,1760,4880,4000
169297,169837,Infernal Slice,600,1.0,4770,4400,5120,2460,2400,2480,2480,1680,300,0,4800,2240,2600,2000,2800,1800,3360,3640,1760,1760,4880,4000
170599,171131,Auto,90,1.0,4860,4400,5120,2460,2400,2480,2480,1680,300,0,4800,2240,2600,2000,2800,1800,3360,3640,1760,1760,4880,4000
171787,172947,Shadow of Death,300,1.0,4860,4400,5120,2460,2400,2480,2480,1680,300,0,4800,2240,2600,2000,2800,2100,3360,3640,1760,1760,4880,4000
172407,172947,Unveiled Gibbet,440,1.0,4860,4400,5120,2460,2400,2480,2480,1680,300,0,4800,2240,2600,2000,2800,2100,3360,3640,1760,2200,4880,4000
173799,174331,Auto,90,1.0,4950,4400,5120,2460,2400,2480,2480,1680,300,0,4800,2240,2600,2000,2800,2100,3360,3640,1760,2200,4880,4000
174278,174768,Gibbet,620,1.0,4950,4400,5120,2460,2400,2480,3100,1680,300,0,4800,2240,2600,2000,2800,2100,3360,3640,1760,2200,4880,4000
176768,177308,Void Reaping,580,1.0,4950,4400,5120,2460,2400,2480,3100,1680,300,0,4800,2240,2600,2000,2800,2100,3360,3640,1760,2200,5460,4000
176999,177531,Auto,90,1.0,5040,4400,5120,2460,2400,2480,3100,1680,300,0,4800,2240,2600,2000,2800,2100,3360,3640,1760,2200,5460,4000
177388,178148,Sacrificium,700,1.0,5040,4400,5120,2460,2400,2480,3100,1680,300,0,4800,2240,2600,2000,3500,2100,3360,3640,1760,2200,5460,4000
178269,178889,Cross Reaping,640,1.0,5040,4400,5760,2460,2400,2480,3100,1680,300,0,4800,2240,2600,2000,3500,2100,3360,3640,1760,2200,5460,4000
178889,179599,Lemure's Slice,280,1.0,5040,4400,5760,2460,2400,2480,3100,1680,300,0,4800,2520,2600,2000,3500,2100,3360,3640,1760,2200,5460,4000
179769,180309,Void Reaping,640,1.0,5040,4400,5760,2460,2400,2480,3100,1680,300,0,4800,2520,2600,2000,3500,2100,3360,3640,1760,2200,6100,4000
180199,180731,Auto,90,1.0,5130,4400,5760,2460,2400,2480,3100,1680,300,0,4800,2520,2600,2000,3500,2100,3360,3640,1760,2200,6100,4000
181270,181890,Cross Reaping,640,1.0,5130,4400,6400,2460,2400,2480,3100,1680,300,0,4800,2520,2600,2000,3500,2100,3360,3640,1760,2200,6100,4000
181890,182600,Lemure's Slice,280,1.0,5130,4400,6400,2460,2400,2480,3100,1680,300,0,4800,2800,2600,2000,3500,2100,3360,3640,1760,2200,6100,4000
183570,184190,Communio,1100,1.0,5130,5500,6400,2460,2400,2480,3100,1680,300,0,4800,2800,2600,2000,3500,2100,3360,3640,1760,2200,6100,4000
184070,184602,Auto,90,1.0,5220,5500,6400,2460,2400,2480,3100,1680,300,0,4800,2800,2600,2000,3500,2100,3360,3640,1760,2200,6100,4000
185271,186301,Soul Slice,520,1.0,5220,5500,6400,2460,2400,2480,3100,1680,300,0,4800,2800,2600,2000,3500,2100,3360,4160,1760,2200,6100,4000
187270,187802,Auto,90,1.0,5310,5500,6400,2460,2400,2480,3100,1680,300,0,4800,2800,2600,2000,3500,2100,3360,4160,1760,2200,6100,4000
187761,188921,Shadow of Death,300,1.0,5310,5500,6400,2460,2400,2480,3100,1680,300,0,4800,2800,2600,2000,3500,2400,3360,4160,1760,2200,6100,4000
190252,190742,Slice,420,1.0,5310,5500,6400,2460,2400,2480,3100,1680,300,0,4800,2800,2600,2000,3500,2400,3780,4160,1760,2200,6100,4000
190470,191002,Auto,90,1.0,5400,5500,6400,2460,2400,2480,3100,1680,300,0,4800,2800,2600,2000,3500,2400,3780,4160,1760,2200,6100,4000
192742,193322,Waxing Slice,500,1.0,5400,5500,6400,2460,2400,2480,3100,1680,300,0,4800,2800,2600,2000,3500,2400,3780,4160,1760,2200,6100,4500
193670,194202,Auto,90,1.0,5490,5500,6400,2460,2400,2480,3100,1680,300,0,4800,2800,2600,2000,3500,2400,3780,4160,1760,2200,6100,4500
195233,195773,Infernal Slice,600,1.0,5490,5500,6400,2460,2400,2480,3100,1680,300,0,5400,2800,2600,2000,3500,2400,3780,4160,1760,2200,6100,4500
196870,197402,Auto,90,1.0,5580,5500,6400,2460,2400,2480,3100,1680,300,0,5400,2800,2600,2000,3500,2400,3780,4160,1760,2200,6100,4500
197723,198213,Slice,420,1.0,5580,5500,6400,2460,2400,2480,3100,1680,300,0,5400,2800,2600,2000,3500,2400,4200,4160,1760,2200,6100,4500
200070,200602,Auto,90,1.0,5670,5500,6400,2460,2400,2480,3100,1680,300,0,5400,2800,2600,2000,3500,2400,4200,4160,1760,2200,6100,4500
200214,200794,Waxing Slice,500,1.0,5670,5500,6400,2460,2400,2480,3100,1680,300,0,5400,2800,2600,2000,3500,2400,4200,4160,1760,2200,6100,5000
200834,201374,Unveiled Gallows,440,1.0,5670,5500,6400,2460,2400,2480,3100,1680,300,0,5400,2800,2600,2000,3500,2400,4200,4160,2200,2200,6100,5000
202704,203194,Gallows,620,1.0,5670,5500,6400,2460,2400,3100,3100,1680,300,0,5400,2800,2600,2000,3500,2400,4200,4160,2200,2200,6100,5000
203270,203802,Auto,90,1.0,5760,5500,6400,2460,2400,3100,3100,1680,300,0,5400,2800,2600,2000,3500,2400,4200,4160,2200,2200,6100,5000
205195,205735,Infernal Slice,600,1.0,5760,5500,6400,2460,2400,3100,3100,1680,300,0,6000,2800,2600,2000,3500,2400,4200,4160,2200,2200,6100,5000
206470,207002,Auto,90,1.0,5850,5500,6400,2460,2400,3100,3100,1680,300,0,6000,2800,2600,2000,3500,2400,4200,4160,2200,2200,6100,5000
207685,208175,Slice,420,1.0,5850,5500,6400,2460,2400,3100,3100,1680,300,0,6000,2800,2600,2000,3500,2400,4620,4160,2200,2200,6100,5000
208305,209375,Gluttony,560,1.0,5850,5500,6400,2460,2400,3100,3100,2240,300,0,6000,2800,2600,2000,3500,2400,4620,4160,2200,2200,6100,5000
209670,210202,Auto,90,1.0,5940,5500,6400,2460,2400,3100,3100,2240,300,0,6000,2800,2600,2000,3500,2400,4620,4160,2200,2200,6100,5000
210176,210796,Executioner's Gibbet,820,1.0,5940,5500,6400,2460,3220,3100,3100,2240,300,0,6000,2800,2600,2000,3500,2400,4620,4160,2200,2200,6100,5000
212870,213402,Auto,90,1.0,6030,5500,6400,2460,3220,3100,3100,2240,300,0,6000,2800,2600,2000,3500,2400,4620,4160,2200,2200,6100,5000
212666,214806,Executioner's Gallows,820,1.0,6030,5500,6400,3280,3220,3100,3100,2240,300,0,6000,2800,2600,2000,3500,2400,4620,4160,2200,2200,6100,5000
215157,215737,Waxing Slice,500,1.0,6030,5500,6400,3280,3220,3100,3100,2240,300,0,6000,2800,2600,2000,3500,2400,4620,4160,2200,2200,6100,5500
216070,216602,Auto,90,1.0,6120,5500,6400,3280,3220,3100,3100,2240,300,0,6000,2800,2600,2000,3500,2400,4620,4160,2200,2200,6100,5500
217647,218677,Soul Slice,520,1.0,6120,5500,6400,3280,3220,3100,3100,2240,300,0,6000,2800,2600,2000,3500,2400,4620,4680,2200,2200,6100,5500
218267,218807,Unveiled Gibbet,440,1.0,6120,5500,6400,3280,3220,3100,3100,2240,300,0,6000,2800,2600,2000,3500,2400,4620,4680,2200,2640,6100,5500
219270,219802,Auto,90,1.0,6210,5500,6400,3280,3220,3100,3100,2240,300,0,6000,2800,2600,2000,3500,2400,4620,4680,2200,2640,6100,5500
220138,220628,Gibbet,620,1.0,6210,5500,6400,3280,3220,3100,3720,2240,300,0,6000,2800,2600,2000,3500,2400,4620,4680,2200,2640,6100,5500
222470,223002,Auto,90,1.0,6300,5500,6400,3280,3220,3100,3720,2240,300,0,6000,2800,2600,2000,3500,2400,4620,4680,2200,2640,6100,5500
222628,223168,Infernal Slice,600,1.0,6300,5500,6400,3280,3220,3100,3720,2240,300,0,6600,2800,2600,2000,3500,2400,4620,4680,2200,2640,6100,5500
225670,226202,Auto,90,1.0,6390,5500,6400,3280,3220,3100,3720,2240,300,0,6600,2800,2600,2000,3500,2400,4620,4680,2200,2640,6100,5500
225119,226279,Shadow of Death,300,1.0,6390,5500,6400,3280,3220,3100,3720,2240,300,0,6600,2800,2600,2000,3500,2700,4620,4680,2200,2640,6100,5500
227609,228099,Slice,420,1.0,6390,5500,6400,3280,3220,3100,3720,2240,300,0,6600,2800,2600,2000,3500,2700,5040,4680,2200,2640,6100,5500
228229,228769,Unveiled Gallows,440,1.0,6390,5500,6400,3280,3220,3100,3720,2240,300,0,6600,2800,2600,2000,3500,2700,5040,4680,2640,2640,6100,5500
228870,229402,Auto,90,1.0,6480,5500,6400,3280,3220,3100,3720,2240,300,0,6600,2800,2600,2000,3500,2700,5040,4680,2640,2640,6100,5500
230100,230590,Gallows,620,1.0,6480,5500,6400,3280,3220,3720,3720,2240,300,0,6600,2800,2600,2000,3500,2700,5040,4680,2640,2640,6100,5500
232070,232602,Auto,90,1.0,6570,5500,6400,3280,3220,3720,3720,2240,300,0,6600,2800,2600,2000,3500,2700,5040,4680,2640,2640,6100,5500
232590,233170,Waxing Slice,500,1.0,6570,5500,6400,3280,3220,3720,3720,2240,300,0,6600,2800,2600,2000,3500,2700,5040,4680,2640,2640,6100,6000
235081,235621,Infernal Slice,600,1.0,6570,5500,6400,3280,3220,3720,3720,2240,300,0,7200,2800,2600,2000,3500,2700,5040,4680,2640,2640,6100,6000
235270,235802,Auto,90,1.0,6660,5500,6400,3280,3220,3720,3720,2240,300,0,7200,2800,2600,2000,3500,2700,5040,4680,2640,2640,6100,6000
237571,238061,Slice,420,1.0,6660,5500,6400,3280,3220,3720,3720,2240,300,0,7200,2800,2600,2000,3500,2700,5460,4680,2640,2640,6100,6000
238470,239002,Auto,90,1.0,6750,5500,6400,3280,3220,3720,3720,2240,300,0,7200,2800,2600,2000,3500,2700,5460,4680,2640,2640,6100,6000
240062,240642,Waxing Slice,500,1.0,6750,5500,6400,3280,3220,3720,3720,2240,300,0,7200,2800,2600,2000,3500,2700,5460,4680,2640,2640,6100,6500
241670,242202,Auto,90,1.0,6840,5500,6400,3280,3220,3720,3720,2240,300,0,7200,2800,2600,2000,3500,2700,5460,4680,2640,2640,6100,6500
242552,243092,Void Reaping,580,1.0,6840,5500,6400,3280,3220,3720,3720,2240,300,0,7200,2800,2600,2000,3500,2700,5460,4680,2640,2640,6680,6500
244053,245213,Shadow of Death,300,1.0,6840,5500,6400,3280,3220,3720,3720,2240,300,0,7200,2800,2600,2000,3500,3000,5460,4680,2640,2640,6680,6500
244870,245402,Auto,90,1.0,6930,5500,6400,3280,3220,3720,3720,2240,300,0,7200,2800,2600,2000,3500,3000,5460,4680,2640,2640,6680,6500
246543,247163,Cross Reaping,640,1.0,6930,5500,7040,3280,3220,3720,3720,2240,300,0,7200,2800,2600,2000,3500,3000,5460,4680,2640,2640,6680,6500
247163,247873,Lemure's Slice,280,1.0,6930,5500,7040,3280,3220,3720,3720,2240,300,0,7200,3080,2600,2000,3500,3000,5460,4680,2640,2640,6680,6500
248044,248584,Void Reaping,640,1.0,6930,5500,7040,3280,3220,3720,3720,2240,300,0,7200,3080,2600,2000,3500,3000,5460,4680,2640,2640,7320,6500
248070,248602,Auto,90,1.0,7020,5500,7040,3280,3220,3720,3720,2240,300,0,7200,3080,2600,2000,3500,3000,5460,4680,2640,2640,7320,6500
248664,249424,Sacrificium,700,1.0,7020,5500,7040,3280,3220,3720,3720,2240,300,0,7200,3080,2600,2000,4200,3000,5460,4680,2640,2640,7320,6500
249544,250164,Cross Reaping,640,1.0,7020,5500,7680,3280,3220,3720,3720,2240,300,0,7200,3080,2600,2000,4200,3000,5460,4680,2640,2640,7320,6500
250164,250874,Lemure's Slice,280,1.0,7020,5500,7680,3280,3220,3720,3720,2240,300,0,7200,3360,2600,2000,4200,3000,5460,4680,2640,2640,7320,6500
251845,252465,Communio,1100,1.0,7020,6600,7680,3280,3220,3720,3720,2240,300,0,7200,3360,2600,2000,4200,3000,5460,4680,2640,2640,7320,6500
252345,252877,Auto,90,1.0,7110,6600,7680,3280,3220,3720,3720,2240,300,0,7200,3360,2600,2000,4200,3000,5460,4680,2640,2640,7320,6500
253545,254705,Plentiful Harvest,1000,1.0,7110,6600,7680,3280,3220,3720,3720,2240,300,0,7200,3360,2600,3000,4200,3000,5460,4680,2640,2640,7320,6500
255545,256077,Auto,90,1.0,7200,6600,7680,3280,3220,3720,3720,2240,300,0,7200,3360,2600,3000,4200,3000,5460,4680,2640,2640,7320,6500
256036,256576,Void Reaping,580,1.0,7200,6600,7680,3280,3220,3720,3720,2240,300,0,7200,3360,2600,3000,4200,3000,5460,4680,2640,2640,7900,6500
256656,257416,Sacrificium,700,1.0,7200,6600,7680,3280,3220,3720,3720,2240,300,0,7200,3360,2600,3000,4900,3000,5460,4680,2640,2640,7900,6500
257536,258156,Cross Reaping,640,1.0,7200,6600,8320,3280,3220,3720,3720,2240,300,0,7200,3360,2600,3000,4900,3000,5460,4680,2640,2640,7900,6500
258156,258866,Lemure's Slice,280,1.0,7200,6600,8320,3280,3220,3720,3720,2240,300,0,7200,3640,2600,3000,4900,3000,5460,4680,2640,2640,7900,6500
258745,259277,Auto,90,1.0,7290,6600,8320,3280,3220,3720,3720,2240,300,0,7200,3640,2600,3000,4900,3000,5460,4680,2640,2640,7900,6500
259036,259576,Void Reaping,640,1.0,7290,6600,8320,3280,3220,3720,3720,2240,300,0,7200,3640,2600,3000,4900,3000,5460,4680,2640,2640,8540,6500
260536,261156,Cross Reaping,640,1.0,7290,6600,8960,3280,3220,3720,3720,2240,300,0,7200,3640,2600,3000,4900,3000,5460,4680,2640,2640,8540,6500
261156,261866,Lemure's Slice,280,1.0,7290,6600,8960,3280,3220,3720,3720,2240,300,0,7200,3920,2600,3000,4900,3000,5460,4680,2640,2640,8540,6500
261945,262477,Auto,90,1.0,7380,6600,8960,3280,3220,3720,3720,2240,300,0,7200,3920,2600,3000,4900,3000,5460,4680,2640,2640,8540,6500
262838,263458,Communio,1100,1.0,7380,7700,8960,3280,3220,3720,3720,2240,300,0,7200,3920,2600,3000,4900,3000,5460,4680,2640,2640,8540,6500
265145,265677,Auto,90,1.0,7470,7700,8960,3280,3220,3720,3720,2240,300,0,7200,3920,2600,3000,4900,3000,5460,4680,2640,2640,8540,6500
264538,265828,Perfectio,1300,1.0,7470,7700,8960,3280,3220,3720,3720,2240,300,0,7200,3920,3900,3000,4900,3000,5460,4680,2640,2640,8540,6500
267029,267569,Infernal Slice,600,1.0,7470,7700,8960,3280,3220,3720,3720,2240,300,0,7800,3920,3900,3000,4900,3000,5460,4680,2640,2640,8540,6500
268345,268877,Auto,90,1.0,7560,7700,8960,3280,3220,3720,3720,2240,300,0,7800,3920,3900,3000,4900,3000,5460,4680,2640,2640,8540,6500
268305,269375,Gluttony,560,1.0,7560,7700,8960,3280,3220,3720,3720,2800,300,0,7800,3920,3900,3000,4900,3000,5460,4680,2640,2640,8540,6500
269519,270139,Executioner's Gibbet,820,1.0,7560,7700,8960,3280,4040,3720,3720,2800,300,0,7800,3920,3900,3000,4900,3000,5460,4680,2640,2640,8540,6500
271545,272077,Auto,90,1.0,7650,7700,8960,3280,4040,3720,3720,2800,300,0,7800,3920,3900,3000,4900,3000,5460,4680,2640,2640,8540,6500
272010,274150,Executioner's Gallows,820,1.0,7650,7700,8960,4100,4040,3720,3720,2800,300,0,7800,3920,3900,3000,4900,3000,5460,4680,2640,2640,8540,6500
274745,275277,Auto,90,1.0,7740,7700,8960,4100,4040,3720,3720,2800,300,0,7800,3920,3900,3000,4900,3000,5460,4680,2640,2640,8540,6500
274500,275530,Soul Slice,520,1.0,7740,7700,8960,4100,4040,3720,3720,2800,300,0,7800,3920,3900,3000,4900,3000,5460,5200,2640,2640,8540,6500
275120,275660,Unveiled Gibbet,440,1.0,7740,7700,8960,4100,4040,3720,3720,2800,300,0,7800,3920,3900,3000,4900,3000,5460,5200,2640,3080,8540,6500
276991,277481,Gibbet,620,1.0,7740,7700,8960,4100,4040,3720,4340,2800,300,0,7800,3920,3900,3000,4900,3000,5460,5200,2640,3080,8540,6500
277945,278477,Auto,90,1.0,7830,7700,8960,4100,4040,3720,4340,2800,300,0,7800,3920,3900,3000,4900,3000,5460,5200,2640,3080,8540,6500
279481,280511,Soul Slice,520,1.0,7830,7700,8960,4100,4040,3720,4340,2800,300,0,7800,3920,3900,3000,4900,3000,5460,5720,2640,3080,8540,6500
280101,280641,Unveiled Gallows,440,1.0,7830,7700,8960,4100,4040,3720,4340,2800,300,0,7800,3920,3900,3000,4900,3000,5460,5720,3080,3080,8540,6500
281145,281677,Auto,90,1.0,7920,7700,8960,4100,4040,3720,4340,2800,300,0,7800,3920,3900,3000,4900,3000,5460,5720,3080,3080,8540,6500
281972,282462,Gallows,620,1.0,7920,7700,8960,4100,4040,4340,4340,2800,300,0,7800,3920,3900,3000,4900,3000,5460,5720,3080,3080,8540,6500
284345,284877,Auto,90,1.0,8010,7700,8960,4100,4040,4340,4340,2800,300,0,7800,3920,3900,3000,4900,3000,5460,5720,3080,3080,8540,6500
284462,285622,Shadow of Death,300,1.0,8010,7700,8960,4100,4040,4340,4340,2800,300,0,7800,3920,3900,3000,4900,3300,5460,5720,3080,3080,8540,6500
286953,287443,Slice,420,1.0,8010,7700,8960,4100,4040,4340,4340,2800,300,0,7800,3920,3900,3000,4900,3300,5880,5720,3080,3080,8540,6500
287545,288077,Auto,90,1.0,8100,7700,8960,4100,4040,4340,4340,2800,300,0,7800,3920,3900,3000,4900,3300,5880,5720,3080,3080,8540,6500
289443,290023,Waxing Slice,500,1.0,8100,7700,8960,4100,4040,4340,4340,2800,300,0,7800,3920,3900,3000,4900,3300,5880,5720,3080,3080,8540,7000
290745,291277,Auto,90,1.0,8190,7700,8960,4100,4040,4340,4340,2800,300,0,7800,3920,3900,3000,4900,3300,5880,5720,3080,3080,8540,7000
291934,292474,Infernal Slice,600,1.0,8190,7700,8960,4100,4040,4340,4340,2800,300,0,8400,3920,3900,3000,4900,3300,5880,5720,3080,3080,8540,7000
293945,294477,Auto,90,1.0,8280,7700,8960,4100,4040,4340,4340,2800,300,0,8400,3920,3900,3000,4900,3300,5880,5720,3080,3080,8540,7000
294424,294914,Slice,420,1.0,8280,7700,8960,4100,4040,4340,4340,2800,300,0,8400,3920,3900,3000,4900,3300,6300,5720,3080,3080,8540,7000
296915,297495,Waxing Slice,500,1.0,8280,7700,8960,4100,4040,4340,4340,2800,300,0,8400,3920,3900,3000,4900,3300,6300,5720,3080,3080,8540,7500
297145,297677,Auto,90,1.0,8370,7700,8960,4100,4040,4340,4340,2800,300,0,8400,3920,3900,3000,4900,3300,6300,5720,3080,3080,8540,7500
297535,298075,Unveiled Gibbet,440,1.0,8370,7700,8960,4100,4040,4340,4340,2800,300,0,8400,3920,3900,3000,4900,3300,6300,5720,3080,3520,8540,7500
299405,299895,Gibbet,620,1.0,8370,7700,8960,4100,4040,4340,4960,2800,300,0,8400,3920,3900,3000,4900,3300,6300,5720,3080,3520,8540,7500
300345,300877,Auto,90,1.0,8460,7700,8960,4100,4040,4340,4960,2800,300,0,8400,3920,3900,3000,4900,3300,6300,5720,3080,3520,8540,7500
301896,302436,Infernal Slice,600,1.0,8460,7700,8960,4100,4040,4340,4960,2800,300,0,9000,3920,3900,3000,4900,3300,6300,5720,3080,3520,8540,7500
303545,304077,Auto,90,1.0,8550,7700,8960,4100,4040,4340,4960,2800,300,0,9000,3920,3900,3000,4900,3300,6300,5720,3080,3520,8540,7500
304386,304926,Void Reaping,580,1.0,8550,7700,8960,4100,4040,4340,4960,2800,300,0,9000,3920,3900,3000,4900,3300,6300,5720,3080,3520,9120,7500
305006,305766,Sacrificium,700,1.0,8550,7700,8960,4100,4040,4340,4960,2800,300,0,9000,3920,3900,3000,5600,3300,6300,5720,3080,3520,9120,7500
305887,306507,Cross Reaping,640,1.0,8550,7700,9600,4100,4040,4340,4960,2800,300,0,9000,3920,3900,3000,5600,3300,6300,5720,3080,3520,9120,7500
306507,307217,Lemure's Slice,280,1.0,8550,7700,9600,4100,4040,4340,4960,2800,300,0,9000,4200,3900,3000,5600,3300,6300,5720,3080,3520,9120,7500
306745,307277,Auto,90,1.0,8640,7700,9600,4100,4040,4340,4960,2800,300,0,9000,4200,3900,3000,5600,3300,6300,5720,3080,3520,9120,7500
307387,307927,Void Reaping,640,1.0,8640,7700,9600,4100,4040,4340,4960,2800,300,0,9000,4200,3900,3000,5600,3300,6300,5720,3080,3520,9760,7500
308888,309508,Cross Reaping,640,1.0,8640,7700,10240,4100,4040,4340,4960,2800,300,0,9000,4200,3900,3000,5600,3300,6300,5720,3080,3520,9760,7500
309508,310218,Lemure's Slice,280,1.0,8640,7700,10240,4100,4040,4340,4960,2800,300,0,9000,4480,3900,3000,5600,3300,6300,5720,3080,3520,9760,7500
309945,310477,Auto,90,1.0,8730,7700,10240,4100,4040,4340,4960,2800,300,0,9000,4480,3900,3000,5600,3300,6300,5720,3080,3520,9760,7500
311188,311808,Communio,1100,1.0,8730,8800,10240,4100,4040,4340,4960,2800,300,0,9000,4480,3900,3000,5600,3300,6300,5720,3080,3520,9760,7500
313145,313677,Auto,90,1.0,8820,8800,10240,4100,4040,4340,4960,2800,300,0,9000,4480,3900,3000,5600,3300,6300,5720,3080,3520,9760,7500
312889,313919,Soul Slice,520,1.0,8820,8800,10240,4100,4040,4340,4960,2800,300,0,9000,4480,3900,3000,5600,3300,6300,6240,3080,3520,9760,7500
315379,316539,Shadow of Death,300,1.0,8820,8800,10240,4100,4040,4340,4960,2800,300,0,9000,4480,3900,3000,5600,3600,6300,6240,3080,3520,9760,7500
316345,316877,Auto,90,1.0,8910,8800,10240,4100,4040,4340,4960,2800,300,0,9000,4480,3900,3000,5600,3600,6300,6240,3080,3520,9760,7500
317870,318360,Slice,420,1.0,8910,8800,10240,4100,4040,4340,4960,2800,300,0,9000,4480,3900,3000,5600,3600,6720,6240,3080,3520,9760,7500
319545,320077,Auto,90,1.0,9000,8800,10240,4100,4040,4340,4960,2800,300,0,9000,4480,3900,3000,5600,3600,6720,6240,3080,3520,9760,7500
320360,320940,Waxing Slice,500,1.0,9000,8800,10240,4100,4040,4340,4960,2800,300,0,9000,4480,3900,3000,5600,3600,6720,6240,3080,3520,9760,8000
322745,323277,Auto,90,1.0,9090,8800,10240,4100,4040,4340,4960,2800,300,0,9000,4480,3900,3000,5600,3600,6720,6240,3080,3520,9760,8000
322851,323391,Infernal Slice,600,1.0,9090,8800,10240,4100,4040,4340,4960,2800,300,0,9600,4480,3900,3000,5600,3600,6720,6240,3080,3520,9760,8000
325341,325831,Slice,420,1.0,9090,8800,10240,4100,4040,4340,4960,2800,300,0,9600,4480,3900,3000,5600,3600,7140,6240,3080,3520,9760,8000
325945,326477,Auto,90,1.0,9180,8800,10240,4100,4040,4340,4960,2800,300,0,9600,4480,3900,3000,5600,3600,7140,6240,3080,3520,9760,8000
325961,326501,Unveiled Gallows,440,1.0,9180,8800,10240,4100,4040,4340,4960,2800,300,0,9600,4480,3900,3000,5600,3600,7140,6240,3520,3520,9760,8000
327832,328322,Gallows,620,1.0,9180,8800,10240,4100,4040,4960,4960,2800,300,0,9600,4480,3900,3000,5600,3600,7140,6240,3520,3520,9760,8000
328452,329522,Gluttony,560,1.0,9180,8800,10240,4100,4040,4960,4960,3360,300,0,9600,4480,3900,3000,5600,3600,7140,6240,3520,3520,9760,8000
329145,329677,Auto,90,1.0,9270,8800,10240,4100,4040,4960,4960,3360,300,0,9600,4480,3900,3000,5600,3600,7140,6240,3520,3520,9760,8000
330322,330942,Executioner's Gibbet,820,1.0,9270,8800,10240,4100,4860,4960,4960,3360,300,0,9600,4480,3900,3000,5600,3600,7140,6240,3520,3520,9760,8000
332345,332877,Auto,90,1.0,9360,8800,10240,4100,4860,4960,4960,3360,300,0,9600,4480,3900,3000,5600,3600,7140,6240,3520,3520,9760,8000
332813,334953,Executioner's Gallows,820,1.0,9360,8800,10240,4920,4860,4960,4960,3360,300,0,9600,4480,3900,3000,5600,3600,7140,6240,3520,3520,9760,8000
335545,336077,Auto,90,1.0,9450,8800,10240,4920,4860,4960,4960,3360,300,0,9600,4480,3900,3000,5600,3600,7140,6240,3520,3520,9760,8000
335303,336463,Shadow of Death,300,1.0,9450,8800,10240,4920,4860,4960,4960,3360,300,0,9600,4480,3900,3000,5600,3900,7140,6240,3520,3520,9760,8000
337793,338823,Soul Slice,520,1.0,9450,8800,10240,4920,4860,4960,4960,3360,300,0,9600,4480,3900,3000,5600,3900,7140,6760,3520,3520,9760,8000
338413,338953,Unveiled Gibbet,440,1.0,9450,8800,10240,4920,4860,4960,4960,3360,300,0,9600,4480,3900,3000,5600,3900,7140,6760,3520,3960,9760,8000
338745,339277,Auto,90,1.0,9540,8800,10240,4920,4860,4960,4960,3360,300,0,9600,4480,3900,3000,5600,3900,7140,6760,3520,3960,9760,8000
340284,340774,Gibbet,620,1.0,9540,8800,10240,4920,4860,4960,5580,3360,300,0,9600,4480,3900,3000,5600,3900,7140,6760,3520,3960,9760,8000
341945,342477,Auto,90,1.0,9630,8800,10240,4920,4860,4960,5580,3360,300,0,9600,4480,3900,3000,5600,3900,7140,6760,3520,3960,9760,8000
342774,343354,Waxing Slice,500,1.0,9630,8800,10240,4920,4860,4960,5580,3360,300,0,9600,4480,3900,3000,5600,3900,7140,6760,3520,3960,9760,8500
345145,345677,Auto,90,1.0,9720,8800,10240,4920,4860,4960,5580,3360,300,0,9600,4480,3900,3000,5600,3900,7140,6760,3520,3960,9760,8500
345265,345805,Infernal Slice,600,1.0,9720,8800,10240,4920,4860,4960,5580,3360,300,0,10200,4480,3900,3000,5600,3900,7140,6760,3520,3960,9760,8500
347755,348245,Slice,420,1.0,9720,8800,10240,4920,4860,4960,5580,3360,300,0,10200,4480,3900,3000,5600,3900,7560,6760,3520,3960,9760,8500
348345,348877,Auto,90,1.0,9810,8800,10240,4920,4860,4960,5580,3360,300,0,10200,4480,3900,3000,5600,3900,7560,6760,3520,3960,9760,8500
350246,350826,Waxing Slice,500,1.0,9810,8800,10240,4920,4860,4960,5580,3360,300,0,10200,4480,3900,3000,5600,3900,7560,6760,3520,3960,9760,9000
351545,352077,Auto,90,1.0,9900,8800,10240,4920,4860,4960,5580,3360,300,0,10200,4480,3900,3000,5600,3900,7560,6760,3520,3960,9760,9000
352736,353276,Infernal Slice,600,1.0,9900,8800,10240,4920,4860,4960,5580,3360,300,0,10800,4480,3900,3000,5600,3900,7560,6760,3520,3960,9760,9000
353356,353896,Unveiled Gallows,440,1.0,9900,8800,10240,4920,4860,4960,5580,3360,300,0,10800,4480,3900,3000,5600,3900,7560,6760,3960,3960,9760,9000
354745,355277,Auto,90,1.0,9990,8800,10240,4920,4860,4960,5580,3360,300,0,10800,4480,3900,3000,5600,3900,7560,6760,3960,3960,9760,9000
355227,355717,Gallows,620,1.0,9990,8800,10240,4920,4860,5580,5580,3360,300,0,10800,4480,3900,3000,5600,3900,7560,6760,3960,3960,9760,9000
357717,358207,Slice,420,1.0,9990,8800,10240,4920,4860,5580,5580,3360,300,0,10800,4480,3900,3000,5600,3900,7980,6760,3960,3960,9760,9000
357945,358477,Auto,90,1.0,10080,8800,10240,4920,4860,5580,5580,3360,300,0,10800,4480,3900,3000,5600,3900,7980,6760,3960,3960,9760,9000
360208,360788,Waxing Slice,500,1.0,10080,8800,10240,4920,4860,5580,5580,3360,300,0,10800,4480,3900,3000,5600,3900,7980,6760,3960,3960,9760,9500
361145,361677,Auto,90,1.0,10170,8800,10240,4920,4860,5580,5580,3360,300,0,10800,4480,3900,3000,5600,3900,7980,6760,3960,3960,9760,9500
362698,363238,Void Reaping,580,1.0,10170,8800,10240,4920,4860,5580,5580,3360,300,0,10800,4480,3900,3000,5600,3900,7980,6760,3960,3960,10340,9500
364345,364877,Auto,90,1.0,10260,8800,10240,4920,4860,5580,5580,3360,300,0,10800,4480,3900,3000,5600,3900,7980,6760,3960,3960,10340,9500
364199,365359,Shadow of Death,300,1.0,10260,8800,10240,4920,4860,5580,5580,3360,300,0,10800,4480,3900,3000,5600,4200,7980,6760,3960,3960,10340,9500
366689,367309,Cross Reaping,640,1.0,10260,8800,10880,4920,4860,5580,5580,3360,300,0,10800,4480,3900,3000,5600,4200,7980,6760,3960,3960,10340,9500
367309,368019,Lemure's Slice,280,1.0,10260,8800,10880,4920,4860,5580,5580,3360,300,0,10800,4760,3900,3000,5600,4200,7980,6760,3960,3960,10340,9500
367545,368077,Auto,90,1.0,10350,8800,10880,4920,4860,5580,5580,3360,300,0,10800,4760,3900,3000,5600,4200,7980,6760,3960,3960,10340,9500
368190,368730,Void Reaping,640,1.0,10350,8800,10880,4920,4860,5580,5580,3360,300,0,10800,4760,3900,3000,5600,4200,7980,6760,3960,3960,10980,9500
368810,369570,Sacrificium,700,1.0,10350,8800,10880,4920,4860,5580,5580,3360,300,0,10800,4760,3900,3000,6300,4200,7980,6760,3960,3960,10980,9500
369690,370310,Cross Reaping,640,1.0,10350,8800,11520,4920,4860,5580,5580,3360,300,0,10800,4760,3900,3000,6300,4200,7980,6760,3960,3960,10980,9500
370310,371020,Lemure's Slice,280,1.0,10350,8800,11520,4920,4860,5580,5580,3360,300,0,10800,5040,3900,3000,6300,4200,7980,6760,3960,3960,10980,9500
370745,371277,Auto,90,1.0,10440,8800,11520,4920,4860,5580,5580,3360,300,0,10800,5040,3900,3000,6300,4200,7980,6760,3960,3960,10980,9500
371991,372611,Communio,1100,1.0,10440,9900,11520,4920,4860,5580,5580,3360,300,0,10800,5040,3900,3000,6300,4200,7980,6760,3960,3960,10980,9500
373945,374477,Auto,90,1.0,10530,9900,11520,4920,4860,5580,5580,3360,300,0,10800,5040,3900,3000,6300,4200,7980,6760,3960,3960,10980,9500
373691,374851,Plentiful Harvest,1000,1.0,10530,9900,11520,4920,4860,5580,5580,3360,300,0,10800,5040,3900,4000,6300,4200,7980,6760,3960,3960,10980,9500
376182,376722,Void Reaping,580,1.0,10530,9900,11520,4920,4860,5580,5580,3360,300,0,10800,5040,3900,4000,6300,4200,7980,6760,3960,3960,11560,9500
376802,377562,Sacrificium,700,1.0,10530,9900,11520,4920,4860,5580,5580,3360,300,0,10800,5040,3900,4000,7000,4200,7980,6760,3960,3960,11560,9500
377145,377677,Auto,90,1.0,10620,9900,11520,4920,4860,5580,5580,3360,300,0,10800,5040,3900,4000,7000,4200,7980,6760,3960,3960,11560,9500
377682,378302,Cross Reaping,640,1.0,10620,9900,12160,4920,4860,5580,5580,3360,300,0,10800,5040,3900,4000,7000,4200,7980,6760,3960,3960,11560,9500
378302,379012,Lemure's Slice,280,1.0,10620,9900,12160,4920,4860,5580,5580,3360,300,0,10800,5320,3900,4000,7000,4200,7980,6760,3960,3960,11560,9500
379183,379723,Void Reaping,640,1.0,10620,9900,12160,4920,4860,5580,5580,3360,300,0,10800,5320,3900,4000,7000,4200,7980,6760,3960,3960,12200,9500
380345,380877,Auto,90,1.0,10710,9900,12160,4920,4860,5580,5580,3360,300,0,10800,5320,3900,4000,7000,4200,7980,6760,3960,3960,12200,9500
380683,381303,Cross Reaping,640,1.0,10710,9900,12800,4920,4860,5580,5580,3360,300,0,10800,5320,3900,4000,7000,4200,7980,6760,3960,3960,12200,9500
381303,382013,Lemure's Slice,280,1.0,10710,9900,12800,4920,4860,5580,5580,3360,300,0,10800,5600,3900,4000,7000,4200,7980,6760,3960,3960,12200,9500
382984,383604,Communio,1100,1.0,10710,11000,12800,4920,4860,5580,5580,3360,300,0,10800,5600,3900,4000,7000,4200,7980,6760,3960,3960,12200,9500
383545,384077,Auto,90,1.0,10800,11000,12800,4920,4860,5580,5580,3360,300,0,10800,5600,3900,4000,7000,4200,7980,6760,3960,3960,12200,9500
384684,385974,Perfectio,1300,1.0,10800,11000,12800,4920,4860,5580,5580,3360,300,0,10800,5600,5200,4000,7000,4200,7980,6760,3960,3960,12200,9500
386745,387277,Auto,90,1.0,10890,11000,12800,4920,4860,5580,5580,3360,300,0,10800,5600,5200,4000,7000,4200,7980,6760,3960,3960,12200,9500
387175,387715,Infernal Slice,600,1.0,10890,11000,12800,4920,4860,5580,5580,3360,300,0,11400,5600,5200,4000,7000,4200,7980,6760,3960,3960,12200,9500
389945,390477,Auto,90,1.0,10980,11000,12800,4920,4860,5580,5580,3360,300,0,11400,5600,5200,4000,7000,4200,7980,6760,3960,3960,12200,9500
389665,390695,Soul Slice,520,1.0,10980,11000,12800,4920,4860,5580,5580,3360,300,0,11400,5600,5200,4000,7000,4200,7980,7280,3960,3960,12200,9500
390285,391355,Gluttony,560,1.0,10980,11000,12800,4920,4860,5580,5580,3920,300,0,11400,5600,5200,4000,7000,4200,7980,7280,3960,3960,12200,9500
392156,392776,Executioner's Gibbet,820,1.0,10980,11000,12800,4920,5680,5580,5580,3920,300,0,11400,5600,5200,4000,7000,4200,7980,7280,3960,3960,12200,9500
393145,393677,Auto,90,1.0,11070,11000,12800,4920,5680,5580,5580,3920,300,0,11400,5600,5200,4000,7000,4200,7980,7280,3960,3960,12200,9500
394646,396786,Executioner's Gallows,820,1.0,11070,11000,12800,5740,5680,5580,5580,3920,300,0,11400,5600,5200,4000,7000,4200,7980,7280,3960,3960,12200,9500
396345,396877,Auto,90,1.0,11160,11000,12800,5740,5680,5580,5580,3920,300,0,11400,5600,5200,4000,7000,4200,7980,7280,3960,3960,12200,9500
397137,398167,Soul Slice,520,1.0,11160,11000,12800,5740,5680,5580,5580,3920,300,0,11400,5600,5200,4000,7000,4200,7980,7800,3960,3960,12200,9500
397757,398297,Unveiled Gibbet,440,1.0,11160,11000,12800,5740,5680,5580,5580,3920,300,0,11400,5600,5200,4000,7000,4200,7980,7800,3960,4400,12200,9500
399545,400077,Auto,90,1.0,11250,11000,12800,5740,5680,5580,5580,3920,300,0,11400,5600,5200,4000,7000,4200,7980,7800,3960,4400,12200,9500
399627,400117,Gibbet,620,1.0,11250,11000,12800,5740,5680,5580,6200,3920,300,0,11400,5600,5200,4000,7000,4200,7980,7800,3960,4400,12200,9500
402745,403277,Auto,90,1.0,11340,11000,12800,5740,5680,5580,6200,3920,300,0,11400,5600,5200,4000,7000,4200,7980,7800,3960,4400,12200,9500
402118,403278,Shadow of Death,300,1.0,11340,11000,12800,5740,5680,5580,6200,3920,300,0,11400,5600,5200,4000,7000,4500,7980,7800,3960,4400,12200,9500
404608,405098,Slice,420,1.0,11340,11000,12800,5740,5680,5580,6200,3920,300,0,11400,5600,5200,4000,7000,4500,8400,7800,3960,4400,12200,9500
405945,406477,Auto,90,1.0,11430,11000,12800,5740,5680,5580,6200,3920,300,0,11400,5600,5200,4000,7000,4500,8400,7800,3960,4400,12200,9500
407099,407679,Waxing Slice,500,1.0,11430,11000,12800,5740,5680,5580,6200,3920,300,0,11400,5600,5200,4000,7000,4500,8400,7800,3960,4400,12200,10000
407719,408259,Unveiled Gallows,440,1.0,11430,11000,12800,5740,5680,5580,6200,3920,300,0,11400,5600,5200,4000,7000,4500,8400,7800,4400,4400,12200,10000
409145,409677,Auto,90,1.0,11520,11000,12800,5740,5680,5580,6200,3920,300,0,11400,5600,5200,4000,7000,4500,8400,7800,4400,4400,12200,10000
409589,410079,Gallows,620,1.0,11520,11000,12800,5740,5680,6200,6200,3920,300,0,11400,5600,5200,4000,7000,4500,8400,7800,4400,4400,12200,10000
412080,412620,Infernal Slice,600,1.0,11520,11000,12800,5740,5680,6200,6200,3920,300,0,12000,5600,5200,4000,7000,4500,8400,7800,4400,4400,12200,10000
412345,412877,Auto,90,1.0,11610,11000,12800,5740,5680,6200,6200,3920,300,0,12000,5600,5200,4000,7000,4500,8400,7800,4400,4400,12200,10000
414570,415060,Slice,420,1.0,11610,11000,12800,5740,5680,6200,6200,3920,300,0,12000,5600,5200,4000,7000,4500,8820,7800,4400,4400,12200,10000
415545,416077,Auto,90,1.0,11700,11000,12800,5740,5680,6200,6200,3920,300,0,12000,5600,5200,4000,7000,4500,8820,7800,4400,4400,12200,10000
417061,417641,Waxing Slice,500,1.0,11700,11000,12800,5740,5680,6200,6200,3920,300,0,12000,5600,5200,4000,7000,4500,8820,7800,4400,4400,12200,10500
418745,419277,Auto,90,1.0,11790,11000,12800,5740,5680,6200,6200,3920,300,0,12000,5600,5200,4000,7000,4500,8820,7800,4400,4400,12200,10500
419551,420091,Infernal Slice,600,1.0,11790,11000,12800,5740,5680,6200,6200,3920,300,0,12600,5600,5200,4000,7000,4500,8820,7800,4400,4400,12200,10500
421945,422477,Auto,90,1.0,11880,11000,12800,5740,5680,6200,6200,3920,300,0,12600,5600,5200,4000,7000,4500,8820,7800,4400,4400,12200,10500
422042,422532,Slice,420,1.0,11880,11000,12800,5740,5680,6200,6200,3920,300,0,12600,5600,5200,4000,7000,4500,9240,7800,4400,4400,12200,10500
422662,423202,Unveiled Gibbet,440,1.0,11880,11000,12800,5740,5680,6200,6200,3920,300,0,12600,5600,5200,4000,7000,4500,9240,7800,4400,4840,12200,10500
424532,425022,Gibbet,620,1.0,11880,11000,12800,5740,5680,6200,6820,3920,300,0,12600,5600,5200,4000,7000,4500,9240,7800,4400,4840,12200,10500
425145,425677,Auto,90,1.0,11970,11000,12800,5740,5680,6200,6820,3920,300,0,12600,5600,5200,4000,7000,4500,9240,7800,4400,4840,12200,10500
427023,427603,Waxing Slice,500,1.0,11970,11000,12800,5740,5680,6200,6820,3920,300,0,12600,5600,5200,4000,7000,4500,9240,7800,4400,4840,12200,11000
428345,428877,Auto,90,1.0,12060,11000,12800,5740,5680,6200,6820,3920,300,0,12600,5600,5200,4000,7000,4500,9240,7800,4400,4840,12200,11000
429513,430543,Soul Slice,520,1.0,12060,11000,12800,5740,5680,6200,6820,3920,300,0,12600,5600,5200,4000,7000,4500,9240,8320,4400,4840,12200,11000
431545,432077,Auto,90,1.0,12150,11000,12800,5740,5680,6200,6820,3920,300,0,12600,5600,5200,4000,7000,4500,9240,8320,4400,4840,12200,11000
432004,432544,Infernal Slice,600,1.0,12150,11000,12800,5740,5680,6200,6820,3920,300,0,13200,5600,5200,4000,7000,4500,9240,8320,4400,4840,12200,11000
434745,435277,Auto,90,1.0,12240,11000,12800,5740,5680,6200,6820,3920,300,0,13200,5600,5200,4000,7000,4500,9240,8320,4400,4840,12200,11000
434494,435654,Shadow of Death,300,1.0,12240,11000,12800,5740,5680,6200,6820,3920,300,0,13200,5600,5200,4000,7000,4800,9240,8320,4400,4840,12200,11000
436985,437525,Void Reaping,580,1.0,12240,11000,12800,5740,5680,6200,6820,3920,300,0,13200,5600,5200,4000,7000,4800,9240,8320,4400,4840,12780,11000
437605,438365,Sacrificium,700,1.0,12240,11000,12800,5740,5680,6200,6820,3920,300,0,13200,5600,5200,4000,7700,4800,9240,8320,4400,4840,12780,11000
437945,438477,Auto,90,1.0,12330,11000,12800,5740,5680,6200,6820,3920,300,0,13200,5600,5200,4000,7700,4800,9240,8320,4400,4840,12780,11000
438485,439105,Cross Reaping,640,1.0,12330,11000,13440,5740,5680,6200,6820,3920,300,0,13200,5600,5200,4000,7700,4800,9240,8320,4400,4840,12780,11000
439105,439815,Lemure's Slice,280,1.0,12330,11000,13440,5740,5680,6200,6820,3920,300,0,13200,5880,5200,4000,7700,4800,9240,8320,4400,4840,12780,11000
439986,440526,Void Reaping,640,1.0,12330,11000,13440,5740,5680,6200,6820,3920,300,0,13200,5880,5200,4000,7700,4800,9240,8320,4400,4840,13420,11000
441145,441677,Auto,90,1.0,12420,11000,13440,5740,5680,6200,6820,3920,300,0,13200,5880,5200,4000,7700,4800,9240,8320,4400,4840,13420,11000
441486,442106,Cross Reaping,640,1.0,12420,11000,14080,5740,5680,6200,6820,3920,300,0,13200,5880,5200,4000,7700,4800,9240,8320,4400,4840,13420,11000
442106,442816,Lemure's Slice,280,1.0,12420,11000,14080,5740,5680,6200,6820,3920,300,0,13200,6160,5200,4000,7700,4800,9240,8320,4400,4840,13420,11000
443787,444407,Communio,1100,1.0,12420,12100,14080,5740,5680,6200,6820,3920,300,0,13200,6160,5200,4000,7700,4800,9240,8320,4400,4840,13420,11000
444345,444877,Auto,90,1.0,12510,12100,14080,5740,5680,6200,6820,3920,300,0,13200,6160,5200,4000,7700,4800,9240,8320,4400,4840,13420,11000
445487,445977,Slice,420,1.0,12510,12100,14080,5740,5680,6200,6820,3920,300,0,13200,6160,5200,4000,7700,4800,9660,8320,4400,4840,13420,11000
447545,448077,Auto,90,1.0,12600,12100,14080,5740,5680,6200,6820,3920,300,0,13200,6160,5200,4000,7700,4800,9660,8320,4400,4840,13420,11000
447978,448558,Waxing Slice,500,1.0,12600,12100,14080,5740,5680,6200,6820,3920,300,0,13200,6160,5200,4000,7700,4800,9660,8320,4400,4840,13420,11500
450468,451008,Infernal Slice,600,1.0,12600,12100,14080,5740,5680,6200,6820,3920,300,0,13800,6160,5200,4000,7700,4800,9660,8320,4400,4840,13420,11500
450745,451277,Auto,90,1.0,12690,12100,14080,5740,5680,6200,6820,3920,300,0,13800,6160,5200,4000,7700,4800,9660,8320,4400,4840,13420,11500
451088,452158,Gluttony,560,1.0,12690,12100,14080,5740,5680,6200,6820,4480,300,0,13800,6160,5200,4000,7700,4800,9660,8320,4400,4840,13420,11500
453945,454477,Auto,90,1.0,12780,12100,14080,5740,5680,6200,6820,4480,300,0,13800,6160,5200,4000,7700,4800,9660,8320,4400,4840,13420,11500
452959,455099,Executioner's Gallows,820,1.0,12780,12100,14080,6560,5680,6200,6820,4480,300,0,13800,6160,5200,4000,7700,4800,9660,8320,4400,4840,13420,11500
455449,456069,Executioner's Gibbet,820,1.0,12780,12100,14080,6560,6500,6200,6820,4480,300,0,13800,6160,5200,4000,7700,4800,9660,8320,4400,4840,13420,11500
456069,456609,Unveiled Gallows,440,1.0,12780,12100,14080,6560,6500,6200,6820,4480,300,0,13800,6160,5200,4000,7700,4800,9660,8320,4840,4840,13420,11500
457145,457677,Auto,90,1.0,12870,12100,14080,6560,6500,6200,6820,4480,300,0,13800,6160,5200,4000,7700,4800,9660,8320,4840,4840,13420,11500
457940,458430,Gallows,620,1.0,12870,12100,14080,6560,6500,6820,6820,4480,300,0,13800,6160,5200,4000,7700,4800,9660,8320,4840,4840,13420,11500
460345,460877,Auto,90,1.0,12960,12100,14080,6560,6500,6820,6820,4480,300,0,13800,6160,5200,4000,7700,4800,9660,8320,4840,4840,13420,11500
460430,461460,Soul Slice,520,1.0,12960,12100,14080,6560,6500,6820,6820,4480,300,0,13800,6160,5200,4000,7700,4800,9660,8840,4840,4840,13420,11500
461050,461590,Unveiled Gibbet,440,1.0,12960,12100,14080,6560,6500,6820,6820,4480,300,0,13800,6160,5200,4000,7700,4800,9660,8840,4840,5280,13420,11500
462921,463411,Gibbet,620,1.0,12960,12100,14080,6560,6500,6820,7440,4480,300,0,13800,6160,5200,4000,7700,4800,9660,8840,4840,5280,13420,11500
463545,464077,Auto,90,1.0,13050,12100,14080,6560,6500,6820,7440,4480,300,0,13800,6160,5200,4000,7700,4800,9660,8840,4840,5280,13420,11500
465411,466571,Shadow of Death,300,1.0,13050,12100,14080,6560,6500,6820,7440,4480,300,0,13800,6160,5200,4000,7700,5100,9660,8840,4840,5280,13420,11500
466745,467277,Auto,90,1.0,13140,12100,14080,6560,6500,6820,7440,4480,300,0,13800,6160,5200,4000,7700,5100,9660,8840,4840,5280,13420,11500
467902,468392,Slice,420,1.0,13140,12100,14080,6560,6500,6820,7440,4480,300,0,13800,6160,5200,4000,7700,5100,10080,8840,4840,5280,13420,11500
469945,470477,Auto,90,1.0,13230,12100,14080,6560,6500,6820,7440,4480,300,0,13800,6160,5200,4000,7700,5100,10080,8840,4840,5280,13420,11500
470392,470972,Waxing Slice,500,1.0,13230,12100,14080,6560,6500,6820,7440,4480,300,0,13800,6160,5200,4000,7700,5100,10080,8840,4840,5280,13420,12000
472883,473423,Infernal Slice,600,1.0,13230,12100,14080,6560,6500,6820,7440,4480,300,0,14400,6160,5200,4000,7700,5100,10080,8840,4840,5280,13420,12000
473145,473677,Auto,90,1.0,13320,12100,14080,6560,6500,6820,7440,4480,300,0,14400,6160,5200,4000,7700,5100,10080,8840,4840,5280,13420,12000
475373,475863,Slice,420,1.0,13320,12100,14080,6560,6500,6820,7440,4480,300,0,14400,6160,5200,4000,7700,5100,10500,8840,4840,5280,13420,12000
476345,476877,Auto,90,1.0,13410,12100,14080,6560,6500,6820,7440,4480,300,0,14400,6160,5200,4000,7700,5100,10500,8840,4840,5280,13420,12000
477864,478444,Waxing Slice,500,1.0,13410,12100,14080,6560,6500,6820,7440,4480,300,0,14400,6160,5200,4000,7700,5100,10500,8840,4840,5280,13420,12500
478484,479024,Unveiled Gallows,440,1.0,13410,12100,14080,6560,6500,6820,7440,4480,300,0,14400,6160,5200,4000,7700,5100,10500,8840,5280,5280,13420,12500
479545,480077,Auto,90,1.0,13500,12100,14080,6560,6500,6820,7440,4480,300,0,14400,6160,5200,4000,7700,5100,10500,8840,5280,5280,13420,12500
480354,480844,Gallows,620,1.0,13500,12100,14080,6560,6500,7440,7440,4480,300,0,14400,6160,5200,4000,7700,5100,10500,8840,5280,5280,13420,12500
482745,483277,Auto,90,1.0,13590,12100,14080,6560,6500,7440,7440,4480,300,0,14400,6160,5200,4000,7700,5100,10500,8840,5280,5280,13420,12500
482845,483385,Void Reaping,580,1.0,13590,12100,14080,6560,6500,7440,7440,4480,300,0,14400,6160,5200,4000,7700,5100,10500,8840,5280,5280,14000,12500
484345,485505,Shadow of Death,300,1.0,13590,12100,14080,6560,6500,7440,7440,4480,300,0,14400,6160,5200,4000,7700,5400,10500,8840,5280,5280,14000,12500
485945,486477,Auto,90,1.0,13680,12100,14080,6560,6500,7440,7440,4480,300,0,14400,6160,5200,4000,7700,5400,10500,8840,5280,5280,14000,12500
486836,487456,Cross Reaping,640,1.0,13680,12100,14720,6560,6500,7440,7440,4480,300,0,14400,6160,5200,4000,7700,5400,10500,8840,5280,5280,14000,12500
487456,488216,Sacrificium,700,1.0,13680,12100,14720,6560,6500,7440,7440,4480,300,0,14400,6160,5200,4000,8400,5400,10500,8840,5280,5280,14000,12500
488336,488876,Void Reaping,640,1.0,13680,12100,14720,6560,6500,7440,7440,4480,300,0,14400,6160,5200,4000,8400,5400,10500,8840,5280,5280,14640,12500
488956,489666,Lemure's Slice,280,1.0,13680,12100,14720,6560,6500,7440,7440,4480,300,0,14400,6440,5200,4000,8400,5400,10500,8840,5280,5280,14640,12500
489145,489677,Auto,90,1.0,13770,12100,14720,6560,6500,7440,7440,4480,300,0,14400,6440,5200,4000,8400,5400,10500,8840,5280,5280,14640,12500
489837,490457,Cross Reaping,640,1.0,13770,12100,15360,6560,6500,7440,7440,4480,300,0,14400,6440,5200,4000,8400,5400,10500,8840,5280,5280,14640,12500
490457,491167,Lemure's Slice,280,1.0,13770,12100,15360,6560,6500,7440,7440,4480,300,0,14400,6720,5200,4000,8400,5400,10500,8840,5280,5280,14640,12500
492137,492757,Communio,1100,1.0,13770,13200,15360,6560,6500,7440,7440,4480,300,0,14400,6720,5200,4000,8400,5400,10500,8840,5280,5280,14640,12500
492637,493169,Auto,90,1.0,13860,13200,15360,6560,6500,7440,7440,4480,300,0,14400,6720,5200,4000,8400,5400,10500,8840,5280,5280,14640,12500
493838,494998,Plentiful Harvest,1000,1.0,13860,13200,15360,6560,6500,7440,7440,4480,300,0,14400,6720,5200,5000,8400,5400,10500,8840,5280,5280,14640,12500
495078,495838,Sacrificium,700,1.0,13860,13200,15360,6560,6500,7440,7440,4480,300,0,14400,6720,5200,5000,9100,5400,10500,8840,5280,5280,14640,12500
495837,496369,Auto,90,1.0,13950,13200,15360,6560,6500,7440,7440,4480,300,0,14400,6720,5200,5000,9100,5400,10500,8840,5280,5280,14640,12500
496328,496868,Void Reaping,580,1.0,13950,13200,15360,6560,6500,7440,7440,4480,300,0,14400,6720,5200,5000,9100,5400,10500,8840,5280,5280,15220,12500
497829,498449,Cross Reaping,640,1.0,13950,13200,16000,6560,6500,7440,7440,4480,300,0,14400,6720,5200,5000,9100,5400,10500,8840,5280,5280,15220,12500
498449,499159,Lemure's Slice,280,1.0,13950,13200,16000,6560,6500,7440,7440,4480,300,0,14400,7000,5200,5000,9100,5400,10500,8840,5280,5280,15220,12500
499037,499569,Auto,90,1.0,14040,13200,16000,6560,6500,7440,7440,4480,300,0,14400,7000,5200,5000,9100,5400,10500,8840,5280,5280,15220,12500
499329,499869,Void Reaping,640,1.0,14040,13200,16000,6560,6500,7440,7440,4480,300,0,14400,7000,5200,5000,9100,5400,10500,8840,5280,5280,15860,12500
500830,501450,Cross Reaping,640,1.0,14040,13200,16640,6560,6500,7440,7440,4480,300,0,14400,7000,5200,5000,9100,5400,10500,8840,5280,5280,15860,12500
501450,502160,Lemure's Slice,280,1.0,14040,13200,16640,6560,6500,7440,7440,4480,300,0,14400,7280,5200,5000,9100,5400,10500,8840,5280,5280,15860,12500
502237,502769,Auto,90,1.0,14130,13200,16640,6560,6500,7440,7440,4480,300,0,14400,7280,5200,5000,9100,5400,10500,8840,5280,5280,15860,12500
503130,503750,Communio,1100,1.0,14130,14300,16640,6560,6500,7440,7440,4480,300,0,14400,7280,5200,5000,9100,5400,10500,8840,5280,5280,15860,12500
505437,505969,Auto,90,1.0,14220,14300,16640,6560,6500,7440,7440,4480,300,0,14400,7280,5200,5000,9100,5400,10500,8840,5280,5280,15860,12500
504831,506121,Perfectio,1300,1.0,14220,14300,16640,6560,6500,7440,7440,4480,300,0,14400,7280,6500,5000,9100,5400,10500,8840,5280,5280,15860,12500
507321,507861,Infernal Slice,600,1.0,14220,14300,16640,6560,6500,7440,7440,4480,300,0,15000,7280,6500,5000,9100,5400,10500,8840,5280,5280,15860,12500
508637,509169,Auto,90,1.0,14310,14300,16640,6560,6500,7440,7440,4480,300,0,15000,7280,6500,5000,9100,5400,10500,8840,5280,5280,15860,12500
509812,510842,Soul Slice,520,1.0,14310,14300,16640,6560,6500,7440,7440,4480,300,0,15000,7280,6500,5000,9100,5400,10500,9360,5280,5280,15860,12500
511088,512158,Gluttony,560,1.0,14310,14300,16640,6560,6500,7440,7440,5040,300,0,15000,7280,6500,5000,9100,5400,10500,9360,5280,5280,15860,12500
511837,512369,Auto,90,1.0,14400,14300,16640,6560,6500,7440,7440,5040,300,0,15000,7280,6500,5000,9100,5400,10500,9360,5280,5280,15860,12500
512302,512922,Executioner's Gibbet,820,1.0,14400,14300,16640,6560,7320,7440,7440,5040,300,0,15000,7280,6500,5000,9100,5400,10500,9360,5280,5280,15860,12500
515037,515569,Auto,90,1.0,14490,14300,16640,6560,7320,7440,7440,5040,300,0,15000,7280,6500,5000,9100,5400,10500,9360,5280,5280,15860,12500
514792,516932,Executioner's Gallows,820,1.0,14490,14300,16640,7380,7320,7440,7440,5040,300,0,15000,7280,6500,5000,9100,5400,10500,9360,5280,5280,15860,12500
517283,518443,Shadow of Death,300,1.0,14490,14300,16640,7380,7320,7440,7440,5040,300,0,15000,7280,6500,5000,9100,5700,10500,9360,5280,5280,15860,12500
518237,518769,Auto,90,1.0,14580,14300,16640,7380,7320,7440,7440,5040,300,0,15000,7280,6500,5000,9100,5700,10500,9360,5280,5280,15860,12500
519773,520803,Soul Slice,520,1.0,14580,14300,16640,7380,7320,7440,7440,5040,300,0,15000,7280,6500,5000,9100,5700,10500,9880,5280,5280,15860,12500
520393,520933,Unveiled Gibbet,440,1.0,14580,14300,16640,7380,7320,7440,7440,5040,300,0,15000,7280,6500,5000,9100,5700,10500,9880,5280,5720,15860,12500
521437,521969,Auto,90,1.0,14670,14300,16640,7380,7320,7440,7440,5040,300,0,15000,7280,6500,5000,9100,5700,10500,9880,5280,5720,15860,12500
522264,522754,Gibbet,620,1.0,14670,14300,16640,7380,7320,7440,8060,5040,300,0,15000,7280,6500,5000,9100,5700,10500,9880,5280,5720,15860,12500
524637,525169,Auto,90,1.0,14760,14300,16640,7380,7320,7440,8060,5040,300,0,15000,7280,6500,5000,9100,5700,10500,9880,5280,5720,15860,12500
524754,525244,Slice,420,1.0,14760,14300,16640,7380,7320,7440,8060,5040,300,0,15000,7280,6500,5000,9100,5700,10920,9880,5280,5720,15860,12500
527245,527825,Waxing Slice,500,1.0,14760,14300,16640,7380,7320,7440,8060,5040,300,0,15000,7280,6500,5000,9100,5700,10920,9880,5280,5720,15860,13000
527837,528369,Auto,90,1.0,14850,14300,16640,7380,7320,7440,8060,5040,300,0,15000,7280,6500,5000,9100,5700,10920,9880,5280,5720,15860,13000
529735,530275,Infernal Slice,600,1.0,14850,14300,16640,7380,7320,7440,8060,5040,300,0,15600,7280,6500,5000,9100,5700,10920,9880,5280,5720,15860,13000
531037,531569,Auto,90,1.0,14940,14300,16640,7380,7320,7440,8060,5040,300,0,15600,7280,6500,5000,9100,5700,10920,9880,5280,5720,15860,13000
532226,532716,Slice,420,1.0,14940,14300,16640,7380,7320,7440,8060,5040,300,0,15600,7280,6500,5000,9100,5700,11340,9880,5280,5720,15860,13000
534237,534769,Auto,90,1.0,15030,14300,16640,7380,7320,7440,8060,5040,300,0,15600,7280,6500,5000,9100,5700,11340,9880,5280,5720,15860,13000
534716,535296,Waxing Slice,500,1.0,15030,14300,16640,7380,7320,7440,8060,5040,300,0,15600,7280,6500,5000,9100,5700,11340,9880,5280,5720,15860,13500
535336,535876,Unveiled Gallows,440,1.0,15030,14300,16640,7380,7320,7440,8060,5040,300,0,15600,7280,6500,5000,9100,5700,11340,9880,5720,5720,15860,13500
537207,537697,Gallows,620,1.0,15030,14300,16640,7380,7320,8060,8060,5040,300,0,15600,7280,6500,5000,9100,5700,11340,9880,5720,5720,15860,13500
537437,537969,Auto,90,1.0,15120,14300,16640,7380,7320,8060,8060,5040,300,0,15600,7280,6500,5000,9100,5700,11340,9880,5720,5720,15860,13500
539697,540237,Infernal Slice,600,1.0,15120,14300,16640,7380,7320,8060,8060,5040,300,0,16200,7280,6500,5000,9100,5700,11340,9880,5720,5720,15860,13500
540637,541169,Auto,90,1.0,15210,14300,16640,7380,7320,8060,8060,5040,300,0,16200,7280,6500,5000,9100,5700,11340,9880,5720,5720,15860,13500
542188,542678,Slice,420,1.0,15210,14300,16640,7380,7320,8060,8060,5040,300,0,16200,7280,6500,5000,9100,5700,11760,9880,5720,5720,15860,13500
543837,544369,Auto,90,1.0,15300,14300,16640,7380,7320,8060,8060,5040,300,0,16200,7280,6500,5000,9100,5700,11760,9880,5720,5720,15860,13500
544678,545258,Waxing Slice,500,1.0,15300,14300,16640,7380,7320,8060,8060,5040,300,0,16200,7280,6500,5000,9100,5700,11760,9880,5720,5720,15860,14000
547037,547569,Auto,90,1.0,15390,14300,16640,7380,7320,8060,8060,5040,300,0,16200,7280,6500,5000,9100,5700,11760,9880,5720,5720,15860,14000
547169,548199,Soul Slice,520,1.0,15390,14300,16640,7380,7320,8060,8060,5040,300,0,16200,7280,6500,5000,9100,5700,11760,10400,5720,5720,15860,14000
547789,548329,Unveiled Gibbet,440,1.0,15390,14300,16640,7380,7320,8060,8060,5040,300,0,16200,7280,6500,5000,9100,5700,11760,10400,5720,6160,15860,14000
549659,550149,Gibbet,620,1.0,15390,14300,16640,7380,7320,8060,8680,5040,300,0,16200,7280,6500,5000,9100,5700,11760,10400,5720,6160,15860,14000
550237,550769,Auto,90,1.0,15480,14300,16640,7380,7320,8060,8680,5040,300,0,16200,7280,6500,5000,9100,5700,11760,10400,5720,6160,15860,14000
552150,553310,Shadow of Death,300,1.0,15480,14300,16640,7380,7320,8060,8680,5040,300,0,16200,7280,6500,5000,9100,6000,11760,10400,5720,6160,15860,14000
553437,553969,Auto,90,1.0,15570,14300,16640,7380,7320,8060,8680,5040,300,0,16200,7280,6500,5000,9100,6000,11760,10400,5720,6160,15860,14000
554640,555180,Infernal Slice,600,1.0,15570,14300,16640,7380,7320,8060,8680,5040,300,0,16800,7280,6500,5000,9100,6000,11760,10400,5720,6160,15860,14000
556637,557169,Auto,90,1.0,15660,14300,16640,7380,7320,8060,8680,5040,300,0,16800,7280,6500,5000,9100,6000,11760,10400,5720,6160,15860,14000
557131,557621,Slice,420,1.0,15660,14300,16640,7380,7320,8060,8680,5040,300,0,16800,7280,6500,5000,9100,6000,12180,10400,5720,6160,15860,14000
559621,560201,Waxing Slice,500,1.0,15660,14300,16640,7380,7320,8060,8680,5040,300,0,16800,7280,6500,5000,9100,6000,12180,10400,5720,6160,15860,14500
559837,560369,Auto,90,1.0,15750,14300,16640,7380,7320,8060,8680,5040,300,0,16800,7280,6500,5000,9100,6000,12180,10400,5720,6160,15860,14500
562112,562652,Infernal Slice,600,1.0,15750,14300,16640,7380,7320,8060,8680,5040,300,0,17400,7280,6500,5000,9100,6000,12180,10400,5720,6160,15860,14500
563037,563569,Auto,90,1.0,15840,14300,16640,7380,7320,8060,8680,5040,300,0,17400,7280,6500,5000,9100,6000,12180,10400,5720,6160,15860,14500
564602,565092,Slice,420,1.0,15840,14300,16640,7380,7320,8060,8680,5040,300,0,17400,7280,6500,5000,9100,6000,12600,10400,5720,6160,15860,14500
566237,566769,Auto,90,1.0,15930,14300,16640,7380,7320,8060,8680,5040,300,0,17400,7280,6500,5000,9100,6000,12600,10400,5720,6160,15860,14500
567093,567673,Waxing Slice,500,1.0,15930,14300,16640,7380,7320,8060,8680,5040,300,0,17400,7280,6500,5000,9100,6000,12600,10400,5720,6160,15860,15000
567713,568253,Unveiled Gallows,440,1.0,15930,14300,16640,7380,7320,8060,8680,5040,300,0,17400,7280,6500,5000,9100,6000,12600,10400,6160,6160,15860,15000
569437,569969,Auto,90,1.0,16020,14300,16640,7380,7320,8060,8680,5040,300,0,17400,7280,6500,5000,9100,6000,12600,10400,6160,6160,15860,15000
569583,570073,Gallows,620,1.0,16020,14300,16640,7380,7320,8680,8680,5040,300,0,17400,7280,6500,5000,9100,6000,12600,10400,6160,6160,15860,15000
571088,572158,Gluttony,560,1.0,16020,14300,16640,7380,7320,8680,8680,5600,300,0,17400,7280,6500,5000,9100,6000,12600,10400,6160,6160,15860,15000
572074,572694,Executioner's Gibbet,820,1.0,16020,14300,16640,7380,8140,8680,8680,5600,300,0,17400,7280,6500,5000,9100,6000,12600,10400,6160,6160,15860,15000
572637,573169,Auto,90,1.0,16110,14300,16640,7380,8140,8680,8680,5600,300,0,17400,7280,6500,5000,9100,6000,12600,10400,6160,6160,15860,15000
575837,576369,Auto,90,1.0,16200,14300,16640,7380,8140,8680,8680,5600,300,0,17400,7280,6500,5000,9100,6000,12600,10400,6160,6160,15860,15000
574564,576704,Executioner's Gallows,820,1.0,16200,14300,16640,8200,8140,8680,8680,5600,300,0,17400,7280,6500,5000,9100,6000,12600,10400,6160,6160,15860,15000
577055,578085,Soul Slice,520,1.0,16200,14300,16640,8200,8140,8680,8680,5600,300,0,17400,7280,6500,5000,9100,6000,12600,10920,6160,6160,15860,15000
577675,578215,Unveiled Gibbet,440,1.0,16200,14300,16640,8200,8140,8680,8680,5600,300,0,17400,7280,6500,5000,9100,6000,12600,10920,6160,6600,15860,15000
579037,579569,Auto,90,1.0,16290,14300,16640,8200,8140,8680,8680,5600,300,0,17400,7280,6500,5000,9100,6000,12600,10920,6160,6600,15860,15000
579545,580035,Gibbet,620,1.0,16290,14300,16640,8200,8140,8680,9300,5600,300,0,17400,7280,6500,5000,9100,6000,12600,10920,6160,6600,15860,15000
582036,582576,Infernal Slice,600,1.0,16290,14300,16640,8200,8140,8680,9300,5600,300,0,18000,7280,6500,5000,9100,6000,12600,10920,6160,6600,15860,15000
582237,582769,Auto,90,1.0,16380,14300,16640,8200,8140,8680,9300,5600,300,0,18000,7280,6500,5000,9100,6000,12600,10920,6160,6600,15860,15000
584526,585686,Shadow of Death,300,1.0,16380,14300,16640,8200,8140,8680,9300,5600,300,0,18000,7280,6500,5000,9100,6300,12600,10920,6160,6600,15860,15000
585437,585969,Auto,90,1.0,16470,14300,16640,8200,8140,8680,9300,5600,300,0,18000,7280,6500,5000,9100,6300,12600,10920,6160,6600,15860,15000
587017,587507,Slice,420,1.0,16470,14300,16640,8200,8140,8680,9300,5600,300,0,18000,7280,6500,5000,9100,6300,13020,10920,6160,6600,15860,15000
588637,589169,Auto,90,1.0,16560,14300,16640,8200,8140,8680,9300,5600,300,0,18000,7280,6500,5000,9100,6300,13020,10920,6160,6600,15860,15000
589507,590087,Waxing Slice,500,1.0,16560,14300,16640,8200,8140,8680,9300,5600,300,0,18000,7280,6500,5000,9100,6300,13020,10920,6160,6600,15860,15500
591837,592369,Auto,90,1.0,16650,14300,16640,8200,8140,8680,9300,5600,300,0,18000,7280,6500,5000,9100,6300,13020,10920,6160,6600,15860,15500
591998,592538,Infernal Slice,600,1.0,16650,14300,16640,8200,8140,8680,9300,5600,300,0,18600,7280,6500,5000,9100,6300,13020,10920,6160,6600,15860,15500
594488,594978,Slice,420,1.0,16650,14300,16640,8200,8140,8680,9300,5600,300,0,18600,7280,6500,5000,9100,6300,13440,10920,6160,6600,15860,15500
595037,595569,Auto,90,1.0,16740,14300,16640,8200,8140,8680,9300,5600,300,0,18600,7280,6500,5000,9100,6300,13440,10920,6160,6600,15860,15500
595108,595648,Unveiled Gallows,440,1.0,16740,14300,16640,8200,8140,8680,9300,5600,300,0,18600,7280,6500,5000,9100,6300,13440,10920,6600,6600,15860,15500
596979,597469,Gallows,620,1.0,16740,14300,16640,8200,8140,9300,9300,5600,300,0,18600,7280,6500,5000,9100,6300,13440,10920,6600,6600,15860,15500
598237,598769,Auto,90,1.0,16830,14300,16640,8200,8140,9300,9300,5600,300,0,18600,7280,6500,5000,9100,6300,13440,10920,6600,6600,15860,15500
599469,600049,Waxing Slice,500,1.0,16830,14300,16640,8200,8140,9300,9300,5600,300,0,18600,7280,6500,5000,9100,6300,13440,10920,6600,6600,15860,16000
601437,601969,Auto,90,1.0,16920,14300,16640,8200,8140,9300,9300,5600,300,0,18600,7280,6500,5000,9100,6300,13440,10920,6600,6600,15860,16000
601960,602500,Void Reaping,580,1.0,16920,14300,16640,8200,8140,9300,9300,5600,300,0,18600,7280,6500,5000,9100,6300,13440,10920,6600,6600,16440,16000
603460,604620,Shadow of Death,300,1.0,16920,14300,16640,8200,8140,9300,9300,5600,300,0,18600,7280,6500,5000,9100,6600,13440,10920,6600,6600,16440,16000
604637,605169,Auto,90,1.0,17010,14300,16640,8200,8140,9300,9300,5600,300,0,18600,7280,6500,5000,9100,6600,13440,10920,6600,6600,16440,16000
606093,606713,Cross Reaping,640,1.0,17010,14300,17280,8200,8140,9300,9300,5600,300,0,18600,7280,6500,5000,9100,6600,13440,10920,6600,6600,16440,16000
606713,607423,Lemure's Slice,280,1.0,17010,14300,17280,8200,8140,9300,9300,5600,300,0,18600,7560,6500,5000,9100,6600,13440,10920,6600,6600,16440,16000
607593,608133,Void Reaping,640,1.0,17010,14300,17280,8200,8140,9300,9300,5600,300,0,18600,7560,6500,5000,9100,6600,13440,10920,6600,6600,17080,16000
607837,608369,Auto,90,1.0,17100,14300,17280,8200,8140,9300,9300,5600,300,0,18600,7560,6500,5000,9100,6600,13440,10920,6600,6600,17080,16000
608213,608973,Sacrificium,700,1.0,17100,14300,17280,8200,8140,9300,9300,5600,300,0,18600,7560,6500,5000,9800,6600,13440,10920,6600,6600,17080,16000
609094,609714,Cross Reaping,640,1.0,17100,14300,17920,8200,8140,9300,9300,5600,300,0,18600,7560,6500,5000,9800,6600,13440,10920,6600,6600,17080,16000
609714,610424,Lemure's Slice,280,1.0,17100,14300,17920,8200,8140,9300,9300,5600,300,0,18600,7840,6500,5000,9800,6600,13440,10920,6600,6600,17080,16000
611394,612014,Communio,1100,1.0,17100,15400,17920,8200,8140,9300,9300,5600,300,0,18600,7840,6500,5000,9800,6600,13440,10920,6600,6600,17080,16000
611894,612426,Auto,90,1.0,17190,15400,17920,8200,8140,9300,9300,5600,300,0,18600,7840,6500,5000,9800,6600,13440,10920,6600,6600,17080,16000
613095,614255,Plentiful Harvest,1000,1.0,17190,15400,17920,8200,8140,9300,9300,5600,300,0,18600,7840,6500,6000,9800,6600,13440,10920,6600,6600,17080,16000
615094,615626,Auto,90,1.0,17280,15400,17920,8200,8140,9300,9300,5600,300,0,18600,7840,6500,6000,9800,6600,13440,10920,6600,6600,17080,16000
615585,616125,Void Reaping,580,1.0,17280,15400,17920,8200,8140,9300,9300,5600,300,0,18600,7840,6500,6000,9800,6600,13440,10920,6600,6600,17660,16000
616205,616965,Sacrificium,700,1.0,17280,15400,17920,8200,8140,9300,9300,5600,300,0,18600,7840,6500,6000,10500,6600,13440,10920,6600,6600,17660,16000
617086,617706,Cross Reaping,640,1.0,17280,15400,18560,8200,8140,9300,9300,5600,300,0,18600,7840,6500,6000,10500,6600,13440,10920,6600,6600,17660,16000
617706,618416,Lemure's Slice,280,1.0,17280,15400,18560,8200,8140,9300,9300,5600,300,0,18600,8120,6500,6000,10500,6600,13440,10920,6600,6600,17660,16000
618294,618826,Auto,90,1.0,17370,15400,18560,8200,8140,9300,9300,5600,300,0,18600,8120,6500,6000,10500,6600,13440,10920,6600,6600,17660,16000
618586,619126,Void Reaping,640,1.0,17370,15400,18560,8200,8140,9300,9300,5600,300,0,18600,8120,6500,6000,10500,6600,13440,10920,6600,6600,18300,16000
620087,620707,Cross Reaping,640,1.0,17370,15400,19200,8200,8140,9300,9300,5600,300,0,18600,8120,6500,6000,10500,6600,13440,10920,6600,6600,18300,16000
620707,621417,Lemure's Slice,280,1.0,17370,15400,19200,8200,8140,9300,9300,5600,300,0,18600,8400,6500,6000,10500,6600,13440,10920,6600,6600,18300,16000
621494,622026,Auto,90,1.0,17460,15400,19200,8200,8140,9300,9300,5600,300,0,18600,8400,6500,6000,10500,6600,13440,10920,6600,6600,18300,16000
622387,623007,Communio,1100,1.0,17460,16500,19200,8200,8140,9300,9300,5600,300,0,18600,8400,6500,6000,10500,6600,13440,10920,6600,6600,18300,16000
624694,625226,Auto,90,1.0,17550,16500,19200,8200,8140,9300,9300,5600,300,0,18600,8400,6500,6000,10500,6600,13440,10920,6600,6600,18300,16000
624088,625378,Perfectio,1300,1.0,17550,16500,19200,8200,8140,9300,9300,5600,300,0,18600,8400,7800,6000,10500,6600,13440,10920,6600,6600,18300,16000
626578,627118,Infernal Slice,600,1.0,17550,16500,19200,8200,8140,9300,9300,5600,300,0,19200,8400,7800,6000,10500,6600,13440,10920,6600,6600,18300,16000
627894,628426,Auto,90,1.0,17640,16500,19200,8200,8140,9300,9300,5600,300,0,19200,8400,7800,6000,10500,6600,13440,10920,6600,6600,18300,16000
629069,630099,Soul Slice,520,1.0,17640,16500,19200,8200,8140,9300,9300,5600,300,0,19200,8400,7800,6000,10500,6600,13440,11440,6600,6600,18300,16000
631094,631626,Auto,90,1.0,17730,16500,19200,8200,8140,9300,9300,5600,300,0,19200,8400,7800,6000,10500,6600,13440,11440,6600,6600,18300,16000
631559,632049,Slice,420,1.0,17730,16500,19200,8200,8140,9300,9300,5600,300,0,19200,8400,7800,6000,10500,6600,13860,11440,6600,6600,18300,16000
632179,633249,Gluttony,560,1.0,17730,16500,19200,8200,8140,9300,9300,6160,300,0,19200,8400,7800,6000,10500,6600,13860,11440,6600,6600,18300,16000
634050,634670,Executioner's Gibbet,820,1.0,17730,16500,19200,8200,8960,9300,9300,6160,300,0,19200,8400,7800,6000,10500,6600,13860,11440,6600,6600,18300,16000
634294,634826,Auto,90,1.0,17820,16500,19200,8200,8960,9300,9300,6160,300,0,19200,8400,7800,6000,10500,6600,13860,11440,6600,6600,18300,16000
637494,638026,Auto,90,1.0,17910,16500,19200,8200,8960,9300,9300,6160,300,0,19200,8400,7800,6000,10500,6600,13860,11440,6600,6600,18300,16000
636540,638680,Executioner's Gallows,820,1.0,17910,16500,19200,9020,8960,9300,9300,6160,300,0,19200,8400,7800,6000,10500,6600,13860,11440,6600,6600,18300,16000
639031,640061,Soul Slice,520,1.0,17910,16500,19200,9020,8960,9300,9300,6160,300,0,19200,8400,7800,6000,10500,6600,13860,11960,6600,6600,18300,16000
639651,640191,Unveiled Gibbet,440,1.0,17910,16500,19200,9020,8960,9300,9300,6160,300,0,19200,8400,7800,6000,10500,6600,13860,11960,6600,7040,18300,16000
640694,641226,Auto,90,1.0,18000,16500,19200,9020,8960,9300,9300,6160,300,0,19200,8400,7800,6000,10500,6600,13860,11960,6600,7040,18300,16000
641521,642011,Gibbet,620,1.0,18000,16500,19200,9020,8960,9300,9920,6160,300,0,19200,8400,7800,6000,10500,6600,13860,11960,6600,7040,18300,16000
643894,644426,Auto,90,1.0,18090,16500,19200,9020,8960,9300,9920,6160,300,0,19200,8400,7800,6000,10500,6600,13860,11960,6600,7040,18300,16000
644012,645172,Shadow of Death,300,1.0,18090,16500,19200,9020,8960,9300,9920,6160,300,0,19200,8400,7800,6000,10500,6900,13860,11960,6600,7040,18300,16000
646502,647042,Void Reaping,580,1.0,18090,16500,19200,9020,8960,9300,9920,6160,300,0,19200,8400,7800,6000,10500,6900,13860,11960,6600,7040,18880,16000
647094,647626,Auto,90,1.0,18180,16500,19200,9020,8960,9300,9920,6160,300,0,19200,8400,7800,6000,10500,6900,13860,11960,6600,7040,18880,16000
647122,647882,Sacrificium,700,1.0,18180,16500,19200,9020,8960,9300,9920,6160,300,0,19200,8400,7800,6000,11200,6900,13860,11960,6600,7040,18880,16000
648003,648623,Cross Reaping,640,1.0,18180,16500,19840,9020,8960,9300,9920,6160,300,0,19200,8400,7800,6000,11200,6900,13860,11960,6600,7040,18880,16000
648623,649333,Lemure's Slice,280,1.0,18180,16500,19840,9020,8960,9300,9920,6160,300,0,19200,8680,7800,6000,11200,6900,13860,11960,6600,7040,18880,16000
649503,650043,Void Reaping,640,1.0,18180,16500,19840,9020,8960,9300,9920,6160,300,0,19200,8680,7800,6000,11200,6900,13860,11960,6600,7040,19520,16000
650294,650826,Auto,90,1.0,18270,16500,19840,9020,8960,9300,9920,6160,300,0,19200,8680,7800,6000,11200,6900,13860,11960,6600,7040,19520,16000
651004,651624,Cross Reaping,640,1.0,18270,16500,20480,9020,8960,9300,9920,6160,300,0,19200,8680,7800,6000,11200,6900,13860,11960,6600,7040,19520,16000
651624,652334,Lemure's Slice,280,1.0,18270,16500,20480,9020,8960,9300,9920,6160,300,0,19200,8960,7800,6000,11200,6900,13860,11960,6600,7040,19520,16000
653304,653924,Communio,1100,1.0,18270,17600,20480,9020,8960,9300,9920,6160,300,0,19200,8960,7800,6000,11200,6900,13860,11960,6600,7040,19520,16000
653804,654336,Auto,90,1.0,18360,17600,20480,9020,8960,9300,9920,6160,300,0,19200,8960,7800,6000,11200,6900,13860,11960,6600,7040,19520,16000
655005,655585,Waxing Slice,500,1.0,18360,17600,20480,9020,8960,9300,9920,6160,300,0,19200,8960,7800,6000,11200,6900,13860,11960,6600,7040,19520,16500
657004,657536,Auto,90,1.0,18450,17600,20480,9020,8960,9300,9920,6160,300,0,19200,8960,7800,6000,11200,6900,13860,11960,6600,7040,19520,16500
657495,658035,Infernal Slice,600,1.0,18450,17600,20480,9020,8960,9300,9920,6160,300,0,19800,8960,7800,6000,11200,6900,13860,11960,6600,7040,19520,16500
658115,658655,Unveiled Gallows,440,1.0,18450,17600,20480,9020,8960,9300,9920,6160,300,0,19800,8960,7800,6000,11200,6900,13860,11960,7040,7040,19520,16500
659986,660476,Gallows,620,1.0,18450,17600,20480,9020,8960,9920,9920,6160,300,0,19800,8960,7800,6000,11200,6900,13860,11960,7040,7040,19520,16500
660204,660736,Auto,90,1.0,18540,17600,20480,9020,8960,9920,9920,6160,300,0,19800,8960,7800,6000,11200,6900,13860,11960,7040,7040,19520,16500
662476,663636,Shadow of Death,300,1.0,18540,17600,20480,9020,8960,9920,9920,6160,300,0,19800,8960,7800,6000,11200,7200,13860,11960,7040,7040,19520,16500
663404,663936,Auto,90,1.0,18630,17600,20480,9020,8960,9920,9920,6160,300,0,19800,8960,7800,6000,11200,7200,13860,11960,7040,7040,19520,16500
664967,665457,Slice,420,1.0,18630,17600,20480,9020,8960,9920,9920,6160,300,0,19800,8960,7800,6000,11200,7200,14280,11960,7040,7040,19520,16500
666604,667136,Auto,90,1.0,18720,17600,20480,9020,8960,9920,9920,6160,300,0,19800,8960,7800,6000,11200,7200,14280,11960,7040,7040,19520,16500
667457,668037,Waxing Slice,500,1.0,18720,17600,20480,9020,8960,9920,9920,6160,300,0,19800,8960,7800,6000,11200,7200,14280,11960,7040,7040,19520,17000
669804,670336,Auto,90,1.0,18810,17600,20480,9020,8960,9920,9920,6160,300,0,19800,8960,7800,6000,11200,7200,14280,11960,7040,7040,19520,17000
669948,670488,Infernal Slice,600,1.0,18810,17600,20480,9020,8960,9920,9920,6160,300,0,20400,8960,7800,6000,11200,7200,14280,11960,7040,7040,19520,17000
672438,673468,Soul Slice,520,1.0,18810,17600,20480,9020,8960,9920,9920,6160,300,0,20400,8960,7800,6000,11200,7200,14280,12480,7040,7040,19520,17000
673004,673536,Auto,90,1.0,18900,17600,20480,9020,8960,9920,9920,6160,300,0,20400,8960,7800,6000,11200,7200,14280,12480,7040,7040,19520,17000
673058,673598,Unveiled Gibbet,440,1.0,18900,17600,20480,9020,8960,9920,9920,6160,300,0,20400,8960,7800,6000,11200,7200,14280,12480,7040,7480,19520,17000
674929,675419,Gibbet,620,1.0,18900,17600,20480,9020,8960,9920,10540,6160,300,0,20400,8960,7800,6000,11200,7200,14280,12480,7040,7480,19520,17000
676204,676736,Auto,90,1.0,18990,17600,20480,9020,8960,9920,10540,6160,300,0,20400,8960,7800,6000,11200,7200,14280,12480,7040,7480,19520,17000
677419,677909,Slice,420,1.0,18990,17600,20480,9020,8960,9920,10540,6160,300,0,20400,8960,7800,6000,11200,7200,14700,12480,7040,7480,19520,17000
679404,679936,Auto,90,1.0,19080,17600,20480,9020,8960,9920,10540,6160,300,0,20400,8960,7800,6000,11200,7200,14700,12480,7040,7480,19520,17000
679910,680490,Waxing Slice,500,1.0,19080,17600,20480,9020,8960,9920,10540,6160,300,0,20400,8960,7800,6000,11200,7200,14700,12480,7040,7480,19520,17500
682400,682940,Infernal Slice,600,1.0,19080,17600,20480,9020,8960,9920,10540,6160,300,0,21000,8960,7800,6000,11200,7200,14700,12480,7040,7480,19520,17500
682604,683136,Auto,90,1.0,19170,17600,20480,9020,8960,9920,10540,6160,300,0,21000,8960,7800,6000,11200,7200,14700,12480,7040,7480,19520,17500
684891,685381,Slice,420,1.0,19170,17600,20480,9020,8960,9920,10540,6160,300,0,21000,8960,7800,6000,11200,7200,15120,12480,7040,7480,19520,17500
685804,686336,Auto,90,1.0,19260,17600,20480,9020,8960,9920,10540,6160,300,0,21000,8960,7800,6000,11200,7200,15120,12480,7040,7480,19520,17500
687381,687961,Waxing Slice,500,1.0,19260,17600,20480,9020,8960,9920,10540,6160,300,0,21000,8960,7800,6000,11200,7200,15120,12480,7040,7480,19520,18000
689004,689536,Auto,90,1.0,19350,17600,20480,9020,8960,9920,10540,6160,300,0,21000,8960,7800,6000,11200,7200,15120,12480,7040,7480,19520,18000
689872,690412,Infernal Slice,600,1.0,19350,17600,20480,9020,8960,9920,10540,6160,300,0,21600,8960,7800,6000,11200,7200,15120,12480,7040,7480,19520,18000
692204,692736,Auto,90,1.0,19440,17600,20480,9020,8960,9920,10540,6160,300,0,21600,8960,7800,6000,11200,7200,15120,12480,7040,7480,19520,18000
692362,692852,Slice,420,1.0,19440,17600,20480,9020,8960,9920,10540,6160,300,0,21600,8960,7800,6000,11200,7200,15540,12480,7040,7480,19520,18000
692982,694052,Gluttony,560,1.0,19440,17600,20480,9020,8960,9920,10540,6720,300,0,21600,8960,7800,6000,11200,7200,15540,12480,7040,7480,19520,18000
695404,695936,Auto,90,1.0,19530,17600,20480,9020,8960,9920,10540,6720,300,0,21600,8960,7800,6000,11200,7200,15540,12480,7040,7480,19520,18000
694853,696993,Executioner's Gallows,820,1.0,19530,17600,20480,9840,8960,9920,10540,6720,300,0,21600,8960,7800,6000,11200,7200,15540,12480,7040,7480,19520,18000
697343,697963,Executioner's Gibbet,820,1.0,19530,17600,20480,9840,9780,9920,10540,6720,300,0,21600,8960,7800,6000,11200,7200,15540,12480,7040,7480,19520,18000
698604,699136,Auto,90,1.0,19620,17600,20480,9840,9780,9920,10540,6720,300,0,21600,8960,7800,6000,11200,7200,15540,12480,7040,7480,19520,18000
699833,700863,Soul Slice,520,1.0,19620,17600,20480,9840,9780,9920,10540,6720,300,0,21600,8960,7800,6000,11200,7200,15540,13000,7040,7480,19520,18000
700453,700993,Unveiled Gallows,440,1.0,19620,17600,20480,9840,9780,9920,10540,6720,300,0,21600,8960,7800,6000,11200,7200,15540,13000,7480,7480,19520,18000
701804,702336,Auto,90,1.0,19710,17600,20480,9840,9780,9920,10540,6720,300,0,21600,8960,7800,6000,11200,7200,15540,13000,7480,7480,19520,18000
702324,702814,Gallows,620,1.0,19710,17600,20480,9840,9780,10540,10540,6720,300,0,21600,8960,7800,6000,11200,7200,15540,13000,7480,7480,19520,18000
705004,705536,Auto,90,1.0,19800,17600,20480,9840,9780,10540,10540,6720,300,0,21600,8960,7800,6000,11200,7200,15540,13000,7480,7480,19520,18000
704814,705974,Shadow of Death,300,1.0,19800,17600,20480,9840,9780,10540,10540,6720,300,0,21600,8960,7800,6000,11200,7500,15540,13000,7480,7480,19520,18000
707305,707885,Waxing Slice,500,1.0,19800,17600,20480,9840,9780,10540,10540,6720,300,0,21600,8960,7800,6000,11200,7500,15540,13000,7480,7480,19520,18500
708204,708736,Auto,90,1.0,19890,17600,20480,9840,9780,10540,10540,6720,300,0,21600,8960,7800,6000,11200,7500,15540,13000,7480,7480,19520,18500
709795,710335,Infernal Slice,600,1.0,19890,17600,20480,9840,9780,10540,10540,6720,300,0,22200,8960,7800,6000,11200,7500,15540,13000,7480,7480,19520,18500
710415,710955,Unveiled Gibbet,440,1.0,19890,17600,20480,9840,9780,10540,10540,6720,300,0,22200,8960,7800,6000,11200,7500,15540,13000,7480,7920,19520,18500
711404,711936,Auto,90,1.0,19980,17600,20480,9840,9780,10540,10540,6720,300,0,22200,8960,7800,6000,11200,7500,15540,13000,7480,7920,19520,18500
712286,712776,Gibbet,620,1.0,19980,17600,20480,9840,9780,10540,11160,6720,300,0,22200,8960,7800,6000,11200,7500,15540,13000,7480,7920,19520,18500
714604,715136,Auto,90,1.0,20070,17600,20480,9840,9780,10540,11160,6720,300,0,22200,8960,7800,6000,11200,7500,15540,13000,7480,7920,19520,18500
714776,715266,Slice,420,1.0,20070,17600,20480,9840,9780,10540,11160,6720,300,0,22200,8960,7800,6000,11200,7500,15960,13000,7480,7920,19520,18500
717267,717847,Waxing Slice,500,1.0,20070,17600,20480,9840,9780,10540,11160,6720,300,0,22200,8960,7800,6000,11200,7500,15960,13000,7480,7920,19520,19000
717804,718336,Auto,90,1.0,20160,17600,20480,9840,9780,10540,11160,6720,300,0,22200,8960,7800,6000,11200,7500,15960,13000,7480,7920,19520,19000
719757,720297,Infernal Slice,600,1.0,20160,17600,20480,9840,9780,10540,11160,6720,300,0,22800,8960,7800,6000,11200,7500,15960,13000,7480,7920,19520,19000
720377,720917,Unveiled Gallows,440,1.0,20160,17600,20480,9840,9780,10540,11160,6720,300,0,22800,8960,7800,6000,11200,7500,15960,13000,7920,7920,19520,19000
721004,721536,Auto,90,1.0,20250,17600,20480,9840,9780,10540,11160,6720,300,0,22800,8960,7800,6000,11200,7500,15960,13000,7920,7920,19520,19000
722248,722738,Gallows,620,1.0,20250,17600,20480,9840,9780,11160,11160,6720,300,0,22800,8960,7800,6000,11200,7500,15960,13000,7920,7920,19520,19000
724204,724736,Auto,90,1.0,20340,17600,20480,9840,9780,11160,11160,6720,300,0,22800,8960,7800,6000,11200,7500,15960,13000,7920,7920,19520,19000
724738,725278,Void Reaping,580,1.0,20340,17600,20480,9840,9780,11160,11160,6720,300,0,22800,8960,7800,6000,11200,7500,15960,13000,7920,7920,20100,19000
726239,726859,Cross Reaping,640,1.0,20340,17600,21120,9840,9780,11160,11160,6720,300,0,22800,8960,7800,6000,11200,7500,15960,13000,7920,7920,20100,19000
726859,727569,Lemure's Slice,280,1.0,20340,17600,21120,9840,9780,11160,11160,6720,300,0,22800,9240,7800,6000,11200,7500,15960,13000,7920,7920,20100,19000
727404,727936,Auto,90,1.0,20430,17600,21120,9840,9780,11160,11160,6720,300,0,22800,9240,7800,6000,11200,7500,15960,13000,7920,7920,20100,19000
727739,728279,Void Reaping,640,1.0,20430,17600,21120,9840,9780,11160,11160,6720,300,0,22800,9240,7800,6000,11200,7500,15960,13000,7920,7920,20740,19000
728359,729119,Sacrificium,700,1.0,20430,17600,21120,9840,9780,11160,11160,6720,300,0,22800,9240,7800,6000,11900,7500,15960,13000,7920,7920,20740,19000
729240,729860,Cross Reaping,640,1.0,20430,17600,21760,9840,9780,11160,11160,6720,300,0,22800,9240,7800,6000,11900,7500,15960,13000,7920,7920,20740,19000
729860,730570,Lemure's Slice,280,1.0,20430,17600,21760,9840,9780,11160,11160,6720,300,0,22800,9520,7800,6000,11900,7500,15960,13000,7920,7920,20740,19000
730604,731136,Auto,90,1.0,20520,17600,21760,9840,9780,11160,11160,6720,300,0,22800,9520,7800,6000,11900,7500,15960,13000,7920,7920,20740,19000
731540,732160,Communio,1100,1.0,20520,18700,21760,9840,9780,11160,11160,6720,300,0,22800,9520,7800,6000,11900,7500,15960,13000,7920,7920,20740,19000
733804,734336,Auto,90,1.0,20610,18700,21760,9840,9780,11160,11160,6720,300,0,22800,9520,7800,6000,11900,7500,15960,13000,7920,7920,20740,19000
733241,734401,Plentiful Harvest,1000,1.0,20610,18700,21760,9840,9780,11160,11160,6720,300,0,22800,9520,7800,7000,11900,7500,15960,13000,7920,7920,20740,19000
735731,736271,Void Reaping,580,1.0,20610,18700,21760,9840,9780,11160,11160,6720,300,0,22800,9520,7800,7000,11900,7500,15960,13000,7920,7920,21320,19000
736351,737111,Sacrificium,700,1.0,20610,18700,21760,9840,9780,11160,11160,6720,300,0,22800,9520,7800,7000,12600,7500,15960,13000,7920,7920,21320,19000
737004,737536,Auto,90,1.0,20700,18700,21760,9840,9780,11160,11160,6720,300,0,22800,9520,7800,7000,12600,7500,15960,13000,7920,7920,21320,19000
737232,737852,Cross Reaping,640,1.0,20700,18700,22400,9840,9780,11160,11160,6720,300,0,22800,9520,7800,7000,12600,7500,15960,13000,7920,7920,21320,19000
737852,738562,Lemure's Slice,280,1.0,20700,18700,22400,9840,9780,11160,11160,6720,300,0,22800,9800,7800,7000,12600,7500,15960,13000,7920,7920,21320,19000
738732,739272,Void Reaping,640,1.0,20700,18700,22400,9840,9780,11160,11160,6720,300,0,22800,9800,7800,7000,12600,7500,15960,13000,7920,7920,21960,19000
740204,740736,Auto,90,1.0,20790,18700,22400,9840,9780,11160,11160,6720,300,0,22800,9800,7800,7000,12600,7500,15960,13000,7920,7920,21960,19000
740233,740853,Cross Reaping,640,1.0,20790,18700,23040,9840,9780,11160,11160,6720,300,0,22800,9800,7800,7000,12600,7500,15960,13000,7920,7920,21960,19000
740853,741563,Lemure's Slice,280,1.0,20790,18700,23040,9840,9780,11160,11160,6720,300,0,22800,10080,7800,7000,12600,7500,15960,13000,7920,7920,21960,19000
742533,743153,Communio,1100,1.0,20790,19800,23040,9840,9780,11160,11160,6720,300,0,22800,10080,7800,7000,12600,7500,15960,13000,7920,7920,21960,19000
743404,743936,Auto,90,1.0,20880,19800,23040,9840,9780,11160,11160,6720,300,0,22800,10080,7800,7000,12600,7500,15960,13000,7920,7920,21960,19000
744234,745524,Perfectio,1300,1.0,20880,19800,23040,9840,9780,11160,11160,6720,300,0,22800,10080,9100,7000,12600,7500,15960,13000,7920,7920,21960,19000
745474,746234,Sacrificium,700,1.0,20880,19800,23040,9840,9780,11160,11160,6720,300,0,22800,10080,9100,7000,13300,7500,15960,13000,7920,7920,21960,19000
746604,747136,Auto,90,1.0,20970,19800,23040,9840,9780,11160,11160,6720,300,0,22800,10080,9100,7000,13300,7500,15960,13000,7920,7920,21960,19000
747524,748144,Communio,1100,1.0,20970,20900,23040,9840,9780,11160,11160,6720,300,0,22800,10080,9100,7000,13300,7500,15960,13000,7920,7920,21960,19000
749804,750336,Auto,90,1.0,21060,20900,23040,9840,9780,11160,11160,6720,300,0,22800,10080,9100,7000,13300,7500,15960,13000,7920,7920,21960,19000
749225,750385,Harvest Moon,800,1.0,21060,20900,23040,9840,9780,11160,11160,6720,300,800,22800,10080,9100,7000,13300,7500,15960,13000,7920,7920,21960,19000
