sim_timestamp,sim_damage_timestamp,sim_name,sim_potency,sim_weight,Auto,Dosis III,Eukrasian Dosis III (dot),Phlegma III,Pneuma,Psyche,Toxikon II
-540,40,Pneuma,380,1.0,0,0,0,0,380,0,0
40,572,Auto,90,1.0,90,0,0,0,380,0,0
3401,4071,Dosis III,380,1.0,90,380,0,0,380,0,0
3901,4433,Auto,90,1.0,180,380,0,0,380,0,0
940,4500,Eukrasian Dosis III (dot),90,1.0,180,380,90,0,380,0,0
5841,6511,Dosis III,380,1.0,180,760,90,0,380,0,0
6701,7233,Auto,90,1.0,270,760,90,0,380,0,0
940,7500,Eukrasian Dosis III (dot),90,1.0,270,760,180,0,380,0,0
7322,7992,Phlegma III,690,1.0,270,760,180,690,380,0,0
7942,9042,Psyche,690,1.0,270,760,180,690,380,690,0
9501,10033,Auto,90,1.0,360,760,180,690,380,690,0
9762,10432,Phlegma III,690,1.0,360,760,180,1380,380,690,0
940,10500,Eukrasian Dosis III (dot),90,1.0,360,760,270,1380,380,690,0
940,13500,Eukrasian Dosis III (dot),90,1.0,360,760,360,1380,380,690,0
13163,13833,Dosis III,380,1.0,360,1140,360,1380,380,690,0
13663,14195,Auto,90,1.0,450,1140,360,1380,380,690,0
15603,16273,Dosis III,380,1.0,450,1520,360,1380,380,690,0
940,16500,Eukrasian Dosis III (dot),90,1.0,450,1520,450,1380,380,690,0
16463,16995,Auto,90,1.0,540,1520,450,1380,380,690,0
18044,18714,Dosis III,380,1.0,540,1900,450,1380,380,690,0
940,19500,Eukrasian Dosis III (dot),90,1.0,540,1900,540,1380,380,690,0
19263,19795,Auto,90,1.0,630,1900,540,1380,380,690,0
20484,21154,Dosis III,380,1.0,630,2280,540,1380,380,690,0
940,22500,Eukrasian Dosis III (dot),90,1.0,630,2280,630,1380,380,690,0
22924,23594,Dosis III,380,1.0,630,2660,630,1380,380,690,0
23424,23956,Auto,90,1.0,720,2660,630,1380,380,690,0
940,25500,Eukrasian Dosis III (dot),90,1.0,720,2660,720,1380,380,690,0
26224,26756,Auto,90,1.0,810,2660,720,1380,380,690,0
25406,28500,Eukrasian Dosis III (dot),90,1.0,810,2660,810,1380,380,690,0
27866,28536,Dosis III,380,1.0,810,3040,810,1380,380,690,0
29024,29556,Auto,90,1.0,900,3040,810,1380,380,690,0
30307,30977,Dosis III,380,1.0,900,3420,810,1380,380,690,0
25406,31500,Eukrasian Dosis III (dot),90,1.0,900,3420,900,1380,380,690,0
32747,33417,Dosis III,380,1.0,900,3800,900,1380,380,690,0
33247,33779,Auto,90,1.0,990,3800,900,1380,380,690,0
25406,34500,Eukrasian Dosis III (dot),90,1.0,990,3800,990,1380,380,690,0
35188,35858,Dosis III,380,1.0,990,4180,990,1380,380,690,0
36047,36579,Auto,90,1.0,1080,4180,990,1380,380,690,0
25406,37500,Eukrasian Dosis III (dot),90,1.0,1080,4180,1080,1380,380,690,0
37628,38298,Dosis III,380,1.0,1080,4560,1080,1380,380,690,0
38847,39379,Auto,90,1.0,1170,4560,1080,1380,380,690,0
25406,40500,Eukrasian Dosis III (dot),90,1.0,1170,4560,1170,1380,380,690,0
40069,40739,Dosis III,380,1.0,1170,4940,1170,1380,380,690,0
42509,43179,Dosis III,380,1.0,1170,5320,1170,1380,380,690,0
25406,43500,Eukrasian Dosis III (dot),90,1.0,1170,5320,1260,1380,380,690,0
43009,43541,Auto,90,1.0,1260,5320,1260,1380,380,690,0
44949,45619,Dosis III,380,1.0,1260,5700,1260,1380,380,690,0
45809,46341,Auto,90,1.0,1350,5700,1260,1380,380,690,0
25406,46500,Eukrasian Dosis III (dot),90,1.0,1350,5700,1350,1380,380,690,0
47390,48060,Dosis III,380,1.0,1350,6080,1350,1380,380,690,0
48609,49141,Auto,90,1.0,1440,6080,1350,1380,380,690,0
25406,49500,Eukrasian Dosis III (dot),90,1.0,1440,6080,1440,1380,380,690,0
49830,50500,Dosis III,380,1.0,1440,6460,1440,1380,380,690,0
25406,52500,Eukrasian Dosis III (dot),90,1.0,1440,6460,1530,1380,380,690,0
52271,52941,Dosis III,380,1.0,1440,6840,1530,1380,380,690,0
52771,53303,Auto,90,1.0,1530,6840,1530,1380,380,690,0
25406,55500,Eukrasian Dosis III (dot),90,1.0,1530,6840,1620,1380,380,690,0
55571,56103,Auto,90,1.0,1620,6840,1620,1380,380,690,0
57213,57883,Dosis III,380,1.0,1620,7220,1620,1380,380,690,0
54752,58500,Eukrasian Dosis III (dot),90,1.0,1620,7220,1710,1380,380,690,0
58371,58903,Auto,90,1.0,1710,7220,1710,1380,380,690,0
59653,60323,Dosis III,380,1.0,1710,7600,1710,1380,380,690,0
54752,61500,Eukrasian Dosis III (dot),90,1.0,1710,7600,1800,1380,380,690,0
62094,62764,Dosis III,380,1.0,1710,7980,1800,1380,380,690,0
62594,63126,Auto,90,1.0,1800,7980,1800,1380,380,690,0
54752,64500,Eukrasian Dosis III (dot),90,1.0,1800,7980,1890,1380,380,690,0
64534,65204,Dosis III,380,1.0,1800,8360,1890,1380,380,690,0
65394,65926,Auto,90,1.0,1890,8360,1890,1380,380,690,0
54752,67500,Eukrasian Dosis III (dot),90,1.0,1890,8360,1980,1380,380,690,0
66975,67645,Dosis III,380,1.0,1890,8740,1980,1380,380,690,0
68194,68726,Auto,90,1.0,1980,8740,1980,1380,380,690,0
67942,69042,Psyche,690,1.0,1980,8740,1980,1380,380,1380,0
69522,70192,Dosis III,380,1.0,1980,9120,1980,1380,380,1380,0
54752,70500,Eukrasian Dosis III (dot),90,1.0,1980,9120,2070,1380,380,1380,0
70994,71526,Auto,90,1.0,2070,9120,2070,1380,380,1380,0
71962,72632,Dosis III,380,1.0,2070,9500,2070,1380,380,1380,0
54752,73500,Eukrasian Dosis III (dot),90,1.0,2070,9500,2160,1380,380,1380,0
74403,75073,Dosis III,380,1.0,2070,9880,2160,1380,380,1380,0
74903,75435,Auto,90,1.0,2160,9880,2160,1380,380,1380,0
54752,76500,Eukrasian Dosis III (dot),90,1.0,2160,9880,2250,1380,380,1380,0
76843,77513,Dosis III,380,1.0,2160,10260,2250,1380,380,1380,0
77703,78235,Auto,90,1.0,2250,10260,2250,1380,380,1380,0
54752,79500,Eukrasian Dosis III (dot),90,1.0,2250,10260,2340,1380,380,1380,0
79284,79954,Dosis III,380,1.0,2250,10640,2340,1380,380,1380,0
80503,81035,Auto,90,1.0,2340,10640,2340,1380,380,1380,0
81724,82394,Dosis III,380,1.0,2340,11020,2340,1380,380,1380,0
54752,82500,Eukrasian Dosis III (dot),90,1.0,2340,11020,2430,1380,380,1380,0
83303,83835,Auto,90,1.0,2430,11020,2430,1380,380,1380,0
84205,85500,Eukrasian Dosis III (dot),90,1.0,2430,11020,2520,1380,380,1380,0
85706,86376,Phlegma III,690,1.0,2430,11020,2520,2070,380,1380,0
86103,86635,Auto,90,1.0,2520,11020,2520,2070,380,1380,0
84205,88500,Eukrasian Dosis III (dot),90,1.0,2520,11020,2610,2070,380,1380,0
89106,89776,Dosis III,380,1.0,2520,11400,2610,2070,380,1380,0
89606,90138,Auto,90,1.0,2610,11400,2610,2070,380,1380,0
84205,91500,Eukrasian Dosis III (dot),90,1.0,2610,11400,2700,2070,380,1380,0
91547,92217,Dosis III,380,1.0,2610,11780,2700,2070,380,1380,0
92406,92938,Auto,90,1.0,2700,11780,2700,2070,380,1380,0
84205,94500,Eukrasian Dosis III (dot),90,1.0,2700,11780,2790,2070,380,1380,0
93987,94657,Dosis III,380,1.0,2700,12160,2790,2070,380,1380,0
95206,95738,Auto,90,1.0,2790,12160,2790,2070,380,1380,0
96428,97098,Dosis III,380,1.0,2790,12540,2790,2070,380,1380,0
84205,97500,Eukrasian Dosis III (dot),90,1.0,2790,12540,2880,2070,380,1380,0
98868,99538,Dosis III,380,1.0,2790,12920,2880,2070,380,1380,0
99368,99900,Auto,90,1.0,2880,12920,2880,2070,380,1380,0
84205,100500,Eukrasian Dosis III (dot),90,1.0,2880,12920,2970,2070,380,1380,0
101309,101979,Dosis III,380,1.0,2880,13300,2970,2070,380,1380,0
102168,102700,Auto,90,1.0,2970,13300,2970,2070,380,1380,0
84205,103500,Eukrasian Dosis III (dot),90,1.0,2970,13300,3060,2070,380,1380,0
103749,104419,Dosis III,380,1.0,2970,13680,3060,2070,380,1380,0
104968,105500,Auto,90,1.0,3060,13680,3060,2070,380,1380,0
84205,106500,Eukrasian Dosis III (dot),90,1.0,3060,13680,3150,2070,380,1380,0
106189,106859,Dosis III,380,1.0,3060,14060,3150,2070,380,1380,0
108630,109300,Dosis III,380,1.0,3060,14440,3150,2070,380,1380,0
84205,109500,Eukrasian Dosis III (dot),90,1.0,3060,14440,3240,2070,380,1380,0
109130,109662,Auto,90,1.0,3150,14440,3240,2070,380,1380,0
111070,111740,Dosis III,380,1.0,3150,14820,3240,2070,380,1380,0
111930,112462,Auto,90,1.0,3240,14820,3240,2070,380,1380,0
84205,112500,Eukrasian Dosis III (dot),90,1.0,3240,14820,3330,2070,380,1380,0
114730,115262,Auto,90,1.0,3330,14820,3330,2070,380,1380,0
113552,115500,Eukrasian Dosis III (dot),90,1.0,3330,14820,3420,2070,380,1380,0
116012,116682,Dosis III,380,1.0,3330,15200,3420,2070,380,1380,0
113552,118500,Eukrasian Dosis III (dot),90,1.0,3330,15200,3510,2070,380,1380,0
118453,119123,Dosis III,380,1.0,3330,15580,3510,2070,380,1380,0
118953,119485,Auto,90,1.0,3420,15580,3510,2070,380,1380,0
113552,121500,Eukrasian Dosis III (dot),90,1.0,3420,15580,3600,2070,380,1380,0
120893,121563,Dosis III,380,1.0,3420,15960,3600,2070,380,1380,0
121753,122285,Auto,90,1.0,3510,15960,3600,2070,380,1380,0
123334,124004,Dosis III,380,1.0,3510,16340,3600,2070,380,1380,0
113552,124500,Eukrasian Dosis III (dot),90,1.0,3510,16340,3690,2070,380,1380,0
124553,125085,Auto,90,1.0,3600,16340,3690,2070,380,1380,0
125774,126444,Dosis III,380,1.0,3600,16720,3690,2070,380,1380,0
113552,127500,Eukrasian Dosis III (dot),90,1.0,3600,16720,3780,2070,380,1380,0
127353,127885,Auto,90,1.0,3690,16720,3780,2070,380,1380,0
127255,127925,Phlegma III,690,1.0,3690,16720,3780,2760,380,1380,0
127942,129042,Psyche,690,1.0,3690,16720,3780,2760,380,2070,0
129695,130365,Phlegma III,690,1.0,3690,16720,3780,3450,380,2070,0
113552,130500,Eukrasian Dosis III (dot),90,1.0,3690,16720,3870,3450,380,2070,0
130153,130685,Auto,90,1.0,3780,16720,3870,3450,380,2070,0
113552,133500,Eukrasian Dosis III (dot),90,1.0,3780,16720,3960,3450,380,2070,0
133095,133765,Dosis III,380,1.0,3780,17100,3960,3450,380,2070,0
133595,134127,Auto,90,1.0,3870,17100,3960,3450,380,2070,0
135536,136206,Dosis III,380,1.0,3870,17480,3960,3450,380,2070,0
113552,136500,Eukrasian Dosis III (dot),90,1.0,3870,17480,4050,3450,380,2070,0
136395,136927,Auto,90,1.0,3960,17480,4050,3450,380,2070,0
137976,138646,Dosis III,380,1.0,3960,17860,4050,3450,380,2070,0
113552,139500,Eukrasian Dosis III (dot),90,1.0,3960,17860,4140,3450,380,2070,0
139195,139727,Auto,90,1.0,4050,17860,4140,3450,380,2070,0
140417,141087,Dosis III,380,1.0,4050,18240,4140,3450,380,2070,0
113552,142500,Eukrasian Dosis III (dot),90,1.0,4050,18240,4230,3450,380,2070,0
141995,142527,Auto,90,1.0,4140,18240,4230,3450,380,2070,0
142898,145500,Eukrasian Dosis III (dot),90,1.0,4140,18240,4320,3450,380,2070,0
145359,146029,Dosis III,380,1.0,4140,18620,4320,3450,380,2070,0
145859,146391,Auto,90,1.0,4230,18620,4320,3450,380,2070,0
147799,148469,Dosis III,380,1.0,4230,19000,4320,3450,380,2070,0
142898,148500,Eukrasian Dosis III (dot),90,1.0,4230,19000,4410,3450,380,2070,0
148659,149191,Auto,90,1.0,4320,19000,4410,3450,380,2070,0
150240,150910,Dosis III,380,1.0,4320,19380,4410,3450,380,2070,0
142898,151500,Eukrasian Dosis III (dot),90,1.0,4320,19380,4500,3450,380,2070,0
151459,151991,Auto,90,1.0,4410,19380,4500,3450,380,2070,0
152680,153350,Dosis III,380,1.0,4410,19760,4500,3450,380,2070,0
142898,154500,Eukrasian Dosis III (dot),90,1.0,4410,19760,4590,3450,380,2070,0
155120,155790,Dosis III,380,1.0,4410,20140,4590,3450,380,2070,0
155620,156152,Auto,90,1.0,4500,20140,4590,3450,380,2070,0
142898,157500,Eukrasian Dosis III (dot),90,1.0,4500,20140,4680,3450,380,2070,0
157561,158231,Dosis III,380,1.0,4500,20520,4680,3450,380,2070,0
158420,158952,Auto,90,1.0,4590,20520,4680,3450,380,2070,0
142898,160500,Eukrasian Dosis III (dot),90,1.0,4590,20520,4770,3450,380,2070,0
160001,160671,Dosis III,380,1.0,4590,20900,4770,3450,380,2070,0
161220,161752,Auto,90,1.0,4680,20900,4770,3450,380,2070,0
162442,163112,Dosis III,380,1.0,4680,21280,4770,3450,380,2070,0
142898,163500,Eukrasian Dosis III (dot),90,1.0,4680,21280,4860,3450,380,2070,0
164882,165552,Dosis III,380,1.0,4680,21660,4860,3450,380,2070,0
165382,165914,Auto,90,1.0,4770,21660,4860,3450,380,2070,0
142898,166500,Eukrasian Dosis III (dot),90,1.0,4770,21660,4950,3450,380,2070,0
167323,167993,Dosis III,380,1.0,4770,22040,4950,3450,380,2070,0
168182,168714,Auto,90,1.0,4860,22040,4950,3450,380,2070,0
142898,169500,Eukrasian Dosis III (dot),90,1.0,4860,22040,5040,3450,380,2070,0
169763,170433,Dosis III,380,1.0,4860,22420,5040,3450,380,2070,0
170982,171514,Auto,90,1.0,4950,22420,5040,3450,380,2070,0
142898,172500,Eukrasian Dosis III (dot),90,1.0,4950,22420,5130,3450,380,2070,0
174705,175375,Dosis III,380,1.0,4950,22800,5130,3450,380,2070,0
172245,175500,Eukrasian Dosis III (dot),90,1.0,4950,22800,5220,3450,380,2070,0
175205,175737,Auto,90,1.0,5040,22800,5220,3450,380,2070,0
177145,177815,Dosis III,380,1.0,5040,23180,5220,3450,380,2070,0
172245,178500,Eukrasian Dosis III (dot),90,1.0,5040,23180,5310,3450,380,2070,0
178005,178537,Auto,90,1.0,5130,23180,5310,3450,380,2070,0
179586,180256,Dosis III,380,1.0,5130,23560,5310,3450,380,2070,0
180805,181337,Auto,90,1.0,5220,23560,5310,3450,380,2070,0
172245,181500,Eukrasian Dosis III (dot),90,1.0,5220,23560,5400,3450,380,2070,0
182026,182696,Dosis III,380,1.0,5220,23940,5400,3450,380,2070,0
172245,184500,Eukrasian Dosis III (dot),90,1.0,5220,23940,5490,3450,380,2070,0
184467,185137,Dosis III,380,1.0,5220,24320,5490,3450,380,2070,0
184967,185499,Auto,90,1.0,5310,24320,5490,3450,380,2070,0
172245,187500,Eukrasian Dosis III (dot),90,1.0,5310,24320,5580,3450,380,2070,0
186907,187577,Dosis III,380,1.0,5310,24700,5580,3450,380,2070,0
187767,188299,Auto,90,1.0,5400,24700,5580,3450,380,2070,0
189348,190018,Dosis III,380,1.0,5400,25080,5580,3450,380,2070,0
172245,190500,Eukrasian Dosis III (dot),90,1.0,5400,25080,5670,3450,380,2070,0
189955,191055,Psyche,690,1.0,5400,25080,5670,3450,380,2760,0
190567,191099,Auto,90,1.0,5490,25080,5670,3450,380,2760,0
191788,192458,Dosis III,380,1.0,5490,25460,5670,3450,380,2760,0
172245,193500,Eukrasian Dosis III (dot),90,1.0,5490,25460,5760,3450,380,2760,0
194229,194899,Dosis III,380,1.0,5490,25840,5760,3450,380,2760,0
194729,195261,Auto,90,1.0,5580,25840,5760,3450,380,2760,0
172245,196500,Eukrasian Dosis III (dot),90,1.0,5580,25840,5850,3450,380,2760,0
196669,197339,Dosis III,380,1.0,5580,26220,5850,3450,380,2760,0
197529,198061,Auto,90,1.0,5670,26220,5850,3450,380,2760,0
172245,199500,Eukrasian Dosis III (dot),90,1.0,5670,26220,5940,3450,380,2760,0
199109,199779,Dosis III,380,1.0,5670,26600,5940,3450,380,2760,0
200329,200861,Auto,90,1.0,5760,26600,5940,3450,380,2760,0
201591,202500,Eukrasian Dosis III (dot),90,1.0,5760,26600,6030,3450,380,2760,0
204051,204721,Dosis III,380,1.0,5760,26980,6030,3450,380,2760,0
204551,205083,Auto,90,1.0,5850,26980,6030,3450,380,2760,0
201591,205500,Eukrasian Dosis III (dot),90,1.0,5850,26980,6120,3450,380,2760,0
205532,206202,Phlegma III,690,1.0,5850,26980,6120,4140,380,2760,0
207351,207883,Auto,90,1.0,5940,26980,6120,4140,380,2760,0
201591,208500,Eukrasian Dosis III (dot),90,1.0,5940,26980,6210,4140,380,2760,0
208932,209602,Dosis III,380,1.0,5940,27360,6210,4140,380,2760,0
210151,210683,Auto,90,1.0,6030,27360,6210,4140,380,2760,0
201591,211500,Eukrasian Dosis III (dot),90,1.0,6030,27360,6300,4140,380,2760,0
211373,212043,Dosis III,380,1.0,6030,27740,6300,4140,380,2760,0
213813,214483,Dosis III,380,1.0,6030,28120,6300,4140,380,2760,0
201591,214500,Eukrasian Dosis III (dot),90,1.0,6030,28120,6390,4140,380,2760,0
214313,214845,Auto,90,1.0,6120,28120,6390,4140,380,2760,0
216254,216924,Dosis III,380,1.0,6120,28500,6390,4140,380,2760,0
201591,217500,Eukrasian Dosis III (dot),90,1.0,6120,28500,6480,4140,380,2760,0
217113,217645,Auto,90,1.0,6210,28500,6480,4140,380,2760,0
218694,219364,Dosis III,380,1.0,6210,28880,6480,4140,380,2760,0
219913,220445,Auto,90,1.0,6300,28880,6480,4140,380,2760,0
201591,220500,Eukrasian Dosis III (dot),90,1.0,6300,28880,6570,4140,380,2760,0
221134,221804,Dosis III,380,1.0,6300,29260,6570,4140,380,2760,0
201591,223500,Eukrasian Dosis III (dot),90,1.0,6300,29260,6660,4140,380,2760,0
223575,224245,Dosis III,380,1.0,6300,29640,6660,4140,380,2760,0
224075,224607,Auto,90,1.0,6390,29640,6660,4140,380,2760,0
201591,226500,Eukrasian Dosis III (dot),90,1.0,6390,29640,6750,4140,380,2760,0
226015,226685,Dosis III,380,1.0,6390,30020,6750,4140,380,2760,0
226875,227407,Auto,90,1.0,6480,30020,6750,4140,380,2760,0
228456,229126,Dosis III,380,1.0,6480,30400,6750,4140,380,2760,0
201591,229500,Eukrasian Dosis III (dot),90,1.0,6480,30400,6840,4140,380,2760,0
229675,230207,Auto,90,1.0,6570,30400,6840,4140,380,2760,0
230937,232500,Eukrasian Dosis III (dot),90,1.0,6570,30400,6930,4140,380,2760,0
233398,234068,Dosis III,380,1.0,6570,30780,6930,4140,380,2760,0
233898,234430,Auto,90,1.0,6660,30780,6930,4140,380,2760,0
230937,235500,Eukrasian Dosis III (dot),90,1.0,6660,30780,7020,4140,380,2760,0
235838,236508,Dosis III,380,1.0,6660,31160,7020,4140,380,2760,0
236698,237230,Auto,90,1.0,6750,31160,7020,4140,380,2760,0
230937,238500,Eukrasian Dosis III (dot),90,1.0,6750,31160,7110,4140,380,2760,0
238279,238949,Dosis III,380,1.0,6750,31540,7110,4140,380,2760,0
239498,240030,Auto,90,1.0,6840,31540,7110,4140,380,2760,0
240719,241389,Dosis III,380,1.0,6840,31920,7110,4140,380,2760,0
230937,241500,Eukrasian Dosis III (dot),90,1.0,6840,31920,7200,4140,380,2760,0
243159,243829,Dosis III,380,1.0,6840,32300,7200,4140,380,2760,0
243659,244191,Auto,90,1.0,6930,32300,7200,4140,380,2760,0
230937,244500,Eukrasian Dosis III (dot),90,1.0,6930,32300,7290,4140,380,2760,0
245600,246270,Dosis III,380,1.0,6930,32680,7290,4140,380,2760,0
246459,246991,Auto,90,1.0,7020,32680,7290,4140,380,2760,0
230937,247500,Eukrasian Dosis III (dot),90,1.0,7020,32680,7380,4140,380,2760,0
248040,248710,Dosis III,380,1.0,7020,33060,7380,4140,380,2760,0
249259,249791,Auto,90,1.0,7110,33060,7380,4140,380,2760,0
249521,250191,Phlegma III,690,1.0,7110,33060,7380,4830,380,2760,0
230937,250500,Eukrasian Dosis III (dot),90,1.0,7110,33060,7470,4830,380,2760,0
250141,251241,Psyche,690,1.0,7110,33060,7470,4830,380,3450,0
252059,252591,Auto,90,1.0,7200,33060,7470,4830,380,3450,0
251961,252631,Phlegma III,690,1.0,7200,33060,7470,5520,380,3450,0
230937,253500,Eukrasian Dosis III (dot),90,1.0,7200,33060,7560,5520,380,3450,0
255362,256032,Dosis III,380,1.0,7200,33440,7560,5520,380,3450,0
255862,256394,Auto,90,1.0,7290,33440,7560,5520,380,3450,0
230937,256500,Eukrasian Dosis III (dot),90,1.0,7290,33440,7650,5520,380,3450,0
257801,258471,Dosis III,380,1.0,7290,33820,7650,5520,380,3450,0
258662,259194,Auto,90,1.0,7380,33820,7650,5520,380,3450,0
230937,259500,Eukrasian Dosis III (dot),90,1.0,7380,33820,7740,5520,380,3450,0
261462,261994,Auto,90,1.0,7470,33820,7740,5520,380,3450,0
260284,262500,Eukrasian Dosis III (dot),90,1.0,7470,33820,7830,5520,380,3450,0
262744,263414,Dosis III,380,1.0,7470,34200,7830,5520,380,3450,0
260284,265500,Eukrasian Dosis III (dot),90,1.0,7470,34200,7920,5520,380,3450,0
265184,265854,Dosis III,380,1.0,7470,34580,7920,5520,380,3450,0
265684,266216,Auto,90,1.0,7560,34580,7920,5520,380,3450,0
267625,268295,Dosis III,380,1.0,7560,34960,7920,5520,380,3450,0
260284,268500,Eukrasian Dosis III (dot),90,1.0,7560,34960,8010,5520,380,3450,0
268484,269016,Auto,90,1.0,7650,34960,8010,5520,380,3450,0
270065,270735,Dosis III,380,1.0,7650,35340,8010,5520,380,3450,0
260284,271500,Eukrasian Dosis III (dot),90,1.0,7650,35340,8100,5520,380,3450,0
271284,271816,Auto,90,1.0,7740,35340,8100,5520,380,3450,0
272506,273176,Dosis III,380,1.0,7740,35720,8100,5520,380,3450,0
260284,274500,Eukrasian Dosis III (dot),90,1.0,7740,35720,8190,5520,380,3450,0
274946,275616,Dosis III,380,1.0,7740,36100,8190,5520,380,3450,0
275446,275978,Auto,90,1.0,7830,36100,8190,5520,380,3450,0
260284,277500,Eukrasian Dosis III (dot),90,1.0,7830,36100,8280,5520,380,3450,0
277387,278057,Dosis III,380,1.0,7830,36480,8280,5520,380,3450,0
278246,278778,Auto,90,1.0,7920,36480,8280,5520,380,3450,0
279827,280497,Dosis III,380,1.0,7920,36860,8280,5520,380,3450,0
260284,280500,Eukrasian Dosis III (dot),90,1.0,7920,36860,8370,5520,380,3450,0
281046,281578,Auto,90,1.0,8010,36860,8370,5520,380,3450,0
282268,282938,Dosis III,380,1.0,8010,37240,8370,5520,380,3450,0
260284,283500,Eukrasian Dosis III (dot),90,1.0,8010,37240,8460,5520,380,3450,0
284708,285378,Dosis III,380,1.0,8010,37620,8460,5520,380,3450,0
285208,285740,Auto,90,1.0,8100,37620,8460,5520,380,3450,0
260284,286500,Eukrasian Dosis III (dot),90,1.0,8100,37620,8550,5520,380,3450,0
287148,287818,Dosis III,380,1.0,8100,38000,8550,5520,380,3450,0
288008,288540,Auto,90,1.0,8190,38000,8550,5520,380,3450,0
260284,289500,Eukrasian Dosis III (dot),90,1.0,8190,38000,8640,5520,380,3450,0
290808,291340,Auto,90,1.0,8280,38000,8640,5520,380,3450,0
289630,292500,Eukrasian Dosis III (dot),90,1.0,8280,38000,8730,5520,380,3450,0
292090,292760,Dosis III,380,1.0,8280,38380,8730,5520,380,3450,0
294531,295201,Dosis III,380,1.0,8280,38760,8730,5520,380,3450,0
289630,295500,Eukrasian Dosis III (dot),90,1.0,8280,38760,8820,5520,380,3450,0
295031,295563,Auto,90,1.0,8370,38760,8820,5520,380,3450,0
296971,297641,Dosis III,380,1.0,8370,39140,8820,5520,380,3450,0
297831,298363,Auto,90,1.0,8460,39140,8820,5520,380,3450,0
289630,298500,Eukrasian Dosis III (dot),90,1.0,8460,39140,8910,5520,380,3450,0
299412,300082,Dosis III,380,1.0,8460,39520,8910,5520,380,3450,0
300631,301163,Auto,90,1.0,8550,39520,8910,5520,380,3450,0
289630,301500,Eukrasian Dosis III (dot),90,1.0,8550,39520,9000,5520,380,3450,0
301852,302522,Dosis III,380,1.0,8550,39900,9000,5520,380,3450,0
289630,304500,Eukrasian Dosis III (dot),90,1.0,8550,39900,9090,5520,380,3450,0
304293,304963,Dosis III,380,1.0,8550,40280,9090,5520,380,3450,0
304793,305325,Auto,90,1.0,8640,40280,9090,5520,380,3450,0
306733,307403,Dosis III,380,1.0,8640,40660,9090,5520,380,3450,0
289630,307500,Eukrasian Dosis III (dot),90,1.0,8640,40660,9180,5520,380,3450,0
307593,308125,Auto,90,1.0,8730,40660,9180,5520,380,3450,0
309173,309843,Dosis III,380,1.0,8730,41040,9180,5520,380,3450,0
289630,310500,Eukrasian Dosis III (dot),90,1.0,8730,41040,9270,5520,380,3450,0
310393,310925,Auto,90,1.0,8820,41040,9270,5520,380,3450,0
311614,312284,Dosis III,380,1.0,8820,41420,9270,5520,380,3450,0
312221,313321,Psyche,690,1.0,8820,41420,9270,5520,380,4140,0
289630,313500,Eukrasian Dosis III (dot),90,1.0,8820,41420,9360,5520,380,4140,0
313193,313725,Auto,90,1.0,8910,41420,9360,5520,380,4140,0
313094,313764,Phlegma III,690,1.0,8910,41420,9360,6210,380,4140,0
289630,316500,Eukrasian Dosis III (dot),90,1.0,8910,41420,9450,6210,380,4140,0
316495,317165,Dosis III,380,1.0,8910,41800,9450,6210,380,4140,0
316995,317527,Auto,90,1.0,9000,41800,9450,6210,380,4140,0
289630,319500,Eukrasian Dosis III (dot),90,1.0,9000,41800,9540,6210,380,4140,0
319795,320327,Auto,90,1.0,9090,41800,9540,6210,380,4140,0
321437,322107,Dosis III,380,1.0,9090,42180,9540,6210,380,4140,0
318976,322500,Eukrasian Dosis III (dot),90,1.0,9090,42180,9630,6210,380,4140,0
322595,323127,Auto,90,1.0,9180,42180,9630,6210,380,4140,0
323877,324547,Dosis III,380,1.0,9180,42560,9630,6210,380,4140,0
318976,325500,Eukrasian Dosis III (dot),90,1.0,9180,42560,9720,6210,380,4140,0
326318,326988,Dosis III,380,1.0,9180,42940,9720,6210,380,4140,0
326818,327350,Auto,90,1.0,9270,42940,9720,6210,380,4140,0
318976,328500,Eukrasian Dosis III (dot),90,1.0,9270,42940,9810,6210,380,4140,0
328758,329428,Dosis III,380,1.0,9270,43320,9810,6210,380,4140,0
329618,330150,Auto,90,1.0,9360,43320,9810,6210,380,4140,0
318976,331500,Eukrasian Dosis III (dot),90,1.0,9360,43320,9900,6210,380,4140,0
331198,331868,Dosis III,380,1.0,9360,43700,9900,6210,380,4140,0
332418,332950,Auto,90,1.0,9450,43700,9900,6210,380,4140,0
333639,334309,Dosis III,380,1.0,9450,44080,9900,6210,380,4140,0
318976,334500,Eukrasian Dosis III (dot),90,1.0,9450,44080,9990,6210,380,4140,0
336079,336749,Dosis III,380,1.0,9450,44460,9990,6210,380,4140,0
336579,337111,Auto,90,1.0,9540,44460,9990,6210,380,4140,0
318976,337500,Eukrasian Dosis III (dot),90,1.0,9540,44460,10080,6210,380,4140,0
338520,339190,Dosis III,380,1.0,9540,44840,10080,6210,380,4140,0
339379,339911,Auto,90,1.0,9630,44840,10080,6210,380,4140,0
318976,340500,Eukrasian Dosis III (dot),90,1.0,9630,44840,10170,6210,380,4140,0
340960,341630,Dosis III,380,1.0,9630,45220,10170,6210,380,4140,0
342179,342711,Auto,90,1.0,9720,45220,10170,6210,380,4140,0
318976,343500,Eukrasian Dosis III (dot),90,1.0,9720,45220,10260,6210,380,4140,0
343401,344071,Dosis III,380,1.0,9720,45600,10260,6210,380,4140,0
318976,346500,Eukrasian Dosis III (dot),90,1.0,9720,45600,10350,6210,380,4140,0
345841,346511,Dosis III,380,1.0,9720,45980,10350,6210,380,4140,0
346341,346873,Auto,90,1.0,9810,45980,10350,6210,380,4140,0
348323,349500,Eukrasian Dosis III (dot),90,1.0,9810,45980,10440,6210,380,4140,0
349141,349673,Auto,90,1.0,9900,45980,10440,6210,380,4140,0
350783,351453,Dosis III,380,1.0,9900,46360,10440,6210,380,4140,0
351941,352473,Auto,90,1.0,9990,46360,10440,6210,380,4140,0
348323,352500,Eukrasian Dosis III (dot),90,1.0,9990,46360,10530,6210,380,4140,0
353224,353894,Dosis III,380,1.0,9990,46740,10530,6210,380,4140,0
348323,355500,Eukrasian Dosis III (dot),90,1.0,9990,46740,10620,6210,380,4140,0
355664,356334,Dosis III,380,1.0,9990,47120,10620,6210,380,4140,0
356164,356696,Auto,90,1.0,10080,47120,10620,6210,380,4140,0
348323,358500,Eukrasian Dosis III (dot),90,1.0,10080,47120,10710,6210,380,4140,0
358104,358774,Dosis III,380,1.0,10080,47500,10710,6210,380,4140,0
358964,359496,Auto,90,1.0,10170,47500,10710,6210,380,4140,0
360545,361215,Dosis III,380,1.0,10170,47880,10710,6210,380,4140,0
348323,361500,Eukrasian Dosis III (dot),90,1.0,10170,47880,10800,6210,380,4140,0
361764,362296,Auto,90,1.0,10260,47880,10800,6210,380,4140,0
362985,363655,Dosis III,380,1.0,10260,48260,10800,6210,380,4140,0
348323,364500,Eukrasian Dosis III (dot),90,1.0,10260,48260,10890,6210,380,4140,0
365426,366096,Dosis III,380,1.0,10260,48640,10890,6210,380,4140,0
365926,366458,Auto,90,1.0,10350,48640,10890,6210,380,4140,0
348323,367500,Eukrasian Dosis III (dot),90,1.0,10350,48640,10980,6210,380,4140,0
366906,367576,Phlegma III,690,1.0,10350,48640,10980,6900,380,4140,0
368726,369258,Auto,90,1.0,10440,48640,10980,6900,380,4140,0
369521,370191,Phlegma III,690,1.0,10440,48640,10980,7590,380,4140,0
348323,370500,Eukrasian Dosis III (dot),90,1.0,10440,48640,11070,7590,380,4140,0
371526,372058,Auto,90,1.0,10530,48640,11070,7590,380,4140,0
348323,373500,Eukrasian Dosis III (dot),90,1.0,10530,48640,11160,7590,380,4140,0
372921,373591,Dosis III,380,1.0,10530,49020,11160,7590,380,4140,0
373529,374629,Psyche,690,1.0,10530,49020,11160,7590,380,4830,0
374326,374858,Auto,90,1.0,10620,49020,11160,7590,380,4830,0
375362,376032,Dosis III,380,1.0,10620,49400,11160,7590,380,4830,0
348323,376500,Eukrasian Dosis III (dot),90,1.0,10620,49400,11250,7590,380,4830,0
377126,377658,Auto,90,1.0,10710,49400,11250,7590,380,4830,0
377843,379500,Eukrasian Dosis III (dot),90,1.0,10710,49400,11340,7590,380,4830,0
380304,380974,Dosis III,380,1.0,10710,49780,11340,7590,380,4830,0
380804,381336,Auto,90,1.0,10800,49780,11340,7590,380,4830,0
381784,382454,Dosis III,380,1.0,10800,50160,11340,7590,380,4830,0
377843,382500,Eukrasian Dosis III (dot),90,1.0,10800,50160,11430,7590,380,4830,0
383604,384136,Auto,90,1.0,10890,50160,11430,7590,380,4830,0
377843,385500,Eukrasian Dosis III (dot),90,1.0,10890,50160,11520,7590,380,4830,0
385184,385854,Dosis III,380,1.0,10890,50540,11520,7590,380,4830,0
386404,386936,Auto,90,1.0,10980,50540,11520,7590,380,4830,0
387625,388295,Dosis III,380,1.0,10980,50920,11520,7590,380,4830,0
377843,388500,Eukrasian Dosis III (dot),90,1.0,10980,50920,11610,7590,380,4830,0
390065,390735,Dosis III,380,1.0,10980,51300,11610,7590,380,4830,0
390565,391097,Auto,90,1.0,11070,51300,11610,7590,380,4830,0
377843,391500,Eukrasian Dosis III (dot),90,1.0,11070,51300,11700,7590,380,4830,0
392506,393176,Dosis III,380,1.0,11070,51680,11700,7590,380,4830,0
393365,393897,Auto,90,1.0,11160,51680,11700,7590,380,4830,0
377843,394500,Eukrasian Dosis III (dot),90,1.0,11160,51680,11790,7590,380,4830,0
394946,395616,Dosis III,380,1.0,11160,52060,11790,7590,380,4830,0
396165,396697,Auto,90,1.0,11250,52060,11790,7590,380,4830,0
377843,397500,Eukrasian Dosis III (dot),90,1.0,11250,52060,11880,7590,380,4830,0
397387,398057,Dosis III,380,1.0,11250,52440,11880,7590,380,4830,0
399827,400497,Dosis III,380,1.0,11250,52820,11880,7590,380,4830,0
377843,400500,Eukrasian Dosis III (dot),90,1.0,11250,52820,11970,7590,380,4830,0
400327,400859,Auto,90,1.0,11340,52820,11970,7590,380,4830,0
402268,402938,Dosis III,380,1.0,11340,53200,11970,7590,380,4830,0
377843,403500,Eukrasian Dosis III (dot),90,1.0,11340,53200,12060,7590,380,4830,0
403127,403659,Auto,90,1.0,11430,53200,12060,7590,380,4830,0
404708,405378,Dosis III,380,1.0,11430,53580,12060,7590,380,4830,0
405927,406459,Auto,90,1.0,11520,53580,12060,7590,380,4830,0
377843,406500,Eukrasian Dosis III (dot),90,1.0,11520,53580,12150,7590,380,4830,0
407189,409500,Eukrasian Dosis III (dot),90,1.0,11520,53580,12240,7590,380,4830,0
409650,410320,Dosis III,380,1.0,11520,53960,12240,7590,380,4830,0
410150,410682,Auto,90,1.0,11610,53960,12240,7590,380,4830,0
411130,412330,Toxikon II,380,1.0,11610,53960,12240,7590,380,4830,380
407189,412500,Eukrasian Dosis III (dot),90,1.0,11610,53960,12330,7590,380,4830,380
412950,413482,Auto,90,1.0,11700,53960,12330,7590,380,4830,380
414531,415201,Dosis III,380,1.0,11700,54340,12330,7590,380,4830,380
407189,415500,Eukrasian Dosis III (dot),90,1.0,11700,54340,12420,7590,380,4830,380
415750,416282,Auto,90,1.0,11790,54340,12420,7590,380,4830,380
416971,417641,Dosis III,380,1.0,11790,54720,12420,7590,380,4830,380
407189,418500,Eukrasian Dosis III (dot),90,1.0,11790,54720,12510,7590,380,4830,380
419412,420082,Dosis III,380,1.0,11790,55100,12510,7590,380,4830,380
419912,420444,Auto,90,1.0,11880,55100,12510,7590,380,4830,380
407189,421500,Eukrasian Dosis III (dot),90,1.0,11880,55100,12600,7590,380,4830,380
421852,422522,Dosis III,380,1.0,11880,55480,12600,7590,380,4830,380
422712,423244,Auto,90,1.0,11970,55480,12600,7590,380,4830,380
407189,424500,Eukrasian Dosis III (dot),90,1.0,11970,55480,12690,7590,380,4830,380
424293,424963,Dosis III,380,1.0,11970,55860,12690,7590,380,4830,380
425512,426044,Auto,90,1.0,12060,55860,12690,7590,380,4830,380
426733,427403,Dosis III,380,1.0,12060,56240,12690,7590,380,4830,380
407189,427500,Eukrasian Dosis III (dot),90,1.0,12060,56240,12780,7590,380,4830,380
428312,428844,Auto,90,1.0,12150,56240,12780,7590,380,4830,380
428213,428883,Phlegma III,690,1.0,12150,56240,12780,8280,380,4830,380
407189,430500,Eukrasian Dosis III (dot),90,1.0,12150,56240,12870,8280,380,4830,380
431614,432284,Dosis III,380,1.0,12150,56620,12870,8280,380,4830,380
432114,432646,Auto,90,1.0,12240,56620,12870,8280,380,4830,380
407189,433500,Eukrasian Dosis III (dot),90,1.0,12240,56620,12960,8280,380,4830,380
434054,434724,Dosis III,380,1.0,12240,57000,12960,8280,380,4830,380
434914,435446,Auto,90,1.0,12330,57000,12960,8280,380,4830,380
434662,435762,Psyche,690,1.0,12330,57000,12960,8280,380,5520,380
407189,436500,Eukrasian Dosis III (dot),90,1.0,12330,57000,13050,8280,380,5520,380
437714,438246,Auto,90,1.0,12420,57000,13050,8280,380,5520,380
436536,439500,Eukrasian Dosis III (dot),90,1.0,12420,57000,13140,8280,380,5520,380
438996,439666,Dosis III,380,1.0,12420,57380,13140,8280,380,5520,380
441437,442107,Dosis III,380,1.0,12420,57760,13140,8280,380,5520,380
441937,442469,Auto,90,1.0,12510,57760,13140,8280,380,5520,380
436536,442500,Eukrasian Dosis III (dot),90,1.0,12510,57760,13230,8280,380,5520,380
443877,444547,Dosis III,380,1.0,12510,58140,13230,8280,380,5520,380
444737,445269,Auto,90,1.0,12600,58140,13230,8280,380,5520,380
436536,445500,Eukrasian Dosis III (dot),90,1.0,12600,58140,13320,8280,380,5520,380
446318,446988,Dosis III,380,1.0,12600,58520,13320,8280,380,5520,380
447537,448069,Auto,90,1.0,12690,58520,13320,8280,380,5520,380
436536,448500,Eukrasian Dosis III (dot),90,1.0,12690,58520,13410,8280,380,5520,380
448758,449428,Dosis III,380,1.0,12690,58900,13410,8280,380,5520,380
436536,451500,Eukrasian Dosis III (dot),90,1.0,12690,58900,13500,8280,380,5520,380
451198,451868,Dosis III,380,1.0,12690,59280,13500,8280,380,5520,380
451698,452230,Auto,90,1.0,12780,59280,13500,8280,380,5520,380
453639,454309,Dosis III,380,1.0,12780,59660,13500,8280,380,5520,380
436536,454500,Eukrasian Dosis III (dot),90,1.0,12780,59660,13590,8280,380,5520,380
454498,455030,Auto,90,1.0,12870,59660,13590,8280,380,5520,380
456079,456749,Dosis III,380,1.0,12870,60040,13590,8280,380,5520,380
436536,457500,Eukrasian Dosis III (dot),90,1.0,12870,60040,13680,8280,380,5520,380
457298,457830,Auto,90,1.0,12960,60040,13680,8280,380,5520,380
458520,459190,Dosis III,380,1.0,12960,60420,13680,8280,380,5520,380
436536,460500,Eukrasian Dosis III (dot),90,1.0,12960,60420,13770,8280,380,5520,380
460960,461630,Dosis III,380,1.0,12960,60800,13770,8280,380,5520,380
461460,461992,Auto,90,1.0,13050,60800,13770,8280,380,5520,380
436536,463500,Eukrasian Dosis III (dot),90,1.0,13050,60800,13860,8280,380,5520,380
463401,464071,Dosis III,380,1.0,13050,61180,13860,8280,380,5520,380
464260,464792,Auto,90,1.0,13140,61180,13860,8280,380,5520,380
436536,466500,Eukrasian Dosis III (dot),90,1.0,13140,61180,13950,8280,380,5520,380
467060,467592,Auto,90,1.0,13230,61180,13950,8280,380,5520,380
468343,469013,Dosis III,380,1.0,13230,61560,13950,8280,380,5520,380
465882,469500,Eukrasian Dosis III (dot),90,1.0,13230,61560,14040,8280,380,5520,380
470783,471453,Dosis III,380,1.0,13230,61940,14040,8280,380,5520,380
471283,471815,Auto,90,1.0,13320,61940,14040,8280,380,5520,380
465882,472500,Eukrasian Dosis III (dot),90,1.0,13320,61940,14130,8280,380,5520,380
473224,473894,Dosis III,380,1.0,13320,62320,14130,8280,380,5520,380
474083,474615,Auto,90,1.0,13410,62320,14130,8280,380,5520,380
465882,475500,Eukrasian Dosis III (dot),90,1.0,13410,62320,14220,8280,380,5520,380
475664,476334,Dosis III,380,1.0,13410,62700,14220,8280,380,5520,380
476883,477415,Auto,90,1.0,13500,62700,14220,8280,380,5520,380
465882,478500,Eukrasian Dosis III (dot),90,1.0,13500,62700,14310,8280,380,5520,380
478104,478774,Dosis III,380,1.0,13500,63080,14310,8280,380,5520,380
480545,481215,Dosis III,380,1.0,13500,63460,14310,8280,380,5520,380
465882,481500,Eukrasian Dosis III (dot),90,1.0,13500,63460,14400,8280,380,5520,380
481045,481577,Auto,90,1.0,13590,63460,14400,8280,380,5520,380
482985,483655,Dosis III,380,1.0,13590,63840,14400,8280,380,5520,380
483845,484377,Auto,90,1.0,13680,63840,14400,8280,380,5520,380
465882,484500,Eukrasian Dosis III (dot),90,1.0,13680,63840,14490,8280,380,5520,380
485426,486096,Dosis III,380,1.0,13680,64220,14490,8280,380,5520,380
486645,487177,Auto,90,1.0,13770,64220,14490,8280,380,5520,380
465882,487500,Eukrasian Dosis III (dot),90,1.0,13770,64220,14580,8280,380,5520,380
486906,487576,Phlegma III,690,1.0,13770,64220,14580,8970,380,5520,380
489445,489977,Auto,90,1.0,13860,64220,14580,8970,380,5520,380
489521,490191,Phlegma III,690,1.0,13860,64220,14580,9660,380,5520,380
465882,490500,Eukrasian Dosis III (dot),90,1.0,13860,64220,14670,9660,380,5520,380
465882,493500,Eukrasian Dosis III (dot),90,1.0,13860,64220,14760,9660,380,5520,380
492921,493591,Dosis III,380,1.0,13860,64600,14760,9660,380,5520,380
493421,493953,Auto,90,1.0,13950,64600,14760,9660,380,5520,380
495403,496500,Eukrasian Dosis III (dot),90,1.0,13950,64600,14850,9660,380,5520,380
496221,496753,Auto,90,1.0,14040,64600,14850,9660,380,5520,380
496023,497123,Psyche,690,1.0,14040,64600,14850,9660,380,6210,380
497863,498533,Dosis III,380,1.0,14040,64980,14850,9660,380,6210,380
495403,499500,Eukrasian Dosis III (dot),90,1.0,14040,64980,14940,9660,380,6210,380
499021,499553,Auto,90,1.0,14130,64980,14940,9660,380,6210,380
500304,500974,Dosis III,380,1.0,14130,65360,14940,9660,380,6210,380
495403,502500,Eukrasian Dosis III (dot),90,1.0,14130,65360,15030,9660,380,6210,380
502744,503414,Dosis III,380,1.0,14130,65740,15030,9660,380,6210,380
503244,503776,Auto,90,1.0,14220,65740,15030,9660,380,6210,380
495403,505500,Eukrasian Dosis III (dot),90,1.0,14220,65740,15120,9660,380,6210,380
505184,505854,Dosis III,380,1.0,14220,66120,15120,9660,380,6210,380
506044,506576,Auto,90,1.0,14310,66120,15120,9660,380,6210,380
507625,508295,Dosis III,380,1.0,14310,66500,15120,9660,380,6210,380
495403,508500,Eukrasian Dosis III (dot),90,1.0,14310,66500,15210,9660,380,6210,380
508844,509376,Auto,90,1.0,14400,66500,15210,9660,380,6210,380
510065,510735,Dosis III,380,1.0,14400,66880,15210,9660,380,6210,380
495403,511500,Eukrasian Dosis III (dot),90,1.0,14400,66880,15300,9660,380,6210,380
512506,513176,Dosis III,380,1.0,14400,67260,15300,9660,380,6210,380
513006,513538,Auto,90,1.0,14490,67260,15300,9660,380,6210,380
495403,514500,Eukrasian Dosis III (dot),90,1.0,14490,67260,15390,9660,380,6210,380
514946,515616,Dosis III,380,1.0,14490,67640,15390,9660,380,6210,380
515806,516338,Auto,90,1.0,14580,67640,15390,9660,380,6210,380
495403,517500,Eukrasian Dosis III (dot),90,1.0,14580,67640,15480,9660,380,6210,380
517387,518057,Dosis III,380,1.0,14580,68020,15480,9660,380,6210,380
518606,519138,Auto,90,1.0,14670,68020,15480,9660,380,6210,380
519826,520496,Dosis III,380,1.0,14670,68400,15480,9660,380,6210,380
495403,520500,Eukrasian Dosis III (dot),90,1.0,14670,68400,15570,9660,380,6210,380
522268,522938,Dosis III,380,1.0,14670,68780,15570,9660,380,6210,380
522768,523300,Auto,90,1.0,14760,68780,15570,9660,380,6210,380
495403,523500,Eukrasian Dosis III (dot),90,1.0,14760,68780,15660,9660,380,6210,380
525568,526100,Auto,90,1.0,14850,68780,15660,9660,380,6210,380
524749,526500,Eukrasian Dosis III (dot),90,1.0,14850,68780,15750,9660,380,6210,380
527210,527880,Dosis III,380,1.0,14850,69160,15750,9660,380,6210,380
528368,528900,Auto,90,1.0,14940,69160,15750,9660,380,6210,380
524749,529500,Eukrasian Dosis III (dot),90,1.0,14940,69160,15840,9660,380,6210,380
529650,530320,Dosis III,380,1.0,14940,69540,15840,9660,380,6210,380
524749,532500,Eukrasian Dosis III (dot),90,1.0,14940,69540,15930,9660,380,6210,380
532090,532760,Dosis III,380,1.0,14940,69920,15930,9660,380,6210,380
532590,533122,Auto,90,1.0,15030,69920,15930,9660,380,6210,380
534531,535201,Dosis III,380,1.0,15030,70300,15930,9660,380,6210,380
524749,535500,Eukrasian Dosis III (dot),90,1.0,15030,70300,16020,9660,380,6210,380
535390,535922,Auto,90,1.0,15120,70300,16020,9660,380,6210,380
536971,537641,Dosis III,380,1.0,15120,70680,16020,9660,380,6210,380
524749,538500,Eukrasian Dosis III (dot),90,1.0,15120,70680,16110,9660,380,6210,380
538190,538722,Auto,90,1.0,15210,70680,16110,9660,380,6210,380
539412,540082,Dosis III,380,1.0,15210,71060,16110,9660,380,6210,380
524749,541500,Eukrasian Dosis III (dot),90,1.0,15210,71060,16200,9660,380,6210,380
541852,542522,Dosis III,380,1.0,15210,71440,16200,9660,380,6210,380
542352,542884,Auto,90,1.0,15300,71440,16200,9660,380,6210,380
524749,544500,Eukrasian Dosis III (dot),90,1.0,15300,71440,16290,9660,380,6210,380
544293,544963,Dosis III,380,1.0,15300,71820,16290,9660,380,6210,380
545152,545684,Auto,90,1.0,15390,71820,16290,9660,380,6210,380
545773,546443,Phlegma III,690,1.0,15390,71820,16290,10350,380,6210,380
524749,547500,Eukrasian Dosis III (dot),90,1.0,15390,71820,16380,10350,380,6210,380
547952,548484,Auto,90,1.0,15480,71820,16380,10350,380,6210,380
549173,549843,Dosis III,380,1.0,15480,72200,16380,10350,380,6210,380
524749,550500,Eukrasian Dosis III (dot),90,1.0,15480,72200,16470,10350,380,6210,380
551614,552284,Dosis III,380,1.0,15480,72580,16470,10350,380,6210,380
552114,552646,Auto,90,1.0,15570,72580,16470,10350,380,6210,380
524749,553500,Eukrasian Dosis III (dot),90,1.0,15570,72580,16560,10350,380,6210,380
554914,555446,Auto,90,1.0,15660,72580,16560,10350,380,6210,380
554095,556500,Eukrasian Dosis III (dot),90,1.0,15660,72580,16650,10350,380,6210,380
556556,557226,Dosis III,380,1.0,15660,72960,16650,10350,380,6210,380
557714,558246,Auto,90,1.0,15750,72960,16650,10350,380,6210,380
557163,558263,Psyche,690,1.0,15750,72960,16650,10350,380,6900,380
554095,559500,Eukrasian Dosis III (dot),90,1.0,15750,72960,16740,10350,380,6900,380
558996,559666,Dosis III,380,1.0,15750,73340,16740,10350,380,6900,380
561437,562107,Dosis III,380,1.0,15750,73720,16740,10350,380,6900,380
561937,562469,Auto,90,1.0,15840,73720,16740,10350,380,6900,380
554095,562500,Eukrasian Dosis III (dot),90,1.0,15840,73720,16830,10350,380,6900,380
563877,564547,Dosis III,380,1.0,15840,74100,16830,10350,380,6900,380
564737,565269,Auto,90,1.0,15930,74100,16830,10350,380,6900,380
554095,565500,Eukrasian Dosis III (dot),90,1.0,15930,74100,16920,10350,380,6900,380
566318,566988,Dosis III,380,1.0,15930,74480,16920,10350,380,6900,380
567537,568069,Auto,90,1.0,16020,74480,16920,10350,380,6900,380
554095,568500,Eukrasian Dosis III (dot),90,1.0,16020,74480,17010,10350,380,6900,380
568758,569428,Dosis III,380,1.0,16020,74860,17010,10350,380,6900,380
554095,571500,Eukrasian Dosis III (dot),90,1.0,16020,74860,17100,10350,380,6900,380
571198,571868,Dosis III,380,1.0,16020,75240,17100,10350,380,6900,380
571698,572230,Auto,90,1.0,16110,75240,17100,10350,380,6900,380
573639,574309,Dosis III,380,1.0,16110,75620,17100,10350,380,6900,380
554095,574500,Eukrasian Dosis III (dot),90,1.0,16110,75620,17190,10350,380,6900,380
574498,575030,Auto,90,1.0,16200,75620,17190,10350,380,6900,380
576079,576749,Dosis III,380,1.0,16200,76000,17190,10350,380,6900,380
554095,577500,Eukrasian Dosis III (dot),90,1.0,16200,76000,17280,10350,380,6900,380
577298,577830,Auto,90,1.0,16290,76000,17280,10350,380,6900,380
578520,579190,Dosis III,380,1.0,16290,76380,17280,10350,380,6900,380
554095,580500,Eukrasian Dosis III (dot),90,1.0,16290,76380,17370,10350,380,6900,380
580960,581630,Dosis III,380,1.0,16290,76760,17370,10350,380,6900,380
581460,581992,Auto,90,1.0,16380,76760,17370,10350,380,6900,380
554095,583500,Eukrasian Dosis III (dot),90,1.0,16380,76760,17460,10350,380,6900,380
584260,584792,Auto,90,1.0,16470,76760,17460,10350,380,6900,380
583442,586500,Eukrasian Dosis III (dot),90,1.0,16470,76760,17550,10350,380,6900,380
585902,586572,Dosis III,380,1.0,16470,77140,17550,10350,380,6900,380
587060,587592,Auto,90,1.0,16560,77140,17550,10350,380,6900,380
588343,589013,Dosis III,380,1.0,16560,77520,17550,10350,380,6900,380
583442,589500,Eukrasian Dosis III (dot),90,1.0,16560,77520,17640,10350,380,6900,380
590783,591453,Dosis III,380,1.0,16560,77900,17640,10350,380,6900,380
591283,591815,Auto,90,1.0,16650,77900,17640,10350,380,6900,380
583442,592500,Eukrasian Dosis III (dot),90,1.0,16650,77900,17730,10350,380,6900,380
593224,593894,Dosis III,380,1.0,16650,78280,17730,10350,380,6900,380
594083,594615,Auto,90,1.0,16740,78280,17730,10350,380,6900,380
583442,595500,Eukrasian Dosis III (dot),90,1.0,16740,78280,17820,10350,380,6900,380
595664,596334,Dosis III,380,1.0,16740,78660,17820,10350,380,6900,380
596883,597415,Auto,90,1.0,16830,78660,17820,10350,380,6900,380
583442,598500,Eukrasian Dosis III (dot),90,1.0,16830,78660,17910,10350,380,6900,380
598104,598774,Dosis III,380,1.0,16830,79040,17910,10350,380,6900,380
600545,601215,Dosis III,380,1.0,16830,79420,17910,10350,380,6900,380
583442,601500,Eukrasian Dosis III (dot),90,1.0,16830,79420,18000,10350,380,6900,380
601045,601577,Auto,90,1.0,16920,79420,18000,10350,380,6900,380
602985,603655,Dosis III,380,1.0,16920,79800,18000,10350,380,6900,380
603845,604377,Auto,90,1.0,17010,79800,18000,10350,380,6900,380
583442,604500,Eukrasian Dosis III (dot),90,1.0,17010,79800,18090,10350,380,6900,380
605426,606096,Dosis III,380,1.0,17010,80180,18090,10350,380,6900,380
606645,607177,Auto,90,1.0,17100,80180,18090,10350,380,6900,380
583442,607500,Eukrasian Dosis III (dot),90,1.0,17100,80180,18180,10350,380,6900,380
607866,608536,Dosis III,380,1.0,17100,80560,18180,10350,380,6900,380
609445,609977,Auto,90,1.0,17190,80560,18180,10350,380,6900,380
609347,610017,Phlegma III,690,1.0,17190,80560,18180,11040,380,6900,380
583442,610500,Eukrasian Dosis III (dot),90,1.0,17190,80560,18270,11040,380,6900,380
611787,612457,Phlegma III,690,1.0,17190,80560,18270,11730,380,6900,380
612245,612777,Auto,90,1.0,17280,80560,18270,11730,380,6900,380
583442,613500,Eukrasian Dosis III (dot),90,1.0,17280,80560,18360,11730,380,6900,380
615187,615857,Dosis III,380,1.0,17280,80940,18360,11730,380,6900,380
615687,616219,Auto,90,1.0,17370,80940,18360,11730,380,6900,380
617628,618298,Dosis III,380,1.0,17370,81320,18360,11730,380,6900,380
618487,619019,Auto,90,1.0,17460,81320,18360,11730,380,6900,380
618235,619335,Psyche,690,1.0,17460,81320,18360,11730,380,7590,380
621287,621819,Auto,90,1.0,17550,81320,18360,11730,380,7590,380
620109,622500,Eukrasian Dosis III (dot),90,1.0,17550,81320,18450,11730,380,7590,380
622570,623240,Dosis III,380,1.0,17550,81700,18450,11730,380,7590,380
620109,625500,Eukrasian Dosis III (dot),90,1.0,17550,81700,18540,11730,380,7590,380
625010,625680,Dosis III,380,1.0,17550,82080,18540,11730,380,7590,380
625510,626042,Auto,90,1.0,17640,82080,18540,11730,380,7590,380
627451,628121,Dosis III,380,1.0,17640,82460,18540,11730,380,7590,380
620109,628500,Eukrasian Dosis III (dot),90,1.0,17640,82460,18630,11730,380,7590,380
628310,628842,Auto,90,1.0,17730,82460,18630,11730,380,7590,380
629891,630561,Dosis III,380,1.0,17730,82840,18630,11730,380,7590,380
620109,631500,Eukrasian Dosis III (dot),90,1.0,17730,82840,18720,11730,380,7590,380
631110,631642,Auto,90,1.0,17820,82840,18720,11730,380,7590,380
632332,633002,Dosis III,380,1.0,17820,83220,18720,11730,380,7590,380
620109,634500,Eukrasian Dosis III (dot),90,1.0,17820,83220,18810,11730,380,7590,380
634772,635442,Dosis III,380,1.0,17820,83600,18810,11730,380,7590,380
635272,635804,Auto,90,1.0,17910,83600,18810,11730,380,7590,380
620109,637500,Eukrasian Dosis III (dot),90,1.0,17910,83600,18900,11730,380,7590,380
637213,637883,Dosis III,380,1.0,17910,83980,18900,11730,380,7590,380
638072,638604,Auto,90,1.0,18000,83980,18900,11730,380,7590,380
639653,640323,Dosis III,380,1.0,18000,84360,18900,11730,380,7590,380
620109,640500,Eukrasian Dosis III (dot),90,1.0,18000,84360,18990,11730,380,7590,380
640872,641404,Auto,90,1.0,18090,84360,18990,11730,380,7590,380
642134,643500,Eukrasian Dosis III (dot),90,1.0,18090,84360,19080,11730,380,7590,380
644595,645265,Dosis III,380,1.0,18090,84740,19080,11730,380,7590,380
645095,645627,Auto,90,1.0,18180,84740,19080,11730,380,7590,380
642134,646500,Eukrasian Dosis III (dot),90,1.0,18180,84740,19170,11730,380,7590,380
647035,647705,Dosis III,380,1.0,18180,85120,19170,11730,380,7590,380
647895,648427,Auto,90,1.0,18270,85120,19170,11730,380,7590,380
642134,649500,Eukrasian Dosis III (dot),90,1.0,18270,85120,19260,11730,380,7590,380
649476,650146,Dosis III,380,1.0,18270,85500,19260,11730,380,7590,380
650695,651227,Auto,90,1.0,18360,85500,19260,11730,380,7590,380
642134,652500,Eukrasian Dosis III (dot),90,1.0,18360,85500,19350,11730,380,7590,380
651916,652586,Dosis III,380,1.0,18360,85880,19350,11730,380,7590,380
654357,655027,Dosis III,380,1.0,18360,86260,19350,11730,380,7590,380
654857,655389,Auto,90,1.0,18450,86260,19350,11730,380,7590,380
642134,655500,Eukrasian Dosis III (dot),90,1.0,18450,86260,19440,11730,380,7590,380
656797,657467,Dosis III,380,1.0,18450,86640,19440,11730,380,7590,380
657657,658189,Auto,90,1.0,18540,86640,19440,11730,380,7590,380
642134,658500,Eukrasian Dosis III (dot),90,1.0,18540,86640,19530,11730,380,7590,380
659238,659908,Dosis III,380,1.0,18540,87020,19530,11730,380,7590,380
660457,660989,Auto,90,1.0,18630,87020,19530,11730,380,7590,380
642134,661500,Eukrasian Dosis III (dot),90,1.0,18630,87020,19620,11730,380,7590,380
661678,662348,Dosis III,380,1.0,18630,87400,19620,11730,380,7590,380
642134,664500,Eukrasian Dosis III (dot),90,1.0,18630,87400,19710,11730,380,7590,380
664118,664788,Dosis III,380,1.0,18630,87780,19710,11730,380,7590,380
664618,665150,Auto,90,1.0,18720,87780,19710,11730,380,7590,380
666559,667229,Dosis III,380,1.0,18720,88160,19710,11730,380,7590,380
642134,667500,Eukrasian Dosis III (dot),90,1.0,18720,88160,19800,11730,380,7590,380
667418,667950,Auto,90,1.0,18810,88160,19800,11730,380,7590,380
668999,669669,Dosis III,380,1.0,18810,88540,19800,11730,380,7590,380
642134,670500,Eukrasian Dosis III (dot),90,1.0,18810,88540,19890,11730,380,7590,380
670218,670750,Auto,90,1.0,18900,88540,19890,11730,380,7590,380
671481,673500,Eukrasian Dosis III (dot),90,1.0,18900,88540,19980,11730,380,7590,380
673941,674611,Dosis III,380,1.0,18900,88920,19980,11730,380,7590,380
674441,674973,Auto,90,1.0,18990,88920,19980,11730,380,7590,380
671481,676500,Eukrasian Dosis III (dot),90,1.0,18990,88920,20070,11730,380,7590,380
676382,677052,Dosis III,380,1.0,18990,89300,20070,11730,380,7590,380
677241,677773,Auto,90,1.0,19080,89300,20070,11730,380,7590,380
678822,679492,Dosis III,380,1.0,19080,89680,20070,11730,380,7590,380
671481,679500,Eukrasian Dosis III (dot),90,1.0,19080,89680,20160,11730,380,7590,380
679430,680530,Psyche,690,1.0,19080,89680,20160,11730,380,8280,380
680041,680573,Auto,90,1.0,19170,89680,20160,11730,380,8280,380
681263,681933,Dosis III,380,1.0,19170,90060,20160,11730,380,8280,380
671481,682500,Eukrasian Dosis III (dot),90,1.0,19170,90060,20250,11730,380,8280,380
683703,684373,Dosis III,380,1.0,19170,90440,20250,11730,380,8280,380
684203,684735,Auto,90,1.0,19260,90440,20250,11730,380,8280,380
671481,685500,Eukrasian Dosis III (dot),90,1.0,19260,90440,20340,11730,380,8280,380
685183,685853,Phlegma III,690,1.0,19260,90440,20340,12420,380,8280,380
687003,687535,Auto,90,1.0,19350,90440,20340,12420,380,8280,380
671481,688500,Eukrasian Dosis III (dot),90,1.0,19350,90440,20430,12420,380,8280,380
688584,689254,Dosis III,380,1.0,19350,90820,20430,12420,380,8280,380
689803,690335,Auto,90,1.0,19440,90820,20430,12420,380,8280,380
671481,691500,Eukrasian Dosis III (dot),90,1.0,19440,90820,20520,12420,380,8280,380
691024,691694,Dosis III,380,1.0,19440,91200,20520,12420,380,8280,380
693465,694135,Dosis III,380,1.0,19440,91580,20520,12420,380,8280,380
693965,694497,Auto,90,1.0,19530,91580,20520,12420,380,8280,380
671481,694500,Eukrasian Dosis III (dot),90,1.0,19530,91580,20610,12420,380,8280,380
695905,696575,Dosis III,380,1.0,19530,91960,20610,12420,380,8280,380
696765,697297,Auto,90,1.0,19620,91960,20610,12420,380,8280,380
671481,697500,Eukrasian Dosis III (dot),90,1.0,19620,91960,20700,12420,380,8280,380
698346,699016,Dosis III,380,1.0,19620,92340,20700,12420,380,8280,380
699565,700097,Auto,90,1.0,19710,92340,20700,12420,380,8280,380
671481,700500,Eukrasian Dosis III (dot),90,1.0,19710,92340,20790,12420,380,8280,380
700786,701456,Dosis III,380,1.0,19710,92720,20790,12420,380,8280,380
702365,702897,Auto,90,1.0,19800,92720,20790,12420,380,8280,380
703268,704468,Toxikon II,380,1.0,19800,92720,20790,12420,380,8280,760
705165,705697,Auto,90,1.0,19890,92720,20790,12420,380,8280,760
705708,706500,Eukrasian Dosis III (dot),90,1.0,19890,92720,20880,12420,380,8280,760
708168,708838,Dosis III,380,1.0,19890,93100,20880,12420,380,8280,760
708668,709200,Auto,90,1.0,19980,93100,20880,12420,380,8280,760
705708,709500,Eukrasian Dosis III (dot),90,1.0,19980,93100,20970,12420,380,8280,760
710609,711279,Dosis III,380,1.0,19980,93480,20970,12420,380,8280,760
711468,712000,Auto,90,1.0,20070,93480,20970,12420,380,8280,760
705708,712500,Eukrasian Dosis III (dot),90,1.0,20070,93480,21060,12420,380,8280,760
713049,713719,Dosis III,380,1.0,20070,93860,21060,12420,380,8280,760
714268,714800,Auto,90,1.0,20160,93860,21060,12420,380,8280,760
705708,715500,Eukrasian Dosis III (dot),90,1.0,20160,93860,21150,12420,380,8280,760
715490,716160,Dosis III,380,1.0,20160,94240,21150,12420,380,8280,760
705708,718500,Eukrasian Dosis III (dot),90,1.0,20160,94240,21240,12420,380,8280,760
717930,718600,Dosis III,380,1.0,20160,94620,21240,12420,380,8280,760
718430,718962,Auto,90,1.0,20250,94620,21240,12420,380,8280,760
720371,721041,Dosis III,380,1.0,20250,95000,21240,12420,380,8280,760
705708,721500,Eukrasian Dosis III (dot),90,1.0,20250,95000,21330,12420,380,8280,760
721230,721762,Auto,90,1.0,20340,95000,21330,12420,380,8280,760
722811,723481,Dosis III,380,1.0,20340,95380,21330,12420,380,8280,760
705708,724500,Eukrasian Dosis III (dot),90,1.0,20340,95380,21420,12420,380,8280,760
724030,724562,Auto,90,1.0,20430,95380,21420,12420,380,8280,760
725252,725922,Dosis III,380,1.0,20430,95760,21420,12420,380,8280,760
705708,727500,Eukrasian Dosis III (dot),90,1.0,20430,95760,21510,12420,380,8280,760
727692,728362,Dosis III,380,1.0,20430,96140,21510,12420,380,8280,760
728192,728724,Auto,90,1.0,20520,96140,21510,12420,380,8280,760
729172,729842,Phlegma III,690,1.0,20520,96140,21510,13110,380,8280,760
705708,730500,Eukrasian Dosis III (dot),90,1.0,20520,96140,21600,13110,380,8280,760
730992,731524,Auto,90,1.0,20610,96140,21600,13110,380,8280,760
731613,732283,Phlegma III,690,1.0,20610,96140,21600,13800,380,8280,760
705708,733500,Eukrasian Dosis III (dot),90,1.0,20610,96140,21690,13800,380,8280,760
733792,734324,Auto,90,1.0,20700,96140,21690,13800,380,8280,760
735013,735683,Dosis III,380,1.0,20700,96520,21690,13800,380,8280,760
737454,738124,Dosis III,380,1.0,20700,96900,21690,13800,380,8280,760
737954,738486,Auto,90,1.0,20790,96900,21690,13800,380,8280,760
739894,740564,Dosis III,380,1.0,20790,97280,21690,13800,380,8280,760
740754,741286,Auto,90,1.0,20880,97280,21690,13800,380,8280,760
740502,741602,Psyche,690,1.0,20880,97280,21690,13800,380,8970,760
742335,743005,Dosis III,380,1.0,20880,97660,21690,13800,380,8970,760
743554,744086,Auto,90,1.0,20970,97660,21690,13800,380,8970,760
743815,744485,Dosis III,380,1.0,20970,98040,21690,13800,380,8970,760
747216,747886,Dosis III,380,1.0,20970,98420,21690,13800,380,8970,760
747716,748248,Auto,90,1.0,21060,98420,21690,13800,380,8970,760
748696,749896,Toxikon II,380,1.0,21060,98420,21690,13800,380,8970,1140
