sim_timestamp,sim_damage_timestamp,sim_name,sim_potency,sim_weight,Abyssal Drain (pet),Auto,Bloodspiller,Bloodspiller (pet),Carve and Spit,Comeuppance,Disesteem,Disesteem (pet),Edge of Shadow,Edge of Shadow (pet),Hard Slash,Salt and Darkness,Salted Earth,Salted Earth (dot),Scarlet Delirium,Shadowbringer,Shadowbringer (pet),Souleater,Syphon Strike,Torcleaver
0,581,Hard Slash,300,1.0,0,0,0,0,0,0,0,0,0,0,300,0,0,0,0,0,0,0,0,0
581,1113,Auto,90,1.0,0,90,0,0,0,0,0,0,0,0,300,0,0,0,0,0,0,0,0,0
1750,2374,Edge of Shadow,460,1.0,0,90,0,0,0,0,0,0,460,0,300,0,0,0,0,0,0,0,0,0
2500,3124,Syphon Strike,380,1.0,0,90,0,0,0,0,0,0,460,0,300,0,0,0,0,0,0,0,380,0
3541,4073,Auto,90,1.0,0,180,0,0,0,0,0,0,460,0,300,0,0,0,0,0,0,0,380,0
5000,5624,Souleater,480,1.0,0,180,0,0,0,0,0,0,460,0,300,0,0,0,0,0,0,480,380,0
6501,7033,Auto,90,1.0,0,270,0,0,0,0,0,0,460,0,300,0,0,0,0,0,0,480,380,0
6250,7150,Salted Earth,50,1.0,0,270,0,0,0,0,0,0,460,0,300,0,50,0,0,0,0,480,380,0
6250,7500,Salted Earth (dot),50,1.0,0,270,0,0,0,0,0,0,460,0,300,0,50,50,0,0,0,480,380,0
7500,8081,Hard Slash,300,1.0,0,270,0,0,0,0,0,0,460,0,600,0,50,50,0,0,0,480,380,0
8125,8749,Edge of Shadow,460,1.0,0,270,0,0,0,0,0,0,920,0,600,0,50,50,0,0,0,480,380,0
8750,9416,Shadowbringer,600,1.0,0,270,0,0,0,0,0,0,920,0,600,0,50,50,0,600,0,480,380,0
9925,9925,Abyssal Drain (pet),420,1.0,420,270,0,0,0,0,0,0,920,0,600,0,50,50,0,600,0,480,380,0
9461,9993,Auto,90,1.0,420,360,0,0,0,0,0,0,920,0,600,0,50,50,0,600,0,480,380,0
6250,10500,Salted Earth (dot),50,1.0,420,360,0,0,0,0,0,0,920,0,600,0,50,100,0,600,0,480,380,0
10000,10581,Scarlet Delirium,620,1.0,420,360,0,0,0,0,0,0,920,0,600,0,50,100,620,600,0,480,380,0
11250,12007,Salt and Darkness,500,1.0,420,360,0,0,0,0,0,0,920,0,600,500,50,100,620,600,0,480,380,0
10625,12098,Carve and Spit,540,1.0,420,360,0,0,540,0,0,0,920,0,600,500,50,100,620,600,0,480,380,0
12421,12953,Auto,90,1.0,420,450,0,0,540,0,0,0,920,0,600,500,50,100,620,600,0,480,380,0
12500,13170,Comeuppance,720,1.0,420,450,0,0,540,720,0,0,920,0,600,500,50,100,620,600,0,480,380,0
6250,13500,Salted Earth (dot),50,1.0,420,450,0,0,540,720,0,0,920,0,600,500,50,150,620,600,0,480,380,0
13125,13749,Edge of Shadow,460,1.0,420,450,0,0,540,720,0,0,1380,0,600,500,50,150,620,600,0,480,380,0
14325,14325,Shadowbringer (pet),570,1.0,420,450,0,0,540,720,0,0,1380,0,600,500,50,150,620,600,570,480,380,0
13750,14416,Shadowbringer,600,1.0,420,450,0,0,540,720,0,0,1380,0,600,500,50,150,620,1200,570,480,380,0
15000,15620,Torcleaver,820,1.0,420,450,0,0,540,720,0,0,1380,0,600,500,50,150,620,1200,570,480,380,820
15381,15913,Auto,90,1.0,420,540,0,0,540,720,0,0,1380,0,600,500,50,150,620,1200,570,480,380,820
15625,16249,Edge of Shadow,460,1.0,420,540,0,0,540,720,0,0,1840,0,600,500,50,150,620,1200,570,480,380,820
6250,16500,Salted Earth (dot),50,1.0,420,540,0,0,540,720,0,0,1840,0,600,500,50,200,620,1200,570,480,380,820
16525,16525,Edge of Shadow (pet),420,1.0,420,540,0,0,540,720,0,0,1840,420,600,500,50,200,620,1200,570,480,380,820
16625,17249,Edge of Shadow,460,1.0,420,540,0,0,540,720,0,0,2300,420,600,500,50,200,620,1200,570,480,380,820
18725,18725,Bloodspiller (pet),420,1.0,420,540,0,420,540,720,0,0,2300,420,600,500,50,200,620,1200,570,480,380,820
18341,18873,Auto,90,1.0,420,630,0,420,540,720,0,0,2300,420,600,500,50,200,620,1200,570,480,380,820
17500,19150,Disesteem,1000,1.0,420,630,0,420,540,720,1000,0,2300,420,600,500,50,200,620,1200,570,480,380,820
6250,19500,Salted Earth (dot),50,1.0,420,630,0,420,540,720,1000,0,2300,420,600,500,50,250,620,1200,570,480,380,820
20000,20802,Bloodspiller,600,1.0,420,630,600,420,540,720,1000,0,2300,420,600,500,50,250,620,1200,570,480,380,820
20925,20925,Disesteem (pet),620,1.0,420,630,600,420,540,720,1000,620,2300,420,600,500,50,250,620,1200,570,480,380,820
21301,21833,Auto,90,1.0,420,720,600,420,540,720,1000,620,2300,420,600,500,50,250,620,1200,570,480,380,820
22500,23124,Syphon Strike,380,1.0,420,720,600,420,540,720,1000,620,2300,420,600,500,50,250,620,1200,570,480,760,820
24261,24793,Auto,90,1.0,420,810,600,420,540,720,1000,620,2300,420,600,500,50,250,620,1200,570,480,760,820
25001,25625,Souleater,480,1.0,420,810,600,420,540,720,1000,620,2300,420,600,500,50,250,620,1200,570,960,760,820
27221,27753,Auto,90,1.0,420,900,600,420,540,720,1000,620,2300,420,600,500,50,250,620,1200,570,960,760,820
27501,28082,Hard Slash,300,1.0,420,900,600,420,540,720,1000,620,2300,420,900,500,50,250,620,1200,570,960,760,820
30001,30625,Syphon Strike,380,1.0,420,900,600,420,540,720,1000,620,2300,420,900,500,50,250,620,1200,570,960,1140,820
30181,30713,Auto,90,1.0,420,990,600,420,540,720,1000,620,2300,420,900,500,50,250,620,1200,570,960,1140,820
32500,33124,Souleater,480,1.0,420,990,600,420,540,720,1000,620,2300,420,900,500,50,250,620,1200,570,1440,1140,820
33141,33673,Auto,90,1.0,420,1080,600,420,540,720,1000,620,2300,420,900,500,50,250,620,1200,570,1440,1140,820
35001,35582,Hard Slash,300,1.0,420,1080,600,420,540,720,1000,620,2300,420,1200,500,50,250,620,1200,570,1440,1140,820
36101,36633,Auto,90,1.0,420,1170,600,420,540,720,1000,620,2300,420,1200,500,50,250,620,1200,570,1440,1140,820
37501,38125,Syphon Strike,380,1.0,420,1170,600,420,540,720,1000,620,2300,420,1200,500,50,250,620,1200,570,1440,1520,820
39061,39593,Auto,90,1.0,420,1260,600,420,540,720,1000,620,2300,420,1200,500,50,250,620,1200,570,1440,1520,820
40001,40625,Souleater,480,1.0,420,1260,600,420,540,720,1000,620,2300,420,1200,500,50,250,620,1200,570,1920,1520,820
42021,42553,Auto,90,1.0,420,1350,600,420,540,720,1000,620,2300,420,1200,500,50,250,620,1200,570,1920,1520,820
42501,43303,Bloodspiller,600,1.0,420,1350,1200,420,540,720,1000,620,2300,420,1200,500,50,250,620,1200,570,1920,1520,820
44981,45513,Auto,90,1.0,420,1440,1200,420,540,720,1000,620,2300,420,1200,500,50,250,620,1200,570,1920,1520,820
45001,45582,Hard Slash,300,1.0,420,1440,1200,420,540,720,1000,620,2300,420,1500,500,50,250,620,1200,570,1920,1520,820
47501,48125,Syphon Strike,380,1.0,420,1440,1200,420,540,720,1000,620,2300,420,1500,500,50,250,620,1200,570,1920,1900,820
47941,48473,Auto,90,1.0,420,1530,1200,420,540,720,1000,620,2300,420,1500,500,50,250,620,1200,570,1920,1900,820
48126,48750,Edge of Shadow,460,1.0,420,1530,1200,420,540,720,1000,620,2760,420,1500,500,50,250,620,1200,570,1920,1900,820
50001,50625,Souleater,480,1.0,420,1530,1200,420,540,720,1000,620,2760,420,1500,500,50,250,620,1200,570,2400,1900,820
50901,51433,Auto,90,1.0,420,1620,1200,420,540,720,1000,620,2760,420,1500,500,50,250,620,1200,570,2400,1900,820
52501,53082,Hard Slash,300,1.0,420,1620,1200,420,540,720,1000,620,2760,420,1800,500,50,250,620,1200,570,2400,1900,820
53861,54393,Auto,90,1.0,420,1710,1200,420,540,720,1000,620,2760,420,1800,500,50,250,620,1200,570,2400,1900,820
55001,55625,Syphon Strike,380,1.0,420,1710,1200,420,540,720,1000,620,2760,420,1800,500,50,250,620,1200,570,2400,2280,820
56821,57353,Auto,90,1.0,420,1800,1200,420,540,720,1000,620,2760,420,1800,500,50,250,620,1200,570,2400,2280,820
57501,58125,Souleater,480,1.0,420,1800,1200,420,540,720,1000,620,2760,420,1800,500,50,250,620,1200,570,2880,2280,820
59781,60313,Auto,90,1.0,420,1890,1200,420,540,720,1000,620,2760,420,1800,500,50,250,620,1200,570,2880,2280,820
60001,60803,Bloodspiller,600,1.0,420,1890,1800,420,540,720,1000,620,2760,420,1800,500,50,250,620,1200,570,2880,2280,820
62501,63082,Hard Slash,300,1.0,420,1890,1800,420,540,720,1000,620,2760,420,2100,500,50,250,620,1200,570,2880,2280,820
62741,63273,Auto,90,1.0,420,1980,1800,420,540,720,1000,620,2760,420,2100,500,50,250,620,1200,570,2880,2280,820
65001,65625,Syphon Strike,380,1.0,420,1980,1800,420,540,720,1000,620,2760,420,2100,500,50,250,620,1200,570,2880,2660,820
65701,66233,Auto,90,1.0,420,2070,1800,420,540,720,1000,620,2760,420,2100,500,50,250,620,1200,570,2880,2660,820
67501,68082,Scarlet Delirium,620,1.0,420,2070,1800,420,540,720,1000,620,2760,420,2100,500,50,250,1240,1200,570,2880,2660,820
68661,69193,Auto,90,1.0,420,2160,1800,420,540,720,1000,620,2760,420,2100,500,50,250,1240,1200,570,2880,2660,820
70001,70671,Comeuppance,720,1.0,420,2160,1800,420,540,1440,1000,620,2760,420,2100,500,50,250,1240,1200,570,2880,2660,820
70626,72099,Carve and Spit,540,1.0,420,2160,1800,420,1080,1440,1000,620,2760,420,2100,500,50,250,1240,1200,570,2880,2660,820
71621,72153,Auto,90,1.0,420,2250,1800,420,1080,1440,1000,620,2760,420,2100,500,50,250,1240,1200,570,2880,2660,820
72501,73121,Torcleaver,820,1.0,420,2250,1800,420,1080,1440,1000,620,2760,420,2100,500,50,250,1240,1200,570,2880,2660,1640
74581,75113,Auto,90,1.0,420,2340,1800,420,1080,1440,1000,620,2760,420,2100,500,50,250,1240,1200,570,2880,2660,1640
75002,75626,Souleater,480,1.0,420,2340,1800,420,1080,1440,1000,620,2760,420,2100,500,50,250,1240,1200,570,3360,2660,1640
77541,78073,Auto,90,1.0,420,2430,1800,420,1080,1440,1000,620,2760,420,2100,500,50,250,1240,1200,570,3360,2660,1640
77502,78304,Bloodspiller,600,1.0,420,2430,2400,420,1080,1440,1000,620,2760,420,2100,500,50,250,1240,1200,570,3360,2660,1640
78127,78751,Edge of Shadow,460,1.0,420,2430,2400,420,1080,1440,1000,620,3220,420,2100,500,50,250,1240,1200,570,3360,2660,1640
80002,80583,Hard Slash,300,1.0,420,2430,2400,420,1080,1440,1000,620,3220,420,2400,500,50,250,1240,1200,570,3360,2660,1640
80501,81033,Auto,90,1.0,420,2520,2400,420,1080,1440,1000,620,3220,420,2400,500,50,250,1240,1200,570,3360,2660,1640
82502,83126,Syphon Strike,380,1.0,420,2520,2400,420,1080,1440,1000,620,3220,420,2400,500,50,250,1240,1200,570,3360,3040,1640
83461,83993,Auto,90,1.0,420,2610,2400,420,1080,1440,1000,620,3220,420,2400,500,50,250,1240,1200,570,3360,3040,1640
85002,85626,Souleater,480,1.0,420,2610,2400,420,1080,1440,1000,620,3220,420,2400,500,50,250,1240,1200,570,3840,3040,1640
86421,86953,Auto,90,1.0,420,2700,2400,420,1080,1440,1000,620,3220,420,2400,500,50,250,1240,1200,570,3840,3040,1640
87502,88083,Hard Slash,300,1.0,420,2700,2400,420,1080,1440,1000,620,3220,420,2700,500,50,250,1240,1200,570,3840,3040,1640
89381,89913,Auto,90,1.0,420,2790,2400,420,1080,1440,1000,620,3220,420,2700,500,50,250,1240,1200,570,3840,3040,1640
90002,90626,Syphon Strike,380,1.0,420,2790,2400,420,1080,1440,1000,620,3220,420,2700,500,50,250,1240,1200,570,3840,3420,1640
92341,92873,Auto,90,1.0,420,2880,2400,420,1080,1440,1000,620,3220,420,2700,500,50,250,1240,1200,570,3840,3420,1640
92502,93126,Souleater,480,1.0,420,2880,2400,420,1080,1440,1000,620,3220,420,2700,500,50,250,1240,1200,570,4320,3420,1640
95002,95583,Hard Slash,300,1.0,420,2880,2400,420,1080,1440,1000,620,3220,420,3000,500,50,250,1240,1200,570,4320,3420,1640
95301,95833,Auto,90,1.0,420,2970,2400,420,1080,1440,1000,620,3220,420,3000,500,50,250,1240,1200,570,4320,3420,1640
96250,97150,Salted Earth,50,1.0,420,2970,2400,420,1080,1440,1000,620,3220,420,3000,500,100,250,1240,1200,570,4320,3420,1640
96250,97500,Salted Earth (dot),50,1.0,420,2970,2400,420,1080,1440,1000,620,3220,420,3000,500,100,300,1240,1200,570,4320,3420,1640
97502,98126,Syphon Strike,380,1.0,420,2970,2400,420,1080,1440,1000,620,3220,420,3000,500,100,300,1240,1200,570,4320,3800,1640
98261,98793,Auto,90,1.0,420,3060,2400,420,1080,1440,1000,620,3220,420,3000,500,100,300,1240,1200,570,4320,3800,1640
98127,98884,Salt and Darkness,500,1.0,420,3060,2400,420,1080,1440,1000,620,3220,420,3000,1000,100,300,1240,1200,570,4320,3800,1640
96250,100500,Salted Earth (dot),50,1.0,420,3060,2400,420,1080,1440,1000,620,3220,420,3000,1000,100,350,1240,1200,570,4320,3800,1640
100002,100626,Souleater,480,1.0,420,3060,2400,420,1080,1440,1000,620,3220,420,3000,1000,100,350,1240,1200,570,4800,3800,1640
101221,101753,Auto,90,1.0,420,3150,2400,420,1080,1440,1000,620,3220,420,3000,1000,100,350,1240,1200,570,4800,3800,1640
102502,103083,Hard Slash,300,1.0,420,3150,2400,420,1080,1440,1000,620,3220,420,3300,1000,100,350,1240,1200,570,4800,3800,1640
96250,103500,Salted Earth (dot),50,1.0,420,3150,2400,420,1080,1440,1000,620,3220,420,3300,1000,100,400,1240,1200,570,4800,3800,1640
104181,104713,Auto,90,1.0,420,3240,2400,420,1080,1440,1000,620,3220,420,3300,1000,100,400,1240,1200,570,4800,3800,1640
105002,105626,Syphon Strike,380,1.0,420,3240,2400,420,1080,1440,1000,620,3220,420,3300,1000,100,400,1240,1200,570,4800,4180,1640
96250,106500,Salted Earth (dot),50,1.0,420,3240,2400,420,1080,1440,1000,620,3220,420,3300,1000,100,450,1240,1200,570,4800,4180,1640
107141,107673,Auto,90,1.0,420,3330,2400,420,1080,1440,1000,620,3220,420,3300,1000,100,450,1240,1200,570,4800,4180,1640
107502,108126,Souleater,480,1.0,420,3330,2400,420,1080,1440,1000,620,3220,420,3300,1000,100,450,1240,1200,570,5280,4180,1640
96250,109500,Salted Earth (dot),50,1.0,420,3330,2400,420,1080,1440,1000,620,3220,420,3300,1000,100,500,1240,1200,570,5280,4180,1640
110002,110583,Hard Slash,300,1.0,420,3330,2400,420,1080,1440,1000,620,3220,420,3600,1000,100,500,1240,1200,570,5280,4180,1640
110101,110633,Auto,90,1.0,420,3420,2400,420,1080,1440,1000,620,3220,420,3600,1000,100,500,1240,1200,570,5280,4180,1640
112502,113126,Syphon Strike,380,1.0,420,3420,2400,420,1080,1440,1000,620,3220,420,3600,1000,100,500,1240,1200,570,5280,4560,1640
113061,113593,Auto,90,1.0,420,3510,2400,420,1080,1440,1000,620,3220,420,3600,1000,100,500,1240,1200,570,5280,4560,1640
115002,115626,Souleater,480,1.0,420,3510,2400,420,1080,1440,1000,620,3220,420,3600,1000,100,500,1240,1200,570,5760,4560,1640
116021,116553,Auto,90,1.0,420,3600,2400,420,1080,1440,1000,620,3220,420,3600,1000,100,500,1240,1200,570,5760,4560,1640
117502,118083,Hard Slash,300,1.0,420,3600,2400,420,1080,1440,1000,620,3220,420,3900,1000,100,500,1240,1200,570,5760,4560,1640
118981,119513,Auto,90,1.0,420,3690,2400,420,1080,1440,1000,620,3220,420,3900,1000,100,500,1240,1200,570,5760,4560,1640
120002,120626,Syphon Strike,380,1.0,420,3690,2400,420,1080,1440,1000,620,3220,420,3900,1000,100,500,1240,1200,570,5760,4940,1640
121941,122473,Auto,90,1.0,420,3780,2400,420,1080,1440,1000,620,3220,420,3900,1000,100,500,1240,1200,570,5760,4940,1640
122502,123304,Bloodspiller,600,1.0,420,3780,3000,420,1080,1440,1000,620,3220,420,3900,1000,100,500,1240,1200,570,5760,4940,1640
124901,125433,Auto,90,1.0,420,3870,3000,420,1080,1440,1000,620,3220,420,3900,1000,100,500,1240,1200,570,5760,4940,1640
125003,125627,Souleater,480,1.0,420,3870,3000,420,1080,1440,1000,620,3220,420,3900,1000,100,500,1240,1200,570,6240,4940,1640
127503,128084,Hard Slash,300,1.0,420,3870,3000,420,1080,1440,1000,620,3220,420,4200,1000,100,500,1240,1200,570,6240,4940,1640
127861,128393,Auto,90,1.0,420,3960,3000,420,1080,1440,1000,620,3220,420,4200,1000,100,500,1240,1200,570,6240,4940,1640
128127,128751,Edge of Shadow,460,1.0,420,3960,3000,420,1080,1440,1000,620,3680,420,4200,1000,100,500,1240,1200,570,6240,4940,1640
129127,129751,Edge of Shadow,460,1.0,420,3960,3000,420,1080,1440,1000,620,4140,420,4200,1000,100,500,1240,1200,570,6240,4940,1640
129927,129927,Abyssal Drain (pet),420,1.0,840,3960,3000,420,1080,1440,1000,620,4140,420,4200,1000,100,500,1240,1200,570,6240,4940,1640
130002,130583,Scarlet Delirium,620,1.0,840,3960,3000,420,1080,1440,1000,620,4140,420,4200,1000,100,500,1860,1200,570,6240,4940,1640
130821,131353,Auto,90,1.0,840,4050,3000,420,1080,1440,1000,620,4140,420,4200,1000,100,500,1860,1200,570,6240,4940,1640
131253,131919,Shadowbringer,600,1.0,840,4050,3000,420,1080,1440,1000,620,4140,420,4200,1000,100,500,1860,1800,570,6240,4940,1640
130627,132100,Carve and Spit,540,1.0,840,4050,3000,420,1620,1440,1000,620,4140,420,4200,1000,100,500,1860,1800,570,6240,4940,1640
132503,133173,Comeuppance,720,1.0,840,4050,3000,420,1620,2160,1000,620,4140,420,4200,1000,100,500,1860,1800,570,6240,4940,1640
133128,133752,Edge of Shadow,460,1.0,840,4050,3000,420,1620,2160,1000,620,4600,420,4200,1000,100,500,1860,1800,570,6240,4940,1640
133781,134313,Auto,90,1.0,840,4140,3000,420,1620,2160,1000,620,4600,420,4200,1000,100,500,1860,1800,570,6240,4940,1640
134327,134327,Shadowbringer (pet),570,1.0,840,4140,3000,420,1620,2160,1000,620,4600,420,4200,1000,100,500,1860,1800,1140,6240,4940,1640
133753,134419,Shadowbringer,600,1.0,840,4140,3000,420,1620,2160,1000,620,4600,420,4200,1000,100,500,1860,2400,1140,6240,4940,1640
135003,135623,Torcleaver,820,1.0,840,4140,3000,420,1620,2160,1000,620,4600,420,4200,1000,100,500,1860,2400,1140,6240,4940,2460
135628,136252,Edge of Shadow,460,1.0,840,4140,3000,420,1620,2160,1000,620,5060,420,4200,1000,100,500,1860,2400,1140,6240,4940,2460
136527,136527,Edge of Shadow (pet),420,1.0,840,4140,3000,420,1620,2160,1000,620,5060,840,4200,1000,100,500,1860,2400,1140,6240,4940,2460
136628,137252,Edge of Shadow,460,1.0,840,4140,3000,420,1620,2160,1000,620,5520,840,4200,1000,100,500,1860,2400,1140,6240,4940,2460
136741,137273,Auto,90,1.0,840,4230,3000,420,1620,2160,1000,620,5520,840,4200,1000,100,500,1860,2400,1140,6240,4940,2460
138727,138727,Bloodspiller (pet),420,1.0,840,4230,3000,840,1620,2160,1000,620,5520,840,4200,1000,100,500,1860,2400,1140,6240,4940,2460
137503,139153,Disesteem,1000,1.0,840,4230,3000,840,1620,2160,2000,620,5520,840,4200,1000,100,500,1860,2400,1140,6240,4940,2460
139701,140233,Auto,90,1.0,840,4320,3000,840,1620,2160,2000,620,5520,840,4200,1000,100,500,1860,2400,1140,6240,4940,2460
140003,140805,Bloodspiller,600,1.0,840,4320,3600,840,1620,2160,2000,620,5520,840,4200,1000,100,500,1860,2400,1140,6240,4940,2460
140927,140927,Disesteem (pet),620,1.0,840,4320,3600,840,1620,2160,2000,1240,5520,840,4200,1000,100,500,1860,2400,1140,6240,4940,2460
142661,143193,Auto,90,1.0,840,4410,3600,840,1620,2160,2000,1240,5520,840,4200,1000,100,500,1860,2400,1140,6240,4940,2460
142503,143305,Bloodspiller,600,1.0,840,4410,4200,840,1620,2160,2000,1240,5520,840,4200,1000,100,500,1860,2400,1140,6240,4940,2460
145003,145627,Syphon Strike,380,1.0,840,4410,4200,840,1620,2160,2000,1240,5520,840,4200,1000,100,500,1860,2400,1140,6240,5320,2460
145621,146153,Auto,90,1.0,840,4500,4200,840,1620,2160,2000,1240,5520,840,4200,1000,100,500,1860,2400,1140,6240,5320,2460
147503,148127,Souleater,480,1.0,840,4500,4200,840,1620,2160,2000,1240,5520,840,4200,1000,100,500,1860,2400,1140,6720,5320,2460
148581,149113,Auto,90,1.0,840,4590,4200,840,1620,2160,2000,1240,5520,840,4200,1000,100,500,1860,2400,1140,6720,5320,2460
150003,150584,Hard Slash,300,1.0,840,4590,4200,840,1620,2160,2000,1240,5520,840,4500,1000,100,500,1860,2400,1140,6720,5320,2460
151541,152073,Auto,90,1.0,840,4680,4200,840,1620,2160,2000,1240,5520,840,4500,1000,100,500,1860,2400,1140,6720,5320,2460
152503,153127,Syphon Strike,380,1.0,840,4680,4200,840,1620,2160,2000,1240,5520,840,4500,1000,100,500,1860,2400,1140,6720,5700,2460
154501,155033,Auto,90,1.0,840,4770,4200,840,1620,2160,2000,1240,5520,840,4500,1000,100,500,1860,2400,1140,6720,5700,2460
155003,155627,Souleater,480,1.0,840,4770,4200,840,1620,2160,2000,1240,5520,840,4500,1000,100,500,1860,2400,1140,7200,5700,2460
157461,157993,Auto,90,1.0,840,4860,4200,840,1620,2160,2000,1240,5520,840,4500,1000,100,500,1860,2400,1140,7200,5700,2460
157503,158084,Hard Slash,300,1.0,840,4860,4200,840,1620,2160,2000,1240,5520,840,4800,1000,100,500,1860,2400,1140,7200,5700,2460
160003,160627,Syphon Strike,380,1.0,840,4860,4200,840,1620,2160,2000,1240,5520,840,4800,1000,100,500,1860,2400,1140,7200,6080,2460
160421,160953,Auto,90,1.0,840,4950,4200,840,1620,2160,2000,1240,5520,840,4800,1000,100,500,1860,2400,1140,7200,6080,2460
162503,163127,Souleater,480,1.0,840,4950,4200,840,1620,2160,2000,1240,5520,840,4800,1000,100,500,1860,2400,1140,7680,6080,2460
163381,163913,Auto,90,1.0,840,5040,4200,840,1620,2160,2000,1240,5520,840,4800,1000,100,500,1860,2400,1140,7680,6080,2460
165003,165805,Bloodspiller,600,1.0,840,5040,4800,840,1620,2160,2000,1240,5520,840,4800,1000,100,500,1860,2400,1140,7680,6080,2460
166341,166873,Auto,90,1.0,840,5130,4800,840,1620,2160,2000,1240,5520,840,4800,1000,100,500,1860,2400,1140,7680,6080,2460
167503,168084,Hard Slash,300,1.0,840,5130,4800,840,1620,2160,2000,1240,5520,840,5100,1000,100,500,1860,2400,1140,7680,6080,2460
168128,168752,Edge of Shadow,460,1.0,840,5130,4800,840,1620,2160,2000,1240,5980,840,5100,1000,100,500,1860,2400,1140,7680,6080,2460
169301,169833,Auto,90,1.0,840,5220,4800,840,1620,2160,2000,1240,5980,840,5100,1000,100,500,1860,2400,1140,7680,6080,2460
170003,170627,Syphon Strike,380,1.0,840,5220,4800,840,1620,2160,2000,1240,5980,840,5100,1000,100,500,1860,2400,1140,7680,6460,2460
172261,172793,Auto,90,1.0,840,5310,4800,840,1620,2160,2000,1240,5980,840,5100,1000,100,500,1860,2400,1140,7680,6460,2460
172503,173127,Souleater,480,1.0,840,5310,4800,840,1620,2160,2000,1240,5980,840,5100,1000,100,500,1860,2400,1140,8160,6460,2460
175004,175585,Hard Slash,300,1.0,840,5310,4800,840,1620,2160,2000,1240,5980,840,5400,1000,100,500,1860,2400,1140,8160,6460,2460
175221,175753,Auto,90,1.0,840,5400,4800,840,1620,2160,2000,1240,5980,840,5400,1000,100,500,1860,2400,1140,8160,6460,2460
177504,178128,Syphon Strike,380,1.0,840,5400,4800,840,1620,2160,2000,1240,5980,840,5400,1000,100,500,1860,2400,1140,8160,6840,2460
178181,178713,Auto,90,1.0,840,5490,4800,840,1620,2160,2000,1240,5980,840,5400,1000,100,500,1860,2400,1140,8160,6840,2460
180004,180628,Souleater,480,1.0,840,5490,4800,840,1620,2160,2000,1240,5980,840,5400,1000,100,500,1860,2400,1140,8640,6840,2460
181141,181673,Auto,90,1.0,840,5580,4800,840,1620,2160,2000,1240,5980,840,5400,1000,100,500,1860,2400,1140,8640,6840,2460
182504,183306,Bloodspiller,600,1.0,840,5580,5400,840,1620,2160,2000,1240,5980,840,5400,1000,100,500,1860,2400,1140,8640,6840,2460
184101,184633,Auto,90,1.0,840,5670,5400,840,1620,2160,2000,1240,5980,840,5400,1000,100,500,1860,2400,1140,8640,6840,2460
185004,185585,Hard Slash,300,1.0,840,5670,5400,840,1620,2160,2000,1240,5980,840,5700,1000,100,500,1860,2400,1140,8640,6840,2460
186254,187154,Salted Earth,50,1.0,840,5670,5400,840,1620,2160,2000,1240,5980,840,5700,1000,150,500,1860,2400,1140,8640,6840,2460
186254,187500,Salted Earth (dot),50,1.0,840,5670,5400,840,1620,2160,2000,1240,5980,840,5700,1000,150,550,1860,2400,1140,8640,6840,2460
187061,187593,Auto,90,1.0,840,5760,5400,840,1620,2160,2000,1240,5980,840,5700,1000,150,550,1860,2400,1140,8640,6840,2460
187504,188085,Scarlet Delirium,620,1.0,840,5760,5400,840,1620,2160,2000,1240,5980,840,5700,1000,150,550,2480,2400,1140,8640,6840,2460
188129,188886,Salt and Darkness,500,1.0,840,5760,5400,840,1620,2160,2000,1240,5980,840,5700,1500,150,550,2480,2400,1140,8640,6840,2460
186254,190500,Salted Earth (dot),50,1.0,840,5760,5400,840,1620,2160,2000,1240,5980,840,5700,1500,150,600,2480,2400,1140,8640,6840,2460
190021,190553,Auto,90,1.0,840,5850,5400,840,1620,2160,2000,1240,5980,840,5700,1500,150,600,2480,2400,1140,8640,6840,2460
190004,190674,Comeuppance,720,1.0,840,5850,5400,840,1620,2880,2000,1240,5980,840,5700,1500,150,600,2480,2400,1140,8640,6840,2460
190629,192102,Carve and Spit,540,1.0,840,5850,5400,840,2160,2880,2000,1240,5980,840,5700,1500,150,600,2480,2400,1140,8640,6840,2460
192504,193124,Torcleaver,820,1.0,840,5850,5400,840,2160,2880,2000,1240,5980,840,5700,1500,150,600,2480,2400,1140,8640,6840,3280
186254,193500,Salted Earth (dot),50,1.0,840,5850,5400,840,2160,2880,2000,1240,5980,840,5700,1500,150,650,2480,2400,1140,8640,6840,3280
192981,193513,Auto,90,1.0,840,5940,5400,840,2160,2880,2000,1240,5980,840,5700,1500,150,650,2480,2400,1140,8640,6840,3280
195004,195628,Syphon Strike,380,1.0,840,5940,5400,840,2160,2880,2000,1240,5980,840,5700,1500,150,650,2480,2400,1140,8640,7220,3280
195941,196473,Auto,90,1.0,840,6030,5400,840,2160,2880,2000,1240,5980,840,5700,1500,150,650,2480,2400,1140,8640,7220,3280
186254,196500,Salted Earth (dot),50,1.0,840,6030,5400,840,2160,2880,2000,1240,5980,840,5700,1500,150,700,2480,2400,1140,8640,7220,3280
197504,198128,Souleater,480,1.0,840,6030,5400,840,2160,2880,2000,1240,5980,840,5700,1500,150,700,2480,2400,1140,9120,7220,3280
198129,198753,Edge of Shadow,460,1.0,840,6030,5400,840,2160,2880,2000,1240,6440,840,5700,1500,150,700,2480,2400,1140,9120,7220,3280
198901,199433,Auto,90,1.0,840,6120,5400,840,2160,2880,2000,1240,6440,840,5700,1500,150,700,2480,2400,1140,9120,7220,3280
186254,199500,Salted Earth (dot),50,1.0,840,6120,5400,840,2160,2880,2000,1240,6440,840,5700,1500,150,750,2480,2400,1140,9120,7220,3280
200004,200806,Bloodspiller,600,1.0,840,6120,6000,840,2160,2880,2000,1240,6440,840,5700,1500,150,750,2480,2400,1140,9120,7220,3280
201861,202393,Auto,90,1.0,840,6210,6000,840,2160,2880,2000,1240,6440,840,5700,1500,150,750,2480,2400,1140,9120,7220,3280
202504,203085,Hard Slash,300,1.0,840,6210,6000,840,2160,2880,2000,1240,6440,840,6000,1500,150,750,2480,2400,1140,9120,7220,3280
204821,205353,Auto,90,1.0,840,6300,6000,840,2160,2880,2000,1240,6440,840,6000,1500,150,750,2480,2400,1140,9120,7220,3280
205004,205628,Syphon Strike,380,1.0,840,6300,6000,840,2160,2880,2000,1240,6440,840,6000,1500,150,750,2480,2400,1140,9120,7600,3280
207504,208128,Souleater,480,1.0,840,6300,6000,840,2160,2880,2000,1240,6440,840,6000,1500,150,750,2480,2400,1140,9600,7600,3280
207781,208313,Auto,90,1.0,840,6390,6000,840,2160,2880,2000,1240,6440,840,6000,1500,150,750,2480,2400,1140,9600,7600,3280
210004,210585,Hard Slash,300,1.0,840,6390,6000,840,2160,2880,2000,1240,6440,840,6300,1500,150,750,2480,2400,1140,9600,7600,3280
210741,211273,Auto,90,1.0,840,6480,6000,840,2160,2880,2000,1240,6440,840,6300,1500,150,750,2480,2400,1140,9600,7600,3280
212504,213128,Syphon Strike,380,1.0,840,6480,6000,840,2160,2880,2000,1240,6440,840,6300,1500,150,750,2480,2400,1140,9600,7980,3280
213701,214233,Auto,90,1.0,840,6570,6000,840,2160,2880,2000,1240,6440,840,6300,1500,150,750,2480,2400,1140,9600,7980,3280
215004,215628,Souleater,480,1.0,840,6570,6000,840,2160,2880,2000,1240,6440,840,6300,1500,150,750,2480,2400,1140,10080,7980,3280
216661,217193,Auto,90,1.0,840,6660,6000,840,2160,2880,2000,1240,6440,840,6300,1500,150,750,2480,2400,1140,10080,7980,3280
217504,218085,Hard Slash,300,1.0,840,6660,6000,840,2160,2880,2000,1240,6440,840,6600,1500,150,750,2480,2400,1140,10080,7980,3280
219621,220153,Auto,90,1.0,840,6750,6000,840,2160,2880,2000,1240,6440,840,6600,1500,150,750,2480,2400,1140,10080,7980,3280
220004,220628,Syphon Strike,380,1.0,840,6750,6000,840,2160,2880,2000,1240,6440,840,6600,1500,150,750,2480,2400,1140,10080,8360,3280
222581,223113,Auto,90,1.0,840,6840,6000,840,2160,2880,2000,1240,6440,840,6600,1500,150,750,2480,2400,1140,10080,8360,3280
222504,223128,Souleater,480,1.0,840,6840,6000,840,2160,2880,2000,1240,6440,840,6600,1500,150,750,2480,2400,1140,10560,8360,3280
225005,225586,Hard Slash,300,1.0,840,6840,6000,840,2160,2880,2000,1240,6440,840,6900,1500,150,750,2480,2400,1140,10560,8360,3280
225541,226073,Auto,90,1.0,840,6930,6000,840,2160,2880,2000,1240,6440,840,6900,1500,150,750,2480,2400,1140,10560,8360,3280
227505,228129,Syphon Strike,380,1.0,840,6930,6000,840,2160,2880,2000,1240,6440,840,6900,1500,150,750,2480,2400,1140,10560,8740,3280
228501,229033,Auto,90,1.0,840,7020,6000,840,2160,2880,2000,1240,6440,840,6900,1500,150,750,2480,2400,1140,10560,8740,3280
230005,230629,Souleater,480,1.0,840,7020,6000,840,2160,2880,2000,1240,6440,840,6900,1500,150,750,2480,2400,1140,11040,8740,3280
231461,231993,Auto,90,1.0,840,7110,6000,840,2160,2880,2000,1240,6440,840,6900,1500,150,750,2480,2400,1140,11040,8740,3280
232505,233086,Hard Slash,300,1.0,840,7110,6000,840,2160,2880,2000,1240,6440,840,7200,1500,150,750,2480,2400,1140,11040,8740,3280
234421,234953,Auto,90,1.0,840,7200,6000,840,2160,2880,2000,1240,6440,840,7200,1500,150,750,2480,2400,1140,11040,8740,3280
235005,235629,Syphon Strike,380,1.0,840,7200,6000,840,2160,2880,2000,1240,6440,840,7200,1500,150,750,2480,2400,1140,11040,9120,3280
237381,237913,Auto,90,1.0,840,7290,6000,840,2160,2880,2000,1240,6440,840,7200,1500,150,750,2480,2400,1140,11040,9120,3280
237505,238129,Souleater,480,1.0,840,7290,6000,840,2160,2880,2000,1240,6440,840,7200,1500,150,750,2480,2400,1140,11520,9120,3280
240005,240586,Hard Slash,300,1.0,840,7290,6000,840,2160,2880,2000,1240,6440,840,7500,1500,150,750,2480,2400,1140,11520,9120,3280
240341,240873,Auto,90,1.0,840,7380,6000,840,2160,2880,2000,1240,6440,840,7500,1500,150,750,2480,2400,1140,11520,9120,3280
242505,243129,Syphon Strike,380,1.0,840,7380,6000,840,2160,2880,2000,1240,6440,840,7500,1500,150,750,2480,2400,1140,11520,9500,3280
243301,243833,Auto,90,1.0,840,7470,6000,840,2160,2880,2000,1240,6440,840,7500,1500,150,750,2480,2400,1140,11520,9500,3280
245005,245807,Bloodspiller,600,1.0,840,7470,6600,840,2160,2880,2000,1240,6440,840,7500,1500,150,750,2480,2400,1140,11520,9500,3280
246261,246793,Auto,90,1.0,840,7560,6600,840,2160,2880,2000,1240,6440,840,7500,1500,150,750,2480,2400,1140,11520,9500,3280
247505,248129,Souleater,480,1.0,840,7560,6600,840,2160,2880,2000,1240,6440,840,7500,1500,150,750,2480,2400,1140,12000,9500,3280
248130,248754,Edge of Shadow,460,1.0,840,7560,6600,840,2160,2880,2000,1240,6900,840,7500,1500,150,750,2480,2400,1140,12000,9500,3280
249221,249753,Auto,90,1.0,840,7650,6600,840,2160,2880,2000,1240,6900,840,7500,1500,150,750,2480,2400,1140,12000,9500,3280
249130,249754,Edge of Shadow,460,1.0,840,7650,6600,840,2160,2880,2000,1240,7360,840,7500,1500,150,750,2480,2400,1140,12000,9500,3280
249930,249930,Abyssal Drain (pet),420,1.0,1260,7650,6600,840,2160,2880,2000,1240,7360,840,7500,1500,150,750,2480,2400,1140,12000,9500,3280
250005,250586,Scarlet Delirium,620,1.0,1260,7650,6600,840,2160,2880,2000,1240,7360,840,7500,1500,150,750,3100,2400,1140,12000,9500,3280
251255,251921,Shadowbringer,600,1.0,1260,7650,6600,840,2160,2880,2000,1240,7360,840,7500,1500,150,750,3100,3000,1140,12000,9500,3280
250630,252103,Carve and Spit,540,1.0,1260,7650,6600,840,2700,2880,2000,1240,7360,840,7500,1500,150,750,3100,3000,1140,12000,9500,3280
252181,252713,Auto,90,1.0,1260,7740,6600,840,2700,2880,2000,1240,7360,840,7500,1500,150,750,3100,3000,1140,12000,9500,3280
252505,253175,Comeuppance,720,1.0,1260,7740,6600,840,2700,3600,2000,1240,7360,840,7500,1500,150,750,3100,3000,1140,12000,9500,3280
253130,253754,Edge of Shadow,460,1.0,1260,7740,6600,840,2700,3600,2000,1240,7820,840,7500,1500,150,750,3100,3000,1140,12000,9500,3280
254330,254330,Shadowbringer (pet),570,1.0,1260,7740,6600,840,2700,3600,2000,1240,7820,840,7500,1500,150,750,3100,3000,1710,12000,9500,3280
253755,254421,Shadowbringer,600,1.0,1260,7740,6600,840,2700,3600,2000,1240,7820,840,7500,1500,150,750,3100,3600,1710,12000,9500,3280
255005,255625,Torcleaver,820,1.0,1260,7740,6600,840,2700,3600,2000,1240,7820,840,7500,1500,150,750,3100,3600,1710,12000,9500,4100
255141,255673,Auto,90,1.0,1260,7830,6600,840,2700,3600,2000,1240,7820,840,7500,1500,150,750,3100,3600,1710,12000,9500,4100
255630,256254,Edge of Shadow,460,1.0,1260,7830,6600,840,2700,3600,2000,1240,8280,840,7500,1500,150,750,3100,3600,1710,12000,9500,4100
256530,256530,Edge of Shadow (pet),420,1.0,1260,7830,6600,840,2700,3600,2000,1240,8280,1260,7500,1500,150,750,3100,3600,1710,12000,9500,4100
256630,257254,Edge of Shadow,460,1.0,1260,7830,6600,840,2700,3600,2000,1240,8740,1260,7500,1500,150,750,3100,3600,1710,12000,9500,4100
258101,258633,Auto,90,1.0,1260,7920,6600,840,2700,3600,2000,1240,8740,1260,7500,1500,150,750,3100,3600,1710,12000,9500,4100
258730,258730,Bloodspiller (pet),420,1.0,1260,7920,6600,1260,2700,3600,2000,1240,8740,1260,7500,1500,150,750,3100,3600,1710,12000,9500,4100
257505,259155,Disesteem,1000,1.0,1260,7920,6600,1260,2700,3600,3000,1240,8740,1260,7500,1500,150,750,3100,3600,1710,12000,9500,4100
260005,260807,Bloodspiller,600,1.0,1260,7920,7200,1260,2700,3600,3000,1240,8740,1260,7500,1500,150,750,3100,3600,1710,12000,9500,4100
260930,260930,Disesteem (pet),620,1.0,1260,7920,7200,1260,2700,3600,3000,1860,8740,1260,7500,1500,150,750,3100,3600,1710,12000,9500,4100
261061,261593,Auto,90,1.0,1260,8010,7200,1260,2700,3600,3000,1860,8740,1260,7500,1500,150,750,3100,3600,1710,12000,9500,4100
262505,263307,Bloodspiller,600,1.0,1260,8010,7800,1260,2700,3600,3000,1860,8740,1260,7500,1500,150,750,3100,3600,1710,12000,9500,4100
264021,264553,Auto,90,1.0,1260,8100,7800,1260,2700,3600,3000,1860,8740,1260,7500,1500,150,750,3100,3600,1710,12000,9500,4100
265005,265586,Hard Slash,300,1.0,1260,8100,7800,1260,2700,3600,3000,1860,8740,1260,7800,1500,150,750,3100,3600,1710,12000,9500,4100
266981,267513,Auto,90,1.0,1260,8190,7800,1260,2700,3600,3000,1860,8740,1260,7800,1500,150,750,3100,3600,1710,12000,9500,4100
267505,268129,Syphon Strike,380,1.0,1260,8190,7800,1260,2700,3600,3000,1860,8740,1260,7800,1500,150,750,3100,3600,1710,12000,9880,4100
269941,270473,Auto,90,1.0,1260,8280,7800,1260,2700,3600,3000,1860,8740,1260,7800,1500,150,750,3100,3600,1710,12000,9880,4100
270005,270629,Souleater,480,1.0,1260,8280,7800,1260,2700,3600,3000,1860,8740,1260,7800,1500,150,750,3100,3600,1710,12480,9880,4100
272505,273086,Hard Slash,300,1.0,1260,8280,7800,1260,2700,3600,3000,1860,8740,1260,8100,1500,150,750,3100,3600,1710,12480,9880,4100
272901,273433,Auto,90,1.0,1260,8370,7800,1260,2700,3600,3000,1860,8740,1260,8100,1500,150,750,3100,3600,1710,12480,9880,4100
275006,275630,Syphon Strike,380,1.0,1260,8370,7800,1260,2700,3600,3000,1860,8740,1260,8100,1500,150,750,3100,3600,1710,12480,10260,4100
275861,276393,Auto,90,1.0,1260,8460,7800,1260,2700,3600,3000,1860,8740,1260,8100,1500,150,750,3100,3600,1710,12480,10260,4100
276254,277154,Salted Earth,50,1.0,1260,8460,7800,1260,2700,3600,3000,1860,8740,1260,8100,1500,200,750,3100,3600,1710,12480,10260,4100
276254,277500,Salted Earth (dot),50,1.0,1260,8460,7800,1260,2700,3600,3000,1860,8740,1260,8100,1500,200,800,3100,3600,1710,12480,10260,4100
277506,278130,Souleater,480,1.0,1260,8460,7800,1260,2700,3600,3000,1860,8740,1260,8100,1500,200,800,3100,3600,1710,12960,10260,4100
278131,278888,Salt and Darkness,500,1.0,1260,8460,7800,1260,2700,3600,3000,1860,8740,1260,8100,2000,200,800,3100,3600,1710,12960,10260,4100
278821,279353,Auto,90,1.0,1260,8550,7800,1260,2700,3600,3000,1860,8740,1260,8100,2000,200,800,3100,3600,1710,12960,10260,4100
276254,280500,Salted Earth (dot),50,1.0,1260,8550,7800,1260,2700,3600,3000,1860,8740,1260,8100,2000,200,850,3100,3600,1710,12960,10260,4100
280006,280587,Hard Slash,300,1.0,1260,8550,7800,1260,2700,3600,3000,1860,8740,1260,8400,2000,200,850,3100,3600,1710,12960,10260,4100
281781,282313,Auto,90,1.0,1260,8640,7800,1260,2700,3600,3000,1860,8740,1260,8400,2000,200,850,3100,3600,1710,12960,10260,4100
282506,283130,Syphon Strike,380,1.0,1260,8640,7800,1260,2700,3600,3000,1860,8740,1260,8400,2000,200,850,3100,3600,1710,12960,10640,4100
276254,283500,Salted Earth (dot),50,1.0,1260,8640,7800,1260,2700,3600,3000,1860,8740,1260,8400,2000,200,900,3100,3600,1710,12960,10640,4100
284741,285273,Auto,90,1.0,1260,8730,7800,1260,2700,3600,3000,1860,8740,1260,8400,2000,200,900,3100,3600,1710,12960,10640,4100
285006,285630,Souleater,480,1.0,1260,8730,7800,1260,2700,3600,3000,1860,8740,1260,8400,2000,200,900,3100,3600,1710,13440,10640,4100
276254,286500,Salted Earth (dot),50,1.0,1260,8730,7800,1260,2700,3600,3000,1860,8740,1260,8400,2000,200,950,3100,3600,1710,13440,10640,4100
287701,288233,Auto,90,1.0,1260,8820,7800,1260,2700,3600,3000,1860,8740,1260,8400,2000,200,950,3100,3600,1710,13440,10640,4100
287506,288308,Bloodspiller,600,1.0,1260,8820,8400,1260,2700,3600,3000,1860,8740,1260,8400,2000,200,950,3100,3600,1710,13440,10640,4100
288131,288755,Edge of Shadow,460,1.0,1260,8820,8400,1260,2700,3600,3000,1860,9200,1260,8400,2000,200,950,3100,3600,1710,13440,10640,4100
276254,289500,Salted Earth (dot),50,1.0,1260,8820,8400,1260,2700,3600,3000,1860,9200,1260,8400,2000,200,1000,3100,3600,1710,13440,10640,4100
290006,290587,Hard Slash,300,1.0,1260,8820,8400,1260,2700,3600,3000,1860,9200,1260,8700,2000,200,1000,3100,3600,1710,13440,10640,4100
290661,291193,Auto,90,1.0,1260,8910,8400,1260,2700,3600,3000,1860,9200,1260,8700,2000,200,1000,3100,3600,1710,13440,10640,4100
292506,293130,Syphon Strike,380,1.0,1260,8910,8400,1260,2700,3600,3000,1860,9200,1260,8700,2000,200,1000,3100,3600,1710,13440,11020,4100
293621,294153,Auto,90,1.0,1260,9000,8400,1260,2700,3600,3000,1860,9200,1260,8700,2000,200,1000,3100,3600,1710,13440,11020,4100
295006,295630,Souleater,480,1.0,1260,9000,8400,1260,2700,3600,3000,1860,9200,1260,8700,2000,200,1000,3100,3600,1710,13920,11020,4100
296581,297113,Auto,90,1.0,1260,9090,8400,1260,2700,3600,3000,1860,9200,1260,8700,2000,200,1000,3100,3600,1710,13920,11020,4100
297506,298087,Hard Slash,300,1.0,1260,9090,8400,1260,2700,3600,3000,1860,9200,1260,9000,2000,200,1000,3100,3600,1710,13920,11020,4100
299541,300073,Auto,90,1.0,1260,9180,8400,1260,2700,3600,3000,1860,9200,1260,9000,2000,200,1000,3100,3600,1710,13920,11020,4100
300006,300630,Syphon Strike,380,1.0,1260,9180,8400,1260,2700,3600,3000,1860,9200,1260,9000,2000,200,1000,3100,3600,1710,13920,11400,4100
302501,303033,Auto,90,1.0,1260,9270,8400,1260,2700,3600,3000,1860,9200,1260,9000,2000,200,1000,3100,3600,1710,13920,11400,4100
302506,303130,Souleater,480,1.0,1260,9270,8400,1260,2700,3600,3000,1860,9200,1260,9000,2000,200,1000,3100,3600,1710,14400,11400,4100
305006,305808,Bloodspiller,600,1.0,1260,9270,9000,1260,2700,3600,3000,1860,9200,1260,9000,2000,200,1000,3100,3600,1710,14400,11400,4100
305461,305993,Auto,90,1.0,1260,9360,9000,1260,2700,3600,3000,1860,9200,1260,9000,2000,200,1000,3100,3600,1710,14400,11400,4100
307506,308087,Scarlet Delirium,620,1.0,1260,9360,9000,1260,2700,3600,3000,1860,9200,1260,9000,2000,200,1000,3720,3600,1710,14400,11400,4100
308421,308953,Auto,90,1.0,1260,9450,9000,1260,2700,3600,3000,1860,9200,1260,9000,2000,200,1000,3720,3600,1710,14400,11400,4100
310006,310676,Comeuppance,720,1.0,1260,9450,9000,1260,2700,4320,3000,1860,9200,1260,9000,2000,200,1000,3720,3600,1710,14400,11400,4100
311381,311913,Auto,90,1.0,1260,9540,9000,1260,2700,4320,3000,1860,9200,1260,9000,2000,200,1000,3720,3600,1710,14400,11400,4100
310631,312104,Carve and Spit,540,1.0,1260,9540,9000,1260,3240,4320,3000,1860,9200,1260,9000,2000,200,1000,3720,3600,1710,14400,11400,4100
312506,313126,Torcleaver,820,1.0,1260,9540,9000,1260,3240,4320,3000,1860,9200,1260,9000,2000,200,1000,3720,3600,1710,14400,11400,4920
314341,314873,Auto,90,1.0,1260,9630,9000,1260,3240,4320,3000,1860,9200,1260,9000,2000,200,1000,3720,3600,1710,14400,11400,4920
315006,315587,Hard Slash,300,1.0,1260,9630,9000,1260,3240,4320,3000,1860,9200,1260,9300,2000,200,1000,3720,3600,1710,14400,11400,4920
317301,317833,Auto,90,1.0,1260,9720,9000,1260,3240,4320,3000,1860,9200,1260,9300,2000,200,1000,3720,3600,1710,14400,11400,4920
317506,318130,Syphon Strike,380,1.0,1260,9720,9000,1260,3240,4320,3000,1860,9200,1260,9300,2000,200,1000,3720,3600,1710,14400,11780,4920
318131,318755,Edge of Shadow,460,1.0,1260,9720,9000,1260,3240,4320,3000,1860,9660,1260,9300,2000,200,1000,3720,3600,1710,14400,11780,4920
320006,320630,Souleater,480,1.0,1260,9720,9000,1260,3240,4320,3000,1860,9660,1260,9300,2000,200,1000,3720,3600,1710,14880,11780,4920
320261,320793,Auto,90,1.0,1260,9810,9000,1260,3240,4320,3000,1860,9660,1260,9300,2000,200,1000,3720,3600,1710,14880,11780,4920
322506,323308,Bloodspiller,600,1.0,1260,9810,9600,1260,3240,4320,3000,1860,9660,1260,9300,2000,200,1000,3720,3600,1710,14880,11780,4920
323221,323753,Auto,90,1.0,1260,9900,9600,1260,3240,4320,3000,1860,9660,1260,9300,2000,200,1000,3720,3600,1710,14880,11780,4920
325007,325588,Hard Slash,300,1.0,1260,9900,9600,1260,3240,4320,3000,1860,9660,1260,9600,2000,200,1000,3720,3600,1710,14880,11780,4920
326181,326713,Auto,90,1.0,1260,9990,9600,1260,3240,4320,3000,1860,9660,1260,9600,2000,200,1000,3720,3600,1710,14880,11780,4920
327507,328131,Syphon Strike,380,1.0,1260,9990,9600,1260,3240,4320,3000,1860,9660,1260,9600,2000,200,1000,3720,3600,1710,14880,12160,4920
329141,329673,Auto,90,1.0,1260,10080,9600,1260,3240,4320,3000,1860,9660,1260,9600,2000,200,1000,3720,3600,1710,14880,12160,4920
330007,330631,Souleater,480,1.0,1260,10080,9600,1260,3240,4320,3000,1860,9660,1260,9600,2000,200,1000,3720,3600,1710,15360,12160,4920
332101,332633,Auto,90,1.0,1260,10170,9600,1260,3240,4320,3000,1860,9660,1260,9600,2000,200,1000,3720,3600,1710,15360,12160,4920
332507,333088,Hard Slash,300,1.0,1260,10170,9600,1260,3240,4320,3000,1860,9660,1260,9900,2000,200,1000,3720,3600,1710,15360,12160,4920
335061,335593,Auto,90,1.0,1260,10260,9600,1260,3240,4320,3000,1860,9660,1260,9900,2000,200,1000,3720,3600,1710,15360,12160,4920
335007,335631,Syphon Strike,380,1.0,1260,10260,9600,1260,3240,4320,3000,1860,9660,1260,9900,2000,200,1000,3720,3600,1710,15360,12540,4920
337507,338131,Souleater,480,1.0,1260,10260,9600,1260,3240,4320,3000,1860,9660,1260,9900,2000,200,1000,3720,3600,1710,15840,12540,4920
338021,338553,Auto,90,1.0,1260,10350,9600,1260,3240,4320,3000,1860,9660,1260,9900,2000,200,1000,3720,3600,1710,15840,12540,4920
340007,340588,Hard Slash,300,1.0,1260,10350,9600,1260,3240,4320,3000,1860,9660,1260,10200,2000,200,1000,3720,3600,1710,15840,12540,4920
340981,341513,Auto,90,1.0,1260,10440,9600,1260,3240,4320,3000,1860,9660,1260,10200,2000,200,1000,3720,3600,1710,15840,12540,4920
342507,343131,Syphon Strike,380,1.0,1260,10440,9600,1260,3240,4320,3000,1860,9660,1260,10200,2000,200,1000,3720,3600,1710,15840,12920,4920
343941,344473,Auto,90,1.0,1260,10530,9600,1260,3240,4320,3000,1860,9660,1260,10200,2000,200,1000,3720,3600,1710,15840,12920,4920
345007,345631,Souleater,480,1.0,1260,10530,9600,1260,3240,4320,3000,1860,9660,1260,10200,2000,200,1000,3720,3600,1710,16320,12920,4920
346901,347433,Auto,90,1.0,1260,10620,9600,1260,3240,4320,3000,1860,9660,1260,10200,2000,200,1000,3720,3600,1710,16320,12920,4920
347507,348088,Hard Slash,300,1.0,1260,10620,9600,1260,3240,4320,3000,1860,9660,1260,10500,2000,200,1000,3720,3600,1710,16320,12920,4920
349861,350393,Auto,90,1.0,1260,10710,9600,1260,3240,4320,3000,1860,9660,1260,10500,2000,200,1000,3720,3600,1710,16320,12920,4920
350007,350631,Syphon Strike,380,1.0,1260,10710,9600,1260,3240,4320,3000,1860,9660,1260,10500,2000,200,1000,3720,3600,1710,16320,13300,4920
352507,353131,Souleater,480,1.0,1260,10710,9600,1260,3240,4320,3000,1860,9660,1260,10500,2000,200,1000,3720,3600,1710,16800,13300,4920
352821,353353,Auto,90,1.0,1260,10800,9600,1260,3240,4320,3000,1860,9660,1260,10500,2000,200,1000,3720,3600,1710,16800,13300,4920
355007,355588,Hard Slash,300,1.0,1260,10800,9600,1260,3240,4320,3000,1860,9660,1260,10800,2000,200,1000,3720,3600,1710,16800,13300,4920
355781,356313,Auto,90,1.0,1260,10890,9600,1260,3240,4320,3000,1860,9660,1260,10800,2000,200,1000,3720,3600,1710,16800,13300,4920
357507,358131,Syphon Strike,380,1.0,1260,10890,9600,1260,3240,4320,3000,1860,9660,1260,10800,2000,200,1000,3720,3600,1710,16800,13680,4920
358741,359273,Auto,90,1.0,1260,10980,9600,1260,3240,4320,3000,1860,9660,1260,10800,2000,200,1000,3720,3600,1710,16800,13680,4920
360007,360631,Souleater,480,1.0,1260,10980,9600,1260,3240,4320,3000,1860,9660,1260,10800,2000,200,1000,3720,3600,1710,17280,13680,4920
361701,362233,Auto,90,1.0,1260,11070,9600,1260,3240,4320,3000,1860,9660,1260,10800,2000,200,1000,3720,3600,1710,17280,13680,4920
362507,363088,Hard Slash,300,1.0,1260,11070,9600,1260,3240,4320,3000,1860,9660,1260,11100,2000,200,1000,3720,3600,1710,17280,13680,4920
364661,365193,Auto,90,1.0,1260,11160,9600,1260,3240,4320,3000,1860,9660,1260,11100,2000,200,1000,3720,3600,1710,17280,13680,4920
365007,365809,Bloodspiller,600,1.0,1260,11160,10200,1260,3240,4320,3000,1860,9660,1260,11100,2000,200,1000,3720,3600,1710,17280,13680,4920
366257,367157,Salted Earth,50,1.0,1260,11160,10200,1260,3240,4320,3000,1860,9660,1260,11100,2000,250,1000,3720,3600,1710,17280,13680,4920
366257,367500,Salted Earth (dot),50,1.0,1260,11160,10200,1260,3240,4320,3000,1860,9660,1260,11100,2000,250,1050,3720,3600,1710,17280,13680,4920
367507,368088,Scarlet Delirium,620,1.0,1260,11160,10200,1260,3240,4320,3000,1860,9660,1260,11100,2000,250,1050,4340,3600,1710,17280,13680,4920
367621,368153,Auto,90,1.0,1260,11250,10200,1260,3240,4320,3000,1860,9660,1260,11100,2000,250,1050,4340,3600,1710,17280,13680,4920
368132,368756,Edge of Shadow,460,1.0,1260,11250,10200,1260,3240,4320,3000,1860,10120,1260,11100,2000,250,1050,4340,3600,1710,17280,13680,4920
369132,369756,Edge of Shadow,460,1.0,1260,11250,10200,1260,3240,4320,3000,1860,10580,1260,11100,2000,250,1050,4340,3600,1710,17280,13680,4920
369932,369932,Abyssal Drain (pet),420,1.0,1680,11250,10200,1260,3240,4320,3000,1860,10580,1260,11100,2000,250,1050,4340,3600,1710,17280,13680,4920
366257,370500,Salted Earth (dot),50,1.0,1680,11250,10200,1260,3240,4320,3000,1860,10580,1260,11100,2000,250,1100,4340,3600,1710,17280,13680,4920
370007,370677,Comeuppance,720,1.0,1680,11250,10200,1260,3240,5040,3000,1860,10580,1260,11100,2000,250,1100,4340,3600,1710,17280,13680,4920
370581,371113,Auto,90,1.0,1680,11340,10200,1260,3240,5040,3000,1860,10580,1260,11100,2000,250,1100,4340,3600,1710,17280,13680,4920
371257,371923,Shadowbringer,600,1.0,1680,11340,10200,1260,3240,5040,3000,1860,10580,1260,11100,2000,250,1100,4340,4200,1710,17280,13680,4920
370632,372105,Carve and Spit,540,1.0,1680,11340,10200,1260,3780,5040,3000,1860,10580,1260,11100,2000,250,1100,4340,4200,1710,17280,13680,4920
372507,373127,Torcleaver,820,1.0,1680,11340,10200,1260,3780,5040,3000,1860,10580,1260,11100,2000,250,1100,4340,4200,1710,17280,13680,5740
366257,373500,Salted Earth (dot),50,1.0,1680,11340,10200,1260,3780,5040,3000,1860,10580,1260,11100,2000,250,1150,4340,4200,1710,17280,13680,5740
373132,373756,Edge of Shadow,460,1.0,1680,11340,10200,1260,3780,5040,3000,1860,11040,1260,11100,2000,250,1150,4340,4200,1710,17280,13680,5740
373541,374073,Auto,90,1.0,1680,11430,10200,1260,3780,5040,3000,1860,11040,1260,11100,2000,250,1150,4340,4200,1710,17280,13680,5740
374332,374332,Shadowbringer (pet),570,1.0,1680,11430,10200,1260,3780,5040,3000,1860,11040,1260,11100,2000,250,1150,4340,4200,2280,17280,13680,5740
373757,374514,Salt and Darkness,500,1.0,1680,11430,10200,1260,3780,5040,3000,1860,11040,1260,11100,2500,250,1150,4340,4200,2280,17280,13680,5740
375633,376257,Edge of Shadow,460,1.0,1680,11430,10200,1260,3780,5040,3000,1860,11500,1260,11100,2500,250,1150,4340,4200,2280,17280,13680,5740
366257,376500,Salted Earth (dot),50,1.0,1680,11430,10200,1260,3780,5040,3000,1860,11500,1260,11100,2500,250,1200,4340,4200,2280,17280,13680,5740
376532,376532,Edge of Shadow (pet),420,1.0,1680,11430,10200,1260,3780,5040,3000,1860,11500,1680,11100,2500,250,1200,4340,4200,2280,17280,13680,5740
375008,376658,Disesteem,1000,1.0,1680,11430,10200,1260,3780,5040,4000,1860,11500,1680,11100,2500,250,1200,4340,4200,2280,17280,13680,5740
376258,376924,Shadowbringer,600,1.0,1680,11430,10200,1260,3780,5040,4000,1860,11500,1680,11100,2500,250,1200,4340,4800,2280,17280,13680,5740
376501,377033,Auto,90,1.0,1680,11520,10200,1260,3780,5040,4000,1860,11500,1680,11100,2500,250,1200,4340,4800,2280,17280,13680,5740
377508,378310,Bloodspiller,600,1.0,1680,11520,10800,1260,3780,5040,4000,1860,11500,1680,11100,2500,250,1200,4340,4800,2280,17280,13680,5740
378732,378732,Bloodspiller (pet),420,1.0,1680,11520,10800,1680,3780,5040,4000,1860,11500,1680,11100,2500,250,1200,4340,4800,2280,17280,13680,5740
378133,378757,Edge of Shadow,460,1.0,1680,11520,10800,1680,3780,5040,4000,1860,11960,1680,11100,2500,250,1200,4340,4800,2280,17280,13680,5740
366257,379500,Salted Earth (dot),50,1.0,1680,11520,10800,1680,3780,5040,4000,1860,11960,1680,11100,2500,250,1250,4340,4800,2280,17280,13680,5740
379461,379993,Auto,90,1.0,1680,11610,10800,1680,3780,5040,4000,1860,11960,1680,11100,2500,250,1250,4340,4800,2280,17280,13680,5740
380008,380632,Syphon Strike,380,1.0,1680,11610,10800,1680,3780,5040,4000,1860,11960,1680,11100,2500,250,1250,4340,4800,2280,17280,14060,5740
380932,380932,Disesteem (pet),620,1.0,1680,11610,10800,1680,3780,5040,4000,2480,11960,1680,11100,2500,250,1250,4340,4800,2280,17280,14060,5740
382421,382953,Auto,90,1.0,1680,11700,10800,1680,3780,5040,4000,2480,11960,1680,11100,2500,250,1250,4340,4800,2280,17280,14060,5740
382508,383132,Souleater,480,1.0,1680,11700,10800,1680,3780,5040,4000,2480,11960,1680,11100,2500,250,1250,4340,4800,2280,17760,14060,5740
385008,385810,Bloodspiller,600,1.0,1680,11700,11400,1680,3780,5040,4000,2480,11960,1680,11100,2500,250,1250,4340,4800,2280,17760,14060,5740
385381,385913,Auto,90,1.0,1680,11790,11400,1680,3780,5040,4000,2480,11960,1680,11100,2500,250,1250,4340,4800,2280,17760,14060,5740
387508,388089,Hard Slash,300,1.0,1680,11790,11400,1680,3780,5040,4000,2480,11960,1680,11400,2500,250,1250,4340,4800,2280,17760,14060,5740
388341,388873,Auto,90,1.0,1680,11880,11400,1680,3780,5040,4000,2480,11960,1680,11400,2500,250,1250,4340,4800,2280,17760,14060,5740
390008,390632,Syphon Strike,380,1.0,1680,11880,11400,1680,3780,5040,4000,2480,11960,1680,11400,2500,250,1250,4340,4800,2280,17760,14440,5740
391301,391833,Auto,90,1.0,1680,11970,11400,1680,3780,5040,4000,2480,11960,1680,11400,2500,250,1250,4340,4800,2280,17760,14440,5740
392508,393132,Souleater,480,1.0,1680,11970,11400,1680,3780,5040,4000,2480,11960,1680,11400,2500,250,1250,4340,4800,2280,18240,14440,5740
394261,394793,Auto,90,1.0,1680,12060,11400,1680,3780,5040,4000,2480,11960,1680,11400,2500,250,1250,4340,4800,2280,18240,14440,5740
395008,395589,Hard Slash,300,1.0,1680,12060,11400,1680,3780,5040,4000,2480,11960,1680,11700,2500,250,1250,4340,4800,2280,18240,14440,5740
397221,397753,Auto,90,1.0,1680,12150,11400,1680,3780,5040,4000,2480,11960,1680,11700,2500,250,1250,4340,4800,2280,18240,14440,5740
397508,398132,Syphon Strike,380,1.0,1680,12150,11400,1680,3780,5040,4000,2480,11960,1680,11700,2500,250,1250,4340,4800,2280,18240,14820,5740
400008,400632,Souleater,480,1.0,1680,12150,11400,1680,3780,5040,4000,2480,11960,1680,11700,2500,250,1250,4340,4800,2280,18720,14820,5740
400181,400713,Auto,90,1.0,1680,12240,11400,1680,3780,5040,4000,2480,11960,1680,11700,2500,250,1250,4340,4800,2280,18720,14820,5740
402508,403089,Hard Slash,300,1.0,1680,12240,11400,1680,3780,5040,4000,2480,11960,1680,12000,2500,250,1250,4340,4800,2280,18720,14820,5740
403141,403673,Auto,90,1.0,1680,12330,11400,1680,3780,5040,4000,2480,11960,1680,12000,2500,250,1250,4340,4800,2280,18720,14820,5740
405008,405632,Syphon Strike,380,1.0,1680,12330,11400,1680,3780,5040,4000,2480,11960,1680,12000,2500,250,1250,4340,4800,2280,18720,15200,5740
406101,406633,Auto,90,1.0,1680,12420,11400,1680,3780,5040,4000,2480,11960,1680,12000,2500,250,1250,4340,4800,2280,18720,15200,5740
407508,408132,Souleater,480,1.0,1680,12420,11400,1680,3780,5040,4000,2480,11960,1680,12000,2500,250,1250,4340,4800,2280,19200,15200,5740
408133,408757,Edge of Shadow,460,1.0,1680,12420,11400,1680,3780,5040,4000,2480,12420,1680,12000,2500,250,1250,4340,4800,2280,19200,15200,5740
409061,409593,Auto,90,1.0,1680,12510,11400,1680,3780,5040,4000,2480,12420,1680,12000,2500,250,1250,4340,4800,2280,19200,15200,5740
410008,410810,Bloodspiller,600,1.0,1680,12510,12000,1680,3780,5040,4000,2480,12420,1680,12000,2500,250,1250,4340,4800,2280,19200,15200,5740
412021,412553,Auto,90,1.0,1680,12600,12000,1680,3780,5040,4000,2480,12420,1680,12000,2500,250,1250,4340,4800,2280,19200,15200,5740
412508,413089,Hard Slash,300,1.0,1680,12600,12000,1680,3780,5040,4000,2480,12420,1680,12300,2500,250,1250,4340,4800,2280,19200,15200,5740
414981,415513,Auto,90,1.0,1680,12690,12000,1680,3780,5040,4000,2480,12420,1680,12300,2500,250,1250,4340,4800,2280,19200,15200,5740
415008,415632,Syphon Strike,380,1.0,1680,12690,12000,1680,3780,5040,4000,2480,12420,1680,12300,2500,250,1250,4340,4800,2280,19200,15580,5740
417508,418132,Souleater,480,1.0,1680,12690,12000,1680,3780,5040,4000,2480,12420,1680,12300,2500,250,1250,4340,4800,2280,19680,15580,5740
417941,418473,Auto,90,1.0,1680,12780,12000,1680,3780,5040,4000,2480,12420,1680,12300,2500,250,1250,4340,4800,2280,19680,15580,5740
420008,420589,Hard Slash,300,1.0,1680,12780,12000,1680,3780,5040,4000,2480,12420,1680,12600,2500,250,1250,4340,4800,2280,19680,15580,5740
420901,421433,Auto,90,1.0,1680,12870,12000,1680,3780,5040,4000,2480,12420,1680,12600,2500,250,1250,4340,4800,2280,19680,15580,5740
422508,423132,Syphon Strike,380,1.0,1680,12870,12000,1680,3780,5040,4000,2480,12420,1680,12600,2500,250,1250,4340,4800,2280,19680,15960,5740
423861,424393,Auto,90,1.0,1680,12960,12000,1680,3780,5040,4000,2480,12420,1680,12600,2500,250,1250,4340,4800,2280,19680,15960,5740
425009,425633,Souleater,480,1.0,1680,12960,12000,1680,3780,5040,4000,2480,12420,1680,12600,2500,250,1250,4340,4800,2280,20160,15960,5740
426821,427353,Auto,90,1.0,1680,13050,12000,1680,3780,5040,4000,2480,12420,1680,12600,2500,250,1250,4340,4800,2280,20160,15960,5740
427509,428090,Scarlet Delirium,620,1.0,1680,13050,12000,1680,3780,5040,4000,2480,12420,1680,12600,2500,250,1250,4960,4800,2280,20160,15960,5740
429781,430313,Auto,90,1.0,1680,13140,12000,1680,3780,5040,4000,2480,12420,1680,12600,2500,250,1250,4960,4800,2280,20160,15960,5740
430009,430679,Comeuppance,720,1.0,1680,13140,12000,1680,3780,5760,4000,2480,12420,1680,12600,2500,250,1250,4960,4800,2280,20160,15960,5740
430634,432107,Carve and Spit,540,1.0,1680,13140,12000,1680,4320,5760,4000,2480,12420,1680,12600,2500,250,1250,4960,4800,2280,20160,15960,5740
432509,433129,Torcleaver,820,1.0,1680,13140,12000,1680,4320,5760,4000,2480,12420,1680,12600,2500,250,1250,4960,4800,2280,20160,15960,6560
432741,433273,Auto,90,1.0,1680,13230,12000,1680,4320,5760,4000,2480,12420,1680,12600,2500,250,1250,4960,4800,2280,20160,15960,6560
435009,435811,Bloodspiller,600,1.0,1680,13230,12600,1680,4320,5760,4000,2480,12420,1680,12600,2500,250,1250,4960,4800,2280,20160,15960,6560
435701,436233,Auto,90,1.0,1680,13320,12600,1680,4320,5760,4000,2480,12420,1680,12600,2500,250,1250,4960,4800,2280,20160,15960,6560
437509,438090,Hard Slash,300,1.0,1680,13320,12600,1680,4320,5760,4000,2480,12420,1680,12900,2500,250,1250,4960,4800,2280,20160,15960,6560
438134,438758,Edge of Shadow,460,1.0,1680,13320,12600,1680,4320,5760,4000,2480,12880,1680,12900,2500,250,1250,4960,4800,2280,20160,15960,6560
438661,439193,Auto,90,1.0,1680,13410,12600,1680,4320,5760,4000,2480,12880,1680,12900,2500,250,1250,4960,4800,2280,20160,15960,6560
440009,440633,Syphon Strike,380,1.0,1680,13410,12600,1680,4320,5760,4000,2480,12880,1680,12900,2500,250,1250,4960,4800,2280,20160,16340,6560
441621,442153,Auto,90,1.0,1680,13500,12600,1680,4320,5760,4000,2480,12880,1680,12900,2500,250,1250,4960,4800,2280,20160,16340,6560
442509,443133,Souleater,480,1.0,1680,13500,12600,1680,4320,5760,4000,2480,12880,1680,12900,2500,250,1250,4960,4800,2280,20640,16340,6560
444581,445113,Auto,90,1.0,1680,13590,12600,1680,4320,5760,4000,2480,12880,1680,12900,2500,250,1250,4960,4800,2280,20640,16340,6560
445009,445811,Bloodspiller,600,1.0,1680,13590,13200,1680,4320,5760,4000,2480,12880,1680,12900,2500,250,1250,4960,4800,2280,20640,16340,6560
447541,448073,Auto,90,1.0,1680,13680,13200,1680,4320,5760,4000,2480,12880,1680,12900,2500,250,1250,4960,4800,2280,20640,16340,6560
447509,448090,Hard Slash,300,1.0,1680,13680,13200,1680,4320,5760,4000,2480,12880,1680,13200,2500,250,1250,4960,4800,2280,20640,16340,6560
450009,450633,Syphon Strike,380,1.0,1680,13680,13200,1680,4320,5760,4000,2480,12880,1680,13200,2500,250,1250,4960,4800,2280,20640,16720,6560
450501,451033,Auto,90,1.0,1680,13770,13200,1680,4320,5760,4000,2480,12880,1680,13200,2500,250,1250,4960,4800,2280,20640,16720,6560
452509,453133,Souleater,480,1.0,1680,13770,13200,1680,4320,5760,4000,2480,12880,1680,13200,2500,250,1250,4960,4800,2280,21120,16720,6560
453461,453993,Auto,90,1.0,1680,13860,13200,1680,4320,5760,4000,2480,12880,1680,13200,2500,250,1250,4960,4800,2280,21120,16720,6560
455009,455590,Hard Slash,300,1.0,1680,13860,13200,1680,4320,5760,4000,2480,12880,1680,13500,2500,250,1250,4960,4800,2280,21120,16720,6560
456421,456953,Auto,90,1.0,1680,13950,13200,1680,4320,5760,4000,2480,12880,1680,13500,2500,250,1250,4960,4800,2280,21120,16720,6560
456257,457157,Salted Earth,50,1.0,1680,13950,13200,1680,4320,5760,4000,2480,12880,1680,13500,2500,300,1250,4960,4800,2280,21120,16720,6560
456257,457500,Salted Earth (dot),50,1.0,1680,13950,13200,1680,4320,5760,4000,2480,12880,1680,13500,2500,300,1300,4960,4800,2280,21120,16720,6560
457509,458133,Syphon Strike,380,1.0,1680,13950,13200,1680,4320,5760,4000,2480,12880,1680,13500,2500,300,1300,4960,4800,2280,21120,17100,6560
458134,458891,Salt and Darkness,500,1.0,1680,13950,13200,1680,4320,5760,4000,2480,12880,1680,13500,3000,300,1300,4960,4800,2280,21120,17100,6560
459381,459913,Auto,90,1.0,1680,14040,13200,1680,4320,5760,4000,2480,12880,1680,13500,3000,300,1300,4960,4800,2280,21120,17100,6560
456257,460500,Salted Earth (dot),50,1.0,1680,14040,13200,1680,4320,5760,4000,2480,12880,1680,13500,3000,300,1350,4960,4800,2280,21120,17100,6560
460009,460633,Souleater,480,1.0,1680,14040,13200,1680,4320,5760,4000,2480,12880,1680,13500,3000,300,1350,4960,4800,2280,21600,17100,6560
462341,462873,Auto,90,1.0,1680,14130,13200,1680,4320,5760,4000,2480,12880,1680,13500,3000,300,1350,4960,4800,2280,21600,17100,6560
462509,463090,Hard Slash,300,1.0,1680,14130,13200,1680,4320,5760,4000,2480,12880,1680,13800,3000,300,1350,4960,4800,2280,21600,17100,6560
456257,463500,Salted Earth (dot),50,1.0,1680,14130,13200,1680,4320,5760,4000,2480,12880,1680,13800,3000,300,1400,4960,4800,2280,21600,17100,6560
465009,465633,Syphon Strike,380,1.0,1680,14130,13200,1680,4320,5760,4000,2480,12880,1680,13800,3000,300,1400,4960,4800,2280,21600,17480,6560
465301,465833,Auto,90,1.0,1680,14220,13200,1680,4320,5760,4000,2480,12880,1680,13800,3000,300,1400,4960,4800,2280,21600,17480,6560
456257,466500,Salted Earth (dot),50,1.0,1680,14220,13200,1680,4320,5760,4000,2480,12880,1680,13800,3000,300,1450,4960,4800,2280,21600,17480,6560
467509,468133,Souleater,480,1.0,1680,14220,13200,1680,4320,5760,4000,2480,12880,1680,13800,3000,300,1450,4960,4800,2280,22080,17480,6560
468261,468793,Auto,90,1.0,1680,14310,13200,1680,4320,5760,4000,2480,12880,1680,13800,3000,300,1450,4960,4800,2280,22080,17480,6560
456257,469500,Salted Earth (dot),50,1.0,1680,14310,13200,1680,4320,5760,4000,2480,12880,1680,13800,3000,300,1500,4960,4800,2280,22080,17480,6560
470009,470590,Hard Slash,300,1.0,1680,14310,13200,1680,4320,5760,4000,2480,12880,1680,14100,3000,300,1500,4960,4800,2280,22080,17480,6560
471221,471753,Auto,90,1.0,1680,14400,13200,1680,4320,5760,4000,2480,12880,1680,14100,3000,300,1500,4960,4800,2280,22080,17480,6560
472509,473133,Syphon Strike,380,1.0,1680,14400,13200,1680,4320,5760,4000,2480,12880,1680,14100,3000,300,1500,4960,4800,2280,22080,17860,6560
474181,474713,Auto,90,1.0,1680,14490,13200,1680,4320,5760,4000,2480,12880,1680,14100,3000,300,1500,4960,4800,2280,22080,17860,6560
475010,475634,Souleater,480,1.0,1680,14490,13200,1680,4320,5760,4000,2480,12880,1680,14100,3000,300,1500,4960,4800,2280,22560,17860,6560
477141,477673,Auto,90,1.0,1680,14580,13200,1680,4320,5760,4000,2480,12880,1680,14100,3000,300,1500,4960,4800,2280,22560,17860,6560
477510,478091,Hard Slash,300,1.0,1680,14580,13200,1680,4320,5760,4000,2480,12880,1680,14400,3000,300,1500,4960,4800,2280,22560,17860,6560
480101,480633,Auto,90,1.0,1680,14670,13200,1680,4320,5760,4000,2480,12880,1680,14400,3000,300,1500,4960,4800,2280,22560,17860,6560
480010,480634,Syphon Strike,380,1.0,1680,14670,13200,1680,4320,5760,4000,2480,12880,1680,14400,3000,300,1500,4960,4800,2280,22560,18240,6560
482510,483134,Souleater,480,1.0,1680,14670,13200,1680,4320,5760,4000,2480,12880,1680,14400,3000,300,1500,4960,4800,2280,23040,18240,6560
483061,483593,Auto,90,1.0,1680,14760,13200,1680,4320,5760,4000,2480,12880,1680,14400,3000,300,1500,4960,4800,2280,23040,18240,6560
485010,485812,Bloodspiller,600,1.0,1680,14760,13800,1680,4320,5760,4000,2480,12880,1680,14400,3000,300,1500,4960,4800,2280,23040,18240,6560
486021,486553,Auto,90,1.0,1680,14850,13800,1680,4320,5760,4000,2480,12880,1680,14400,3000,300,1500,4960,4800,2280,23040,18240,6560
487510,488091,Hard Slash,300,1.0,1680,14850,13800,1680,4320,5760,4000,2480,12880,1680,14700,3000,300,1500,4960,4800,2280,23040,18240,6560
488135,488759,Edge of Shadow,460,1.0,1680,14850,13800,1680,4320,5760,4000,2480,13340,1680,14700,3000,300,1500,4960,4800,2280,23040,18240,6560
488981,489513,Auto,90,1.0,1680,14940,13800,1680,4320,5760,4000,2480,13340,1680,14700,3000,300,1500,4960,4800,2280,23040,18240,6560
489135,489759,Edge of Shadow,460,1.0,1680,14940,13800,1680,4320,5760,4000,2480,13800,1680,14700,3000,300,1500,4960,4800,2280,23040,18240,6560
489935,489935,Abyssal Drain (pet),420,1.0,2100,14940,13800,1680,4320,5760,4000,2480,13800,1680,14700,3000,300,1500,4960,4800,2280,23040,18240,6560
490010,490591,Scarlet Delirium,620,1.0,2100,14940,13800,1680,4320,5760,4000,2480,13800,1680,14700,3000,300,1500,5580,4800,2280,23040,18240,6560
491260,491926,Shadowbringer,600,1.0,2100,14940,13800,1680,4320,5760,4000,2480,13800,1680,14700,3000,300,1500,5580,5400,2280,23040,18240,6560
490635,492108,Carve and Spit,540,1.0,2100,14940,13800,1680,4860,5760,4000,2480,13800,1680,14700,3000,300,1500,5580,5400,2280,23040,18240,6560
491941,492473,Auto,90,1.0,2100,15030,13800,1680,4860,5760,4000,2480,13800,1680,14700,3000,300,1500,5580,5400,2280,23040,18240,6560
492510,493180,Comeuppance,720,1.0,2100,15030,13800,1680,4860,6480,4000,2480,13800,1680,14700,3000,300,1500,5580,5400,2280,23040,18240,6560
493135,493759,Edge of Shadow,460,1.0,2100,15030,13800,1680,4860,6480,4000,2480,14260,1680,14700,3000,300,1500,5580,5400,2280,23040,18240,6560
494335,494335,Shadowbringer (pet),570,1.0,2100,15030,13800,1680,4860,6480,4000,2480,14260,1680,14700,3000,300,1500,5580,5400,2850,23040,18240,6560
493760,494426,Shadowbringer,600,1.0,2100,15030,13800,1680,4860,6480,4000,2480,14260,1680,14700,3000,300,1500,5580,6000,2850,23040,18240,6560
494901,495433,Auto,90,1.0,2100,15120,13800,1680,4860,6480,4000,2480,14260,1680,14700,3000,300,1500,5580,6000,2850,23040,18240,6560
495010,495630,Torcleaver,820,1.0,2100,15120,13800,1680,4860,6480,4000,2480,14260,1680,14700,3000,300,1500,5580,6000,2850,23040,18240,7380
495635,496259,Edge of Shadow,460,1.0,2100,15120,13800,1680,4860,6480,4000,2480,14720,1680,14700,3000,300,1500,5580,6000,2850,23040,18240,7380
496535,496535,Edge of Shadow (pet),420,1.0,2100,15120,13800,1680,4860,6480,4000,2480,14720,2100,14700,3000,300,1500,5580,6000,2850,23040,18240,7380
496635,497259,Edge of Shadow,460,1.0,2100,15120,13800,1680,4860,6480,4000,2480,15180,2100,14700,3000,300,1500,5580,6000,2850,23040,18240,7380
497861,498393,Auto,90,1.0,2100,15210,13800,1680,4860,6480,4000,2480,15180,2100,14700,3000,300,1500,5580,6000,2850,23040,18240,7380
498735,498735,Bloodspiller (pet),420,1.0,2100,15210,13800,2100,4860,6480,4000,2480,15180,2100,14700,3000,300,1500,5580,6000,2850,23040,18240,7380
497510,499160,Disesteem,1000,1.0,2100,15210,13800,2100,4860,6480,5000,2480,15180,2100,14700,3000,300,1500,5580,6000,2850,23040,18240,7380
500010,500812,Bloodspiller,600,1.0,2100,15210,14400,2100,4860,6480,5000,2480,15180,2100,14700,3000,300,1500,5580,6000,2850,23040,18240,7380
500935,500935,Disesteem (pet),620,1.0,2100,15210,14400,2100,4860,6480,5000,3100,15180,2100,14700,3000,300,1500,5580,6000,2850,23040,18240,7380
500821,501353,Auto,90,1.0,2100,15300,14400,2100,4860,6480,5000,3100,15180,2100,14700,3000,300,1500,5580,6000,2850,23040,18240,7380
502510,503134,Syphon Strike,380,1.0,2100,15300,14400,2100,4860,6480,5000,3100,15180,2100,14700,3000,300,1500,5580,6000,2850,23040,18620,7380
503781,504313,Auto,90,1.0,2100,15390,14400,2100,4860,6480,5000,3100,15180,2100,14700,3000,300,1500,5580,6000,2850,23040,18620,7380
505010,505634,Souleater,480,1.0,2100,15390,14400,2100,4860,6480,5000,3100,15180,2100,14700,3000,300,1500,5580,6000,2850,23520,18620,7380
506741,507273,Auto,90,1.0,2100,15480,14400,2100,4860,6480,5000,3100,15180,2100,14700,3000,300,1500,5580,6000,2850,23520,18620,7380
507510,508312,Bloodspiller,600,1.0,2100,15480,15000,2100,4860,6480,5000,3100,15180,2100,14700,3000,300,1500,5580,6000,2850,23520,18620,7380
509701,510233,Auto,90,1.0,2100,15570,15000,2100,4860,6480,5000,3100,15180,2100,14700,3000,300,1500,5580,6000,2850,23520,18620,7380
510010,510591,Hard Slash,300,1.0,2100,15570,15000,2100,4860,6480,5000,3100,15180,2100,15000,3000,300,1500,5580,6000,2850,23520,18620,7380
512510,513134,Syphon Strike,380,1.0,2100,15570,15000,2100,4860,6480,5000,3100,15180,2100,15000,3000,300,1500,5580,6000,2850,23520,19000,7380
512661,513193,Auto,90,1.0,2100,15660,15000,2100,4860,6480,5000,3100,15180,2100,15000,3000,300,1500,5580,6000,2850,23520,19000,7380
515010,515634,Souleater,480,1.0,2100,15660,15000,2100,4860,6480,5000,3100,15180,2100,15000,3000,300,1500,5580,6000,2850,24000,19000,7380
515621,516153,Auto,90,1.0,2100,15750,15000,2100,4860,6480,5000,3100,15180,2100,15000,3000,300,1500,5580,6000,2850,24000,19000,7380
517510,518091,Hard Slash,300,1.0,2100,15750,15000,2100,4860,6480,5000,3100,15180,2100,15300,3000,300,1500,5580,6000,2850,24000,19000,7380
518581,519113,Auto,90,1.0,2100,15840,15000,2100,4860,6480,5000,3100,15180,2100,15300,3000,300,1500,5580,6000,2850,24000,19000,7380
520010,520634,Syphon Strike,380,1.0,2100,15840,15000,2100,4860,6480,5000,3100,15180,2100,15300,3000,300,1500,5580,6000,2850,24000,19380,7380
521541,522073,Auto,90,1.0,2100,15930,15000,2100,4860,6480,5000,3100,15180,2100,15300,3000,300,1500,5580,6000,2850,24000,19380,7380
522510,523134,Souleater,480,1.0,2100,15930,15000,2100,4860,6480,5000,3100,15180,2100,15300,3000,300,1500,5580,6000,2850,24480,19380,7380
524501,525033,Auto,90,1.0,2100,16020,15000,2100,4860,6480,5000,3100,15180,2100,15300,3000,300,1500,5580,6000,2850,24480,19380,7380
525011,525592,Hard Slash,300,1.0,2100,16020,15000,2100,4860,6480,5000,3100,15180,2100,15600,3000,300,1500,5580,6000,2850,24480,19380,7380
527461,527993,Auto,90,1.0,2100,16110,15000,2100,4860,6480,5000,3100,15180,2100,15600,3000,300,1500,5580,6000,2850,24480,19380,7380
527511,528135,Syphon Strike,380,1.0,2100,16110,15000,2100,4860,6480,5000,3100,15180,2100,15600,3000,300,1500,5580,6000,2850,24480,19760,7380
528136,528760,Edge of Shadow,460,1.0,2100,16110,15000,2100,4860,6480,5000,3100,15640,2100,15600,3000,300,1500,5580,6000,2850,24480,19760,7380
530011,530635,Souleater,480,1.0,2100,16110,15000,2100,4860,6480,5000,3100,15640,2100,15600,3000,300,1500,5580,6000,2850,24960,19760,7380
530421,530953,Auto,90,1.0,2100,16200,15000,2100,4860,6480,5000,3100,15640,2100,15600,3000,300,1500,5580,6000,2850,24960,19760,7380
532511,533313,Bloodspiller,600,1.0,2100,16200,15600,2100,4860,6480,5000,3100,15640,2100,15600,3000,300,1500,5580,6000,2850,24960,19760,7380
533381,533913,Auto,90,1.0,2100,16290,15600,2100,4860,6480,5000,3100,15640,2100,15600,3000,300,1500,5580,6000,2850,24960,19760,7380
535011,535592,Hard Slash,300,1.0,2100,16290,15600,2100,4860,6480,5000,3100,15640,2100,15900,3000,300,1500,5580,6000,2850,24960,19760,7380
536341,536873,Auto,90,1.0,2100,16380,15600,2100,4860,6480,5000,3100,15640,2100,15900,3000,300,1500,5580,6000,2850,24960,19760,7380
537511,538135,Syphon Strike,380,1.0,2100,16380,15600,2100,4860,6480,5000,3100,15640,2100,15900,3000,300,1500,5580,6000,2850,24960,20140,7380
539301,539833,Auto,90,1.0,2100,16470,15600,2100,4860,6480,5000,3100,15640,2100,15900,3000,300,1500,5580,6000,2850,24960,20140,7380
540011,540635,Souleater,480,1.0,2100,16470,15600,2100,4860,6480,5000,3100,15640,2100,15900,3000,300,1500,5580,6000,2850,25440,20140,7380
542261,542793,Auto,90,1.0,2100,16560,15600,2100,4860,6480,5000,3100,15640,2100,15900,3000,300,1500,5580,6000,2850,25440,20140,7380
542511,543092,Hard Slash,300,1.0,2100,16560,15600,2100,4860,6480,5000,3100,15640,2100,16200,3000,300,1500,5580,6000,2850,25440,20140,7380
545011,545635,Syphon Strike,380,1.0,2100,16560,15600,2100,4860,6480,5000,3100,15640,2100,16200,3000,300,1500,5580,6000,2850,25440,20520,7380
545221,545753,Auto,90,1.0,2100,16650,15600,2100,4860,6480,5000,3100,15640,2100,16200,3000,300,1500,5580,6000,2850,25440,20520,7380
546261,547161,Salted Earth,50,1.0,2100,16650,15600,2100,4860,6480,5000,3100,15640,2100,16200,3000,350,1500,5580,6000,2850,25440,20520,7380
546261,547500,Salted Earth (dot),50,1.0,2100,16650,15600,2100,4860,6480,5000,3100,15640,2100,16200,3000,350,1550,5580,6000,2850,25440,20520,7380
547511,548092,Scarlet Delirium,620,1.0,2100,16650,15600,2100,4860,6480,5000,3100,15640,2100,16200,3000,350,1550,6200,6000,2850,25440,20520,7380
548181,548713,Auto,90,1.0,2100,16740,15600,2100,4860,6480,5000,3100,15640,2100,16200,3000,350,1550,6200,6000,2850,25440,20520,7380
548136,548893,Salt and Darkness,500,1.0,2100,16740,15600,2100,4860,6480,5000,3100,15640,2100,16200,3500,350,1550,6200,6000,2850,25440,20520,7380
546261,550500,Salted Earth (dot),50,1.0,2100,16740,15600,2100,4860,6480,5000,3100,15640,2100,16200,3500,350,1600,6200,6000,2850,25440,20520,7380
550011,550681,Comeuppance,720,1.0,2100,16740,15600,2100,4860,7200,5000,3100,15640,2100,16200,3500,350,1600,6200,6000,2850,25440,20520,7380
551141,551673,Auto,90,1.0,2100,16830,15600,2100,4860,7200,5000,3100,15640,2100,16200,3500,350,1600,6200,6000,2850,25440,20520,7380
550636,552109,Carve and Spit,540,1.0,2100,16830,15600,2100,5400,7200,5000,3100,15640,2100,16200,3500,350,1600,6200,6000,2850,25440,20520,7380
552511,553131,Torcleaver,820,1.0,2100,16830,15600,2100,5400,7200,5000,3100,15640,2100,16200,3500,350,1600,6200,6000,2850,25440,20520,8200
546261,553500,Salted Earth (dot),50,1.0,2100,16830,15600,2100,5400,7200,5000,3100,15640,2100,16200,3500,350,1650,6200,6000,2850,25440,20520,8200
554101,554633,Auto,90,1.0,2100,16920,15600,2100,5400,7200,5000,3100,15640,2100,16200,3500,350,1650,6200,6000,2850,25440,20520,8200
555011,555813,Bloodspiller,600,1.0,2100,16920,16200,2100,5400,7200,5000,3100,15640,2100,16200,3500,350,1650,6200,6000,2850,25440,20520,8200
546261,556500,Salted Earth (dot),50,1.0,2100,16920,16200,2100,5400,7200,5000,3100,15640,2100,16200,3500,350,1700,6200,6000,2850,25440,20520,8200
557061,557593,Auto,90,1.0,2100,17010,16200,2100,5400,7200,5000,3100,15640,2100,16200,3500,350,1700,6200,6000,2850,25440,20520,8200
557511,558135,Souleater,480,1.0,2100,17010,16200,2100,5400,7200,5000,3100,15640,2100,16200,3500,350,1700,6200,6000,2850,25920,20520,8200
558136,558760,Edge of Shadow,460,1.0,2100,17010,16200,2100,5400,7200,5000,3100,16100,2100,16200,3500,350,1700,6200,6000,2850,25920,20520,8200
546261,559500,Salted Earth (dot),50,1.0,2100,17010,16200,2100,5400,7200,5000,3100,16100,2100,16200,3500,350,1750,6200,6000,2850,25920,20520,8200
560021,560553,Auto,90,1.0,2100,17100,16200,2100,5400,7200,5000,3100,16100,2100,16200,3500,350,1750,6200,6000,2850,25920,20520,8200
560011,560592,Hard Slash,300,1.0,2100,17100,16200,2100,5400,7200,5000,3100,16100,2100,16500,3500,350,1750,6200,6000,2850,25920,20520,8200
562511,563135,Syphon Strike,380,1.0,2100,17100,16200,2100,5400,7200,5000,3100,16100,2100,16500,3500,350,1750,6200,6000,2850,25920,20900,8200
562981,563513,Auto,90,1.0,2100,17190,16200,2100,5400,7200,5000,3100,16100,2100,16500,3500,350,1750,6200,6000,2850,25920,20900,8200
565011,565635,Souleater,480,1.0,2100,17190,16200,2100,5400,7200,5000,3100,16100,2100,16500,3500,350,1750,6200,6000,2850,26400,20900,8200
565941,566473,Auto,90,1.0,2100,17280,16200,2100,5400,7200,5000,3100,16100,2100,16500,3500,350,1750,6200,6000,2850,26400,20900,8200
567511,568313,Bloodspiller,600,1.0,2100,17280,16800,2100,5400,7200,5000,3100,16100,2100,16500,3500,350,1750,6200,6000,2850,26400,20900,8200
568901,569433,Auto,90,1.0,2100,17370,16800,2100,5400,7200,5000,3100,16100,2100,16500,3500,350,1750,6200,6000,2850,26400,20900,8200
570011,570592,Hard Slash,300,1.0,2100,17370,16800,2100,5400,7200,5000,3100,16100,2100,16800,3500,350,1750,6200,6000,2850,26400,20900,8200
571861,572393,Auto,90,1.0,2100,17460,16800,2100,5400,7200,5000,3100,16100,2100,16800,3500,350,1750,6200,6000,2850,26400,20900,8200
572511,573135,Syphon Strike,380,1.0,2100,17460,16800,2100,5400,7200,5000,3100,16100,2100,16800,3500,350,1750,6200,6000,2850,26400,21280,8200
574821,575353,Auto,90,1.0,2100,17550,16800,2100,5400,7200,5000,3100,16100,2100,16800,3500,350,1750,6200,6000,2850,26400,21280,8200
575012,575636,Souleater,480,1.0,2100,17550,16800,2100,5400,7200,5000,3100,16100,2100,16800,3500,350,1750,6200,6000,2850,26880,21280,8200
577512,578093,Hard Slash,300,1.0,2100,17550,16800,2100,5400,7200,5000,3100,16100,2100,17100,3500,350,1750,6200,6000,2850,26880,21280,8200
577781,578313,Auto,90,1.0,2100,17640,16800,2100,5400,7200,5000,3100,16100,2100,17100,3500,350,1750,6200,6000,2850,26880,21280,8200
580012,580636,Syphon Strike,380,1.0,2100,17640,16800,2100,5400,7200,5000,3100,16100,2100,17100,3500,350,1750,6200,6000,2850,26880,21660,8200
580741,581273,Auto,90,1.0,2100,17730,16800,2100,5400,7200,5000,3100,16100,2100,17100,3500,350,1750,6200,6000,2850,26880,21660,8200
582512,583136,Souleater,480,1.0,2100,17730,16800,2100,5400,7200,5000,3100,16100,2100,17100,3500,350,1750,6200,6000,2850,27360,21660,8200
583701,584233,Auto,90,1.0,2100,17820,16800,2100,5400,7200,5000,3100,16100,2100,17100,3500,350,1750,6200,6000,2850,27360,21660,8200
585012,585593,Hard Slash,300,1.0,2100,17820,16800,2100,5400,7200,5000,3100,16100,2100,17400,3500,350,1750,6200,6000,2850,27360,21660,8200
586661,587193,Auto,90,1.0,2100,17910,16800,2100,5400,7200,5000,3100,16100,2100,17400,3500,350,1750,6200,6000,2850,27360,21660,8200
587512,588136,Syphon Strike,380,1.0,2100,17910,16800,2100,5400,7200,5000,3100,16100,2100,17400,3500,350,1750,6200,6000,2850,27360,22040,8200
589621,590153,Auto,90,1.0,2100,18000,16800,2100,5400,7200,5000,3100,16100,2100,17400,3500,350,1750,6200,6000,2850,27360,22040,8200
590012,590636,Souleater,480,1.0,2100,18000,16800,2100,5400,7200,5000,3100,16100,2100,17400,3500,350,1750,6200,6000,2850,27840,22040,8200
592512,593093,Hard Slash,300,1.0,2100,18000,16800,2100,5400,7200,5000,3100,16100,2100,17700,3500,350,1750,6200,6000,2850,27840,22040,8200
592581,593113,Auto,90,1.0,2100,18090,16800,2100,5400,7200,5000,3100,16100,2100,17700,3500,350,1750,6200,6000,2850,27840,22040,8200
595012,595636,Syphon Strike,380,1.0,2100,18090,16800,2100,5400,7200,5000,3100,16100,2100,17700,3500,350,1750,6200,6000,2850,27840,22420,8200
595541,596073,Auto,90,1.0,2100,18180,16800,2100,5400,7200,5000,3100,16100,2100,17700,3500,350,1750,6200,6000,2850,27840,22420,8200
597512,598136,Souleater,480,1.0,2100,18180,16800,2100,5400,7200,5000,3100,16100,2100,17700,3500,350,1750,6200,6000,2850,28320,22420,8200
598501,599033,Auto,90,1.0,2100,18270,16800,2100,5400,7200,5000,3100,16100,2100,17700,3500,350,1750,6200,6000,2850,28320,22420,8200
600012,600593,Hard Slash,300,1.0,2100,18270,16800,2100,5400,7200,5000,3100,16100,2100,18000,3500,350,1750,6200,6000,2850,28320,22420,8200
601461,601993,Auto,90,1.0,2100,18360,16800,2100,5400,7200,5000,3100,16100,2100,18000,3500,350,1750,6200,6000,2850,28320,22420,8200
602512,603136,Syphon Strike,380,1.0,2100,18360,16800,2100,5400,7200,5000,3100,16100,2100,18000,3500,350,1750,6200,6000,2850,28320,22800,8200
604421,604953,Auto,90,1.0,2100,18450,16800,2100,5400,7200,5000,3100,16100,2100,18000,3500,350,1750,6200,6000,2850,28320,22800,8200
605012,605814,Bloodspiller,600,1.0,2100,18450,17400,2100,5400,7200,5000,3100,16100,2100,18000,3500,350,1750,6200,6000,2850,28320,22800,8200
607381,607913,Auto,90,1.0,2100,18540,17400,2100,5400,7200,5000,3100,16100,2100,18000,3500,350,1750,6200,6000,2850,28320,22800,8200
607512,608136,Souleater,480,1.0,2100,18540,17400,2100,5400,7200,5000,3100,16100,2100,18000,3500,350,1750,6200,6000,2850,28800,22800,8200
608137,608761,Edge of Shadow,460,1.0,2100,18540,17400,2100,5400,7200,5000,3100,16560,2100,18000,3500,350,1750,6200,6000,2850,28800,22800,8200
609137,609761,Edge of Shadow,460,1.0,2100,18540,17400,2100,5400,7200,5000,3100,17020,2100,18000,3500,350,1750,6200,6000,2850,28800,22800,8200
609937,609937,Abyssal Drain (pet),420,1.0,2520,18540,17400,2100,5400,7200,5000,3100,17020,2100,18000,3500,350,1750,6200,6000,2850,28800,22800,8200
610012,610593,Scarlet Delirium,620,1.0,2520,18540,17400,2100,5400,7200,5000,3100,17020,2100,18000,3500,350,1750,6820,6000,2850,28800,22800,8200
610341,610873,Auto,90,1.0,2520,18630,17400,2100,5400,7200,5000,3100,17020,2100,18000,3500,350,1750,6820,6000,2850,28800,22800,8200
611262,611928,Shadowbringer,600,1.0,2520,18630,17400,2100,5400,7200,5000,3100,17020,2100,18000,3500,350,1750,6820,6600,2850,28800,22800,8200
610637,612110,Carve and Spit,540,1.0,2520,18630,17400,2100,5940,7200,5000,3100,17020,2100,18000,3500,350,1750,6820,6600,2850,28800,22800,8200
612512,613182,Comeuppance,720,1.0,2520,18630,17400,2100,5940,7920,5000,3100,17020,2100,18000,3500,350,1750,6820,6600,2850,28800,22800,8200
613137,613761,Edge of Shadow,460,1.0,2520,18630,17400,2100,5940,7920,5000,3100,17480,2100,18000,3500,350,1750,6820,6600,2850,28800,22800,8200
613301,613833,Auto,90,1.0,2520,18720,17400,2100,5940,7920,5000,3100,17480,2100,18000,3500,350,1750,6820,6600,2850,28800,22800,8200
614337,614337,Shadowbringer (pet),570,1.0,2520,18720,17400,2100,5940,7920,5000,3100,17480,2100,18000,3500,350,1750,6820,6600,3420,28800,22800,8200
613762,614428,Shadowbringer,600,1.0,2520,18720,17400,2100,5940,7920,5000,3100,17480,2100,18000,3500,350,1750,6820,7200,3420,28800,22800,8200
615012,615632,Torcleaver,820,1.0,2520,18720,17400,2100,5940,7920,5000,3100,17480,2100,18000,3500,350,1750,6820,7200,3420,28800,22800,9020
615637,616261,Edge of Shadow,460,1.0,2520,18720,17400,2100,5940,7920,5000,3100,17940,2100,18000,3500,350,1750,6820,7200,3420,28800,22800,9020
616537,616537,Edge of Shadow (pet),420,1.0,2520,18720,17400,2100,5940,7920,5000,3100,17940,2520,18000,3500,350,1750,6820,7200,3420,28800,22800,9020
616261,616793,Auto,90,1.0,2520,18810,17400,2100,5940,7920,5000,3100,17940,2520,18000,3500,350,1750,6820,7200,3420,28800,22800,9020
616637,617261,Edge of Shadow,460,1.0,2520,18810,17400,2100,5940,7920,5000,3100,18400,2520,18000,3500,350,1750,6820,7200,3420,28800,22800,9020
618737,618737,Bloodspiller (pet),420,1.0,2520,18810,17400,2520,5940,7920,5000,3100,18400,2520,18000,3500,350,1750,6820,7200,3420,28800,22800,9020
617512,619162,Disesteem,1000,1.0,2520,18810,17400,2520,5940,7920,6000,3100,18400,2520,18000,3500,350,1750,6820,7200,3420,28800,22800,9020
619221,619753,Auto,90,1.0,2520,18900,17400,2520,5940,7920,6000,3100,18400,2520,18000,3500,350,1750,6820,7200,3420,28800,22800,9020
620012,620814,Bloodspiller,600,1.0,2520,18900,18000,2520,5940,7920,6000,3100,18400,2520,18000,3500,350,1750,6820,7200,3420,28800,22800,9020
620937,620937,Disesteem (pet),620,1.0,2520,18900,18000,2520,5940,7920,6000,3720,18400,2520,18000,3500,350,1750,6820,7200,3420,28800,22800,9020
622181,622713,Auto,90,1.0,2520,18990,18000,2520,5940,7920,6000,3720,18400,2520,18000,3500,350,1750,6820,7200,3420,28800,22800,9020
622512,623093,Hard Slash,300,1.0,2520,18990,18000,2520,5940,7920,6000,3720,18400,2520,18300,3500,350,1750,6820,7200,3420,28800,22800,9020
625013,625637,Syphon Strike,380,1.0,2520,18990,18000,2520,5940,7920,6000,3720,18400,2520,18300,3500,350,1750,6820,7200,3420,28800,23180,9020
625141,625673,Auto,90,1.0,2520,19080,18000,2520,5940,7920,6000,3720,18400,2520,18300,3500,350,1750,6820,7200,3420,28800,23180,9020
627513,628137,Souleater,480,1.0,2520,19080,18000,2520,5940,7920,6000,3720,18400,2520,18300,3500,350,1750,6820,7200,3420,29280,23180,9020
628101,628633,Auto,90,1.0,2520,19170,18000,2520,5940,7920,6000,3720,18400,2520,18300,3500,350,1750,6820,7200,3420,29280,23180,9020
630013,630815,Bloodspiller,600,1.0,2520,19170,18600,2520,5940,7920,6000,3720,18400,2520,18300,3500,350,1750,6820,7200,3420,29280,23180,9020
631061,631593,Auto,90,1.0,2520,19260,18600,2520,5940,7920,6000,3720,18400,2520,18300,3500,350,1750,6820,7200,3420,29280,23180,9020
632513,633094,Hard Slash,300,1.0,2520,19260,18600,2520,5940,7920,6000,3720,18400,2520,18600,3500,350,1750,6820,7200,3420,29280,23180,9020
634021,634553,Auto,90,1.0,2520,19350,18600,2520,5940,7920,6000,3720,18400,2520,18600,3500,350,1750,6820,7200,3420,29280,23180,9020
635013,635637,Syphon Strike,380,1.0,2520,19350,18600,2520,5940,7920,6000,3720,18400,2520,18600,3500,350,1750,6820,7200,3420,29280,23560,9020
636261,637161,Salted Earth,50,1.0,2520,19350,18600,2520,5940,7920,6000,3720,18400,2520,18600,3500,400,1750,6820,7200,3420,29280,23560,9020
636261,637500,Salted Earth (dot),50,1.0,2520,19350,18600,2520,5940,7920,6000,3720,18400,2520,18600,3500,400,1800,6820,7200,3420,29280,23560,9020
636981,637513,Auto,90,1.0,2520,19440,18600,2520,5940,7920,6000,3720,18400,2520,18600,3500,400,1800,6820,7200,3420,29280,23560,9020
637513,638137,Souleater,480,1.0,2520,19440,18600,2520,5940,7920,6000,3720,18400,2520,18600,3500,400,1800,6820,7200,3420,29760,23560,9020
638138,638895,Salt and Darkness,500,1.0,2520,19440,18600,2520,5940,7920,6000,3720,18400,2520,18600,4000,400,1800,6820,7200,3420,29760,23560,9020
639941,640473,Auto,90,1.0,2520,19530,18600,2520,5940,7920,6000,3720,18400,2520,18600,4000,400,1800,6820,7200,3420,29760,23560,9020
636261,640500,Salted Earth (dot),50,1.0,2520,19530,18600,2520,5940,7920,6000,3720,18400,2520,18600,4000,400,1850,6820,7200,3420,29760,23560,9020
640013,640594,Hard Slash,300,1.0,2520,19530,18600,2520,5940,7920,6000,3720,18400,2520,18900,4000,400,1850,6820,7200,3420,29760,23560,9020
642513,643137,Syphon Strike,380,1.0,2520,19530,18600,2520,5940,7920,6000,3720,18400,2520,18900,4000,400,1850,6820,7200,3420,29760,23940,9020
642901,643433,Auto,90,1.0,2520,19620,18600,2520,5940,7920,6000,3720,18400,2520,18900,4000,400,1850,6820,7200,3420,29760,23940,9020
636261,643500,Salted Earth (dot),50,1.0,2520,19620,18600,2520,5940,7920,6000,3720,18400,2520,18900,4000,400,1900,6820,7200,3420,29760,23940,9020
645013,645637,Souleater,480,1.0,2520,19620,18600,2520,5940,7920,6000,3720,18400,2520,18900,4000,400,1900,6820,7200,3420,30240,23940,9020
645861,646393,Auto,90,1.0,2520,19710,18600,2520,5940,7920,6000,3720,18400,2520,18900,4000,400,1900,6820,7200,3420,30240,23940,9020
636261,646500,Salted Earth (dot),50,1.0,2520,19710,18600,2520,5940,7920,6000,3720,18400,2520,18900,4000,400,1950,6820,7200,3420,30240,23940,9020
647513,648094,Hard Slash,300,1.0,2520,19710,18600,2520,5940,7920,6000,3720,18400,2520,19200,4000,400,1950,6820,7200,3420,30240,23940,9020
648138,648762,Edge of Shadow,460,1.0,2520,19710,18600,2520,5940,7920,6000,3720,18860,2520,19200,4000,400,1950,6820,7200,3420,30240,23940,9020
648821,649353,Auto,90,1.0,2520,19800,18600,2520,5940,7920,6000,3720,18860,2520,19200,4000,400,1950,6820,7200,3420,30240,23940,9020
636261,649500,Salted Earth (dot),50,1.0,2520,19800,18600,2520,5940,7920,6000,3720,18860,2520,19200,4000,400,2000,6820,7200,3420,30240,23940,9020
650013,650637,Syphon Strike,380,1.0,2520,19800,18600,2520,5940,7920,6000,3720,18860,2520,19200,4000,400,2000,6820,7200,3420,30240,24320,9020
651781,652313,Auto,90,1.0,2520,19890,18600,2520,5940,7920,6000,3720,18860,2520,19200,4000,400,2000,6820,7200,3420,30240,24320,9020
652513,653137,Souleater,480,1.0,2520,19890,18600,2520,5940,7920,6000,3720,18860,2520,19200,4000,400,2000,6820,7200,3420,30720,24320,9020
654741,655273,Auto,90,1.0,2520,19980,18600,2520,5940,7920,6000,3720,18860,2520,19200,4000,400,2000,6820,7200,3420,30720,24320,9020
655013,655815,Bloodspiller,600,1.0,2520,19980,19200,2520,5940,7920,6000,3720,18860,2520,19200,4000,400,2000,6820,7200,3420,30720,24320,9020
657513,658094,Hard Slash,300,1.0,2520,19980,19200,2520,5940,7920,6000,3720,18860,2520,19500,4000,400,2000,6820,7200,3420,30720,24320,9020
657701,658233,Auto,90,1.0,2520,20070,19200,2520,5940,7920,6000,3720,18860,2520,19500,4000,400,2000,6820,7200,3420,30720,24320,9020
660013,660637,Syphon Strike,380,1.0,2520,20070,19200,2520,5940,7920,6000,3720,18860,2520,19500,4000,400,2000,6820,7200,3420,30720,24700,9020
660661,661193,Auto,90,1.0,2520,20160,19200,2520,5940,7920,6000,3720,18860,2520,19500,4000,400,2000,6820,7200,3420,30720,24700,9020
662513,663137,Souleater,480,1.0,2520,20160,19200,2520,5940,7920,6000,3720,18860,2520,19500,4000,400,2000,6820,7200,3420,31200,24700,9020
663621,664153,Auto,90,1.0,2520,20250,19200,2520,5940,7920,6000,3720,18860,2520,19500,4000,400,2000,6820,7200,3420,31200,24700,9020
665013,665594,Hard Slash,300,1.0,2520,20250,19200,2520,5940,7920,6000,3720,18860,2520,19800,4000,400,2000,6820,7200,3420,31200,24700,9020
666581,667113,Auto,90,1.0,2520,20340,19200,2520,5940,7920,6000,3720,18860,2520,19800,4000,400,2000,6820,7200,3420,31200,24700,9020
667513,668094,Scarlet Delirium,620,1.0,2520,20340,19200,2520,5940,7920,6000,3720,18860,2520,19800,4000,400,2000,7440,7200,3420,31200,24700,9020
669541,670073,Auto,90,1.0,2520,20430,19200,2520,5940,7920,6000,3720,18860,2520,19800,4000,400,2000,7440,7200,3420,31200,24700,9020
670013,670683,Comeuppance,720,1.0,2520,20430,19200,2520,5940,8640,6000,3720,18860,2520,19800,4000,400,2000,7440,7200,3420,31200,24700,9020
670638,672111,Carve and Spit,540,1.0,2520,20430,19200,2520,6480,8640,6000,3720,18860,2520,19800,4000,400,2000,7440,7200,3420,31200,24700,9020
672501,673033,Auto,90,1.0,2520,20520,19200,2520,6480,8640,6000,3720,18860,2520,19800,4000,400,2000,7440,7200,3420,31200,24700,9020
672513,673133,Torcleaver,820,1.0,2520,20520,19200,2520,6480,8640,6000,3720,18860,2520,19800,4000,400,2000,7440,7200,3420,31200,24700,9840
675014,675816,Bloodspiller,600,1.0,2520,20520,19800,2520,6480,8640,6000,3720,18860,2520,19800,4000,400,2000,7440,7200,3420,31200,24700,9840
675461,675993,Auto,90,1.0,2520,20610,19800,2520,6480,8640,6000,3720,18860,2520,19800,4000,400,2000,7440,7200,3420,31200,24700,9840
677514,678138,Syphon Strike,380,1.0,2520,20610,19800,2520,6480,8640,6000,3720,18860,2520,19800,4000,400,2000,7440,7200,3420,31200,25080,9840
678139,678763,Edge of Shadow,460,1.0,2520,20610,19800,2520,6480,8640,6000,3720,19320,2520,19800,4000,400,2000,7440,7200,3420,31200,25080,9840
678421,678953,Auto,90,1.0,2520,20700,19800,2520,6480,8640,6000,3720,19320,2520,19800,4000,400,2000,7440,7200,3420,31200,25080,9840
680014,680638,Souleater,480,1.0,2520,20700,19800,2520,6480,8640,6000,3720,19320,2520,19800,4000,400,2000,7440,7200,3420,31680,25080,9840
681381,681913,Auto,90,1.0,2520,20790,19800,2520,6480,8640,6000,3720,19320,2520,19800,4000,400,2000,7440,7200,3420,31680,25080,9840
682514,683095,Hard Slash,300,1.0,2520,20790,19800,2520,6480,8640,6000,3720,19320,2520,20100,4000,400,2000,7440,7200,3420,31680,25080,9840
684341,684873,Auto,90,1.0,2520,20880,19800,2520,6480,8640,6000,3720,19320,2520,20100,4000,400,2000,7440,7200,3420,31680,25080,9840
685014,685638,Syphon Strike,380,1.0,2520,20880,19800,2520,6480,8640,6000,3720,19320,2520,20100,4000,400,2000,7440,7200,3420,31680,25460,9840
687301,687833,Auto,90,1.0,2520,20970,19800,2520,6480,8640,6000,3720,19320,2520,20100,4000,400,2000,7440,7200,3420,31680,25460,9840
687514,688138,Souleater,480,1.0,2520,20970,19800,2520,6480,8640,6000,3720,19320,2520,20100,4000,400,2000,7440,7200,3420,32160,25460,9840
690261,690793,Auto,90,1.0,2520,21060,19800,2520,6480,8640,6000,3720,19320,2520,20100,4000,400,2000,7440,7200,3420,32160,25460,9840
690014,690816,Bloodspiller,600,1.0,2520,21060,20400,2520,6480,8640,6000,3720,19320,2520,20100,4000,400,2000,7440,7200,3420,32160,25460,9840
692514,693095,Hard Slash,300,1.0,2520,21060,20400,2520,6480,8640,6000,3720,19320,2520,20400,4000,400,2000,7440,7200,3420,32160,25460,9840
693221,693753,Auto,90,1.0,2520,21150,20400,2520,6480,8640,6000,3720,19320,2520,20400,4000,400,2000,7440,7200,3420,32160,25460,9840
695014,695638,Syphon Strike,380,1.0,2520,21150,20400,2520,6480,8640,6000,3720,19320,2520,20400,4000,400,2000,7440,7200,3420,32160,25840,9840
696181,696713,Auto,90,1.0,2520,21240,20400,2520,6480,8640,6000,3720,19320,2520,20400,4000,400,2000,7440,7200,3420,32160,25840,9840
697514,698138,Souleater,480,1.0,2520,21240,20400,2520,6480,8640,6000,3720,19320,2520,20400,4000,400,2000,7440,7200,3420,32640,25840,9840
699141,699673,Auto,90,1.0,2520,21330,20400,2520,6480,8640,6000,3720,19320,2520,20400,4000,400,2000,7440,7200,3420,32640,25840,9840
700014,700595,Hard Slash,300,1.0,2520,21330,20400,2520,6480,8640,6000,3720,19320,2520,20700,4000,400,2000,7440,7200,3420,32640,25840,9840
702101,702633,Auto,90,1.0,2520,21420,20400,2520,6480,8640,6000,3720,19320,2520,20700,4000,400,2000,7440,7200,3420,32640,25840,9840
702514,703138,Syphon Strike,380,1.0,2520,21420,20400,2520,6480,8640,6000,3720,19320,2520,20700,4000,400,2000,7440,7200,3420,32640,26220,9840
705061,705593,Auto,90,1.0,2520,21510,20400,2520,6480,8640,6000,3720,19320,2520,20700,4000,400,2000,7440,7200,3420,32640,26220,9840
705014,705638,Souleater,480,1.0,2520,21510,20400,2520,6480,8640,6000,3720,19320,2520,20700,4000,400,2000,7440,7200,3420,33120,26220,9840
707514,708095,Hard Slash,300,1.0,2520,21510,20400,2520,6480,8640,6000,3720,19320,2520,21000,4000,400,2000,7440,7200,3420,33120,26220,9840
708021,708553,Auto,90,1.0,2520,21600,20400,2520,6480,8640,6000,3720,19320,2520,21000,4000,400,2000,7440,7200,3420,33120,26220,9840
710014,710638,Syphon Strike,380,1.0,2520,21600,20400,2520,6480,8640,6000,3720,19320,2520,21000,4000,400,2000,7440,7200,3420,33120,26600,9840
710981,711513,Auto,90,1.0,2520,21690,20400,2520,6480,8640,6000,3720,19320,2520,21000,4000,400,2000,7440,7200,3420,33120,26600,9840
712514,713138,Souleater,480,1.0,2520,21690,20400,2520,6480,8640,6000,3720,19320,2520,21000,4000,400,2000,7440,7200,3420,33600,26600,9840
713941,714473,Auto,90,1.0,2520,21780,20400,2520,6480,8640,6000,3720,19320,2520,21000,4000,400,2000,7440,7200,3420,33600,26600,9840
715014,715595,Hard Slash,300,1.0,2520,21780,20400,2520,6480,8640,6000,3720,19320,2520,21300,4000,400,2000,7440,7200,3420,33600,26600,9840
716901,717433,Auto,90,1.0,2520,21870,20400,2520,6480,8640,6000,3720,19320,2520,21300,4000,400,2000,7440,7200,3420,33600,26600,9840
717514,718138,Syphon Strike,380,1.0,2520,21870,20400,2520,6480,8640,6000,3720,19320,2520,21300,4000,400,2000,7440,7200,3420,33600,26980,9840
719861,720393,Auto,90,1.0,2520,21960,20400,2520,6480,8640,6000,3720,19320,2520,21300,4000,400,2000,7440,7200,3420,33600,26980,9840
720014,720638,Souleater,480,1.0,2520,21960,20400,2520,6480,8640,6000,3720,19320,2520,21300,4000,400,2000,7440,7200,3420,34080,26980,9840
722514,723095,Hard Slash,300,1.0,2520,21960,20400,2520,6480,8640,6000,3720,19320,2520,21600,4000,400,2000,7440,7200,3420,34080,26980,9840
722821,723353,Auto,90,1.0,2520,22050,20400,2520,6480,8640,6000,3720,19320,2520,21600,4000,400,2000,7440,7200,3420,34080,26980,9840
725015,725817,Bloodspiller,600,1.0,2520,22050,21000,2520,6480,8640,6000,3720,19320,2520,21600,4000,400,2000,7440,7200,3420,34080,26980,9840
725781,726313,Auto,90,1.0,2520,22140,21000,2520,6480,8640,6000,3720,19320,2520,21600,4000,400,2000,7440,7200,3420,34080,26980,9840
726265,727165,Salted Earth,50,1.0,2520,22140,21000,2520,6480,8640,6000,3720,19320,2520,21600,4000,450,2000,7440,7200,3420,34080,26980,9840
726265,727500,Salted Earth (dot),50,1.0,2520,22140,21000,2520,6480,8640,6000,3720,19320,2520,21600,4000,450,2050,7440,7200,3420,34080,26980,9840
727515,728139,Syphon Strike,380,1.0,2520,22140,21000,2520,6480,8640,6000,3720,19320,2520,21600,4000,450,2050,7440,7200,3420,34080,27360,9840
728140,728764,Edge of Shadow,460,1.0,2520,22140,21000,2520,6480,8640,6000,3720,19780,2520,21600,4000,450,2050,7440,7200,3420,34080,27360,9840
728741,729273,Auto,90,1.0,2520,22230,21000,2520,6480,8640,6000,3720,19780,2520,21600,4000,450,2050,7440,7200,3420,34080,27360,9840
729140,729764,Edge of Shadow,460,1.0,2520,22230,21000,2520,6480,8640,6000,3720,20240,2520,21600,4000,450,2050,7440,7200,3420,34080,27360,9840
729939,729939,Abyssal Drain (pet),420,1.0,2940,22230,21000,2520,6480,8640,6000,3720,20240,2520,21600,4000,450,2050,7440,7200,3420,34080,27360,9840
726265,730500,Salted Earth (dot),50,1.0,2940,22230,21000,2520,6480,8640,6000,3720,20240,2520,21600,4000,450,2100,7440,7200,3420,34080,27360,9840
730015,730596,Scarlet Delirium,620,1.0,2940,22230,21000,2520,6480,8640,6000,3720,20240,2520,21600,4000,450,2100,8060,7200,3420,34080,27360,9840
731265,731931,Shadowbringer,600,1.0,2940,22230,21000,2520,6480,8640,6000,3720,20240,2520,21600,4000,450,2100,8060,7800,3420,34080,27360,9840
730640,732113,Carve and Spit,540,1.0,2940,22230,21000,2520,7020,8640,6000,3720,20240,2520,21600,4000,450,2100,8060,7800,3420,34080,27360,9840
731701,732233,Auto,90,1.0,2940,22320,21000,2520,7020,8640,6000,3720,20240,2520,21600,4000,450,2100,8060,7800,3420,34080,27360,9840
732515,733185,Comeuppance,720,1.0,2940,22320,21000,2520,7020,9360,6000,3720,20240,2520,21600,4000,450,2100,8060,7800,3420,34080,27360,9840
726265,733500,Salted Earth (dot),50,1.0,2940,22320,21000,2520,7020,9360,6000,3720,20240,2520,21600,4000,450,2150,8060,7800,3420,34080,27360,9840
733140,733764,Edge of Shadow,460,1.0,2940,22320,21000,2520,7020,9360,6000,3720,20700,2520,21600,4000,450,2150,8060,7800,3420,34080,27360,9840
734339,734339,Shadowbringer (pet),570,1.0,2940,22320,21000,2520,7020,9360,6000,3720,20700,2520,21600,4000,450,2150,8060,7800,3990,34080,27360,9840
733765,734522,Salt and Darkness,500,1.0,2940,22320,21000,2520,7020,9360,6000,3720,20700,2520,21600,4500,450,2150,8060,7800,3990,34080,27360,9840
734661,735193,Auto,90,1.0,2940,22410,21000,2520,7020,9360,6000,3720,20700,2520,21600,4500,450,2150,8060,7800,3990,34080,27360,9840
735015,735635,Torcleaver,820,1.0,2940,22410,21000,2520,7020,9360,6000,3720,20700,2520,21600,4500,450,2150,8060,7800,3990,34080,27360,10660
735640,736264,Edge of Shadow,460,1.0,2940,22410,21000,2520,7020,9360,6000,3720,21160,2520,21600,4500,450,2150,8060,7800,3990,34080,27360,10660
726265,736500,Salted Earth (dot),50,1.0,2940,22410,21000,2520,7020,9360,6000,3720,21160,2520,21600,4500,450,2200,8060,7800,3990,34080,27360,10660
736539,736539,Edge of Shadow (pet),420,1.0,2940,22410,21000,2520,7020,9360,6000,3720,21160,2940,21600,4500,450,2200,8060,7800,3990,34080,27360,10660
736265,736931,Shadowbringer,600,1.0,2940,22410,21000,2520,7020,9360,6000,3720,21160,2940,21600,4500,450,2200,8060,8400,3990,34080,27360,10660
737621,738153,Auto,90,1.0,2940,22500,21000,2520,7020,9360,6000,3720,21160,2940,21600,4500,450,2200,8060,8400,3990,34080,27360,10660
738739,738739,Bloodspiller (pet),420,1.0,2940,22500,21000,2940,7020,9360,6000,3720,21160,2940,21600,4500,450,2200,8060,8400,3990,34080,27360,10660
738140,738764,Edge of Shadow,460,1.0,2940,22500,21000,2940,7020,9360,6000,3720,21620,2940,21600,4500,450,2200,8060,8400,3990,34080,27360,10660
737515,739165,Disesteem,1000,1.0,2940,22500,21000,2940,7020,9360,7000,3720,21620,2940,21600,4500,450,2200,8060,8400,3990,34080,27360,10660
726265,739500,Salted Earth (dot),50,1.0,2940,22500,21000,2940,7020,9360,7000,3720,21620,2940,21600,4500,450,2250,8060,8400,3990,34080,27360,10660
740015,740817,Bloodspiller,600,1.0,2940,22500,21600,2940,7020,9360,7000,3720,21620,2940,21600,4500,450,2250,8060,8400,3990,34080,27360,10660
740939,740939,Disesteem (pet),620,1.0,2940,22500,21600,2940,7020,9360,7000,4340,21620,2940,21600,4500,450,2250,8060,8400,3990,34080,27360,10660
740581,741113,Auto,90,1.0,2940,22590,21600,2940,7020,9360,7000,4340,21620,2940,21600,4500,450,2250,8060,8400,3990,34080,27360,10660
742515,743139,Souleater,480,1.0,2940,22590,21600,2940,7020,9360,7000,4340,21620,2940,21600,4500,450,2250,8060,8400,3990,34560,27360,10660
743541,744073,Auto,90,1.0,2940,22680,21600,2940,7020,9360,7000,4340,21620,2940,21600,4500,450,2250,8060,8400,3990,34560,27360,10660
745015,745596,Hard Slash,300,1.0,2940,22680,21600,2940,7020,9360,7000,4340,21620,2940,21900,4500,450,2250,8060,8400,3990,34560,27360,10660
746501,747033,Auto,90,1.0,2940,22770,21600,2940,7020,9360,7000,4340,21620,2940,21900,4500,450,2250,8060,8400,3990,34560,27360,10660
747515,748139,Syphon Strike,380,1.0,2940,22770,21600,2940,7020,9360,7000,4340,21620,2940,21900,4500,450,2250,8060,8400,3990,34560,27740,10660
749461,749993,Auto,90,1.0,2940,22860,21600,2940,7020,9360,7000,4340,21620,2940,21900,4500,450,2250,8060,8400,3990,34560,27740,10660
750015,750639,Souleater,480,1.0,2940,22860,21600,2940,7020,9360,7000,4340,21620,2940,21900,4500,450,2250,8060,8400,3990,35040,27740,10660
752421,752953,Auto,90,1.0,2940,22950,21600,2940,7020,9360,7000,4340,21620,2940,21900,4500,450,2250,8060,8400,3990,35040,27740,10660
752515,753317,Bloodspiller,600,1.0,2940,22950,22200,2940,7020,9360,7000,4340,21620,2940,21900,4500,450,2250,8060,8400,3990,35040,27740,10660
