sim_timestamp,sim_damage_timestamp,sim_name,sim_expected,Afflatus Misery,Assize,Auto,Dia,Dia (dot),Glare III,Glare IV
-170,1120,Dia,10969.0,0,0,0,10969,0,0,0
-170,1500,Dia (dot),11244.0,0,0,0,10969,11244,0,0
1120,1652,Auto,0.0,0,0,0,10969,11244,0,0
-170,4500,Dia (dot),11244.0,0,0,0,10969,22488,0,0
3220,4510,Glare III,49638.0,0,0,0,10969,22488,49638,0
4560,5092,Auto,0.0,0,0,0,10969,22488,49638,0
5650,6940,Glare III,52119.0,0,0,0,10969,22488,101757,0
-170,7500,Dia (dot),11244.0,0,0,0,10969,33732,101757,0
8280,8812,Auto,0.0,0,0,0,10969,33732,101757,0
8389,9059,Assize,70387.0,0,70387,0,10969,33732,101757,0
7780,9070,Glare III,61587.0,0,70387,0,10969,33732,163344,0
9060,9640,Afflatus Misery,246363.0,246363,70387,0,10969,33732,163344,0
-170,10500,Dia (dot),11244.0,246363,70387,0,10969,44976,163344,0
11030,11562,Auto,0.0,246363,70387,0,10969,44976,163344,0
11000,11850,Glare IV,112605.0,246363,70387,0,10969,44976,163344,112605
-170,13500,Dia (dot),11244.0,246363,70387,0,10969,56220,163344,112605
12940,13790,Glare IV,112605.0,246363,70387,0,10969,56220,163344,225210
13780,14312,Auto,0.0,246363,70387,0,10969,56220,163344,225210
14881,15731,Glare IV,112605.0,246363,70387,0,10969,56220,163344,337815
-170,16500,Dia (dot),11244.0,246363,70387,0,10969,67464,163344,337815
16530,17062,Auto,0.0,246363,70387,0,10969,67464,163344,337815
17481,18771,Glare III,61587.0,246363,70387,0,10969,67464,224931,337815
-170,19500,Dia (dot),11244.0,246363,70387,0,10969,78708,224931,337815
19921,20453,Auto,0.0,246363,70387,0,10969,78708,224931,337815
19421,20711,Glare III,61587.0,246363,70387,0,10969,78708,286518,337815
-170,22500,Dia (dot),11244.0,246363,70387,0,10969,89952,286518,337815
21361,22651,Glare III,61587.0,246363,70387,0,10969,89952,348105,337815
24101,24633,Auto,0.0,246363,70387,0,10969,89952,348105,337815
23601,24891,Glare III,61587.0,246363,70387,0,10969,89952,409692,337815
-170,25500,Dia (dot),11244.0,246363,70387,0,10969,101196,409692,337815
25071,26361,Dia,14177.0,246363,70387,0,25146,101196,409692,337815
25071,28500,Dia (dot),14533.0,246363,70387,0,25146,115729,409692,337815
28961,29493,Auto,0.0,246363,70387,0,25146,115729,409692,337815
28461,29751,Glare III,49638.0,246363,70387,0,25146,115729,459330,337815
25071,31500,Dia (dot),14533.0,246363,70387,0,25146,130262,459330,337815
32401,32933,Auto,0.0,246363,70387,0,25146,130262,459330,337815
25071,34500,Dia (dot),14533.0,246363,70387,0,25146,144795,459330,337815
35841,36373,Auto,0.0,246363,70387,0,25146,144795,459330,337815
25071,37500,Dia (dot),14533.0,246363,70387,0,25146,159328,459330,337815
37221,37801,Afflatus Misery,183437.0,429800,70387,0,25146,159328,459330,337815
39281,39813,Auto,0.0,429800,70387,0,25146,159328,459330,337815
25071,40500,Dia (dot),14533.0,429800,70387,0,25146,173861,459330,337815
40611,41901,Glare III,45857.0,429800,70387,0,25146,173861,505187,337815
25071,43500,Dia (dot),14533.0,429800,70387,0,25146,188394,505187,337815
43541,44073,Auto,0.0,429800,70387,0,25146,188394,505187,337815
43041,44331,Glare III,45834.0,429800,70387,0,25146,188394,551021,337815
25071,46500,Dia (dot),14533.0,429800,70387,0,25146,202927,551021,337815
45471,46761,Glare III,45834.0,429800,70387,0,25146,202927,596855,337815
48401,48933,Auto,0.0,429800,70387,0,25146,202927,596855,337815
48503,49173,Assize,52382.0,429800,122769,0,25146,202927,596855,337815
47901,49191,Glare III,45834.0,429800,122769,0,25146,202927,642689,337815
25071,49500,Dia (dot),14533.0,429800,122769,0,25146,217460,642689,337815
50331,51621,Glare III,45834.0,429800,122769,0,25146,217460,688523,337815
25071,52500,Dia (dot),14533.0,429800,122769,0,25146,231993,688523,337815
53261,53793,Auto,0.0,429800,122769,0,25146,231993,688523,337815
52761,54051,Glare III,45834.0,429800,122769,0,25146,231993,734357,337815
25071,55500,Dia (dot),14533.0,429800,122769,0,25146,246526,734357,337815
54231,55521,Dia,11078.0,429800,122769,0,36224,246526,734357,337815
54231,58500,Dia (dot),11356.0,429800,122769,0,36224,257882,734357,337815
58122,58654,Auto,0.0,429800,122769,0,36224,257882,734357,337815
57622,58912,Glare III,45834.0,429800,122769,0,36224,257882,780191,337815
60052,61342,Glare III,45834.0,429800,122769,0,36224,257882,826025,337815
54231,61500,Dia (dot),11356.0,429800,122769,0,36224,269238,826025,337815
62982,63514,Auto,0.0,429800,122769,0,36224,269238,826025,337815
62482,63772,Glare III,45834.0,429800,122769,0,36224,269238,871859,337815
54231,64500,Dia (dot),11356.0,429800,122769,0,36224,280594,871859,337815
64912,66202,Glare III,45834.0,429800,122769,0,36224,280594,917693,337815
54231,67500,Dia (dot),11356.0,429800,122769,0,36224,291950,917693,337815
67842,68374,Auto,0.0,429800,122769,0,36224,291950,917693,337815
67342,68632,Glare III,45834.0,429800,122769,0,36224,291950,963527,337815
54231,70500,Dia (dot),11356.0,429800,122769,0,36224,303306,963527,337815
69772,71062,Glare III,45834.0,429800,122769,0,36224,303306,1009361,337815
72702,73234,Auto,0.0,429800,122769,0,36224,303306,1009361,337815
72202,73492,Glare III,45834.0,429800,122769,0,36224,303306,1055195,337815
54231,73500,Dia (dot),11356.0,429800,122769,0,36224,314662,1055195,337815
74632,75922,Glare III,45834.0,429800,122769,0,36224,314662,1101029,337815
54231,76500,Dia (dot),11356.0,429800,122769,0,36224,326018,1101029,337815
77562,78094,Auto,0.0,429800,122769,0,36224,326018,1101029,337815
77062,78352,Glare III,45834.0,429800,122769,0,36224,326018,1146863,337815
54231,79500,Dia (dot),11356.0,429800,122769,0,36224,337374,1146863,337815
79492,80782,Glare III,45834.0,429800,122769,0,36224,337374,1192697,337815
54231,82500,Dia (dot),11356.0,429800,122769,0,36224,348730,1192697,337815
82422,82954,Auto,0.0,429800,122769,0,36224,348730,1192697,337815
81922,83212,Glare III,45713.0,429800,122769,0,36224,348730,1238410,337815
83392,84682,Dia,11049.0,429800,122769,0,47273,348730,1238410,337815
83392,85500,Dia (dot),11326.0,429800,122769,0,47273,360056,1238410,337815
87282,87814,Auto,0.0,429800,122769,0,47273,360056,1238410,337815
86782,88072,Glare III,45713.0,429800,122769,0,47273,360056,1284123,337815
83392,88500,Dia (dot),11326.0,429800,122769,0,47273,371382,1284123,337815
89814,90484,Assize,52244.0,429800,175013,0,47273,371382,1284123,337815
89212,90502,Glare III,45713.0,429800,175013,0,47273,371382,1329836,337815
90722,91254,Auto,0.0,429800,175013,0,47273,371382,1329836,337815
83392,91500,Dia (dot),11326.0,429800,175013,0,47273,382708,1329836,337815
83392,94500,Dia (dot),11326.0,429800,175013,0,47273,394034,1329836,337815
94162,94694,Auto,0.0,429800,175013,0,47273,394034,1329836,337815
83392,97500,Dia (dot),11326.0,429800,175013,0,47273,405360,1329836,337815
97602,98134,Auto,0.0,429800,175013,0,47273,405360,1329836,337815
98932,100222,Glare III,45713.0,429800,175013,0,47273,405360,1375549,337815
83392,100500,Dia (dot),11326.0,429800,175013,0,47273,416686,1375549,337815
101862,102394,Auto,0.0,429800,175013,0,47273,416686,1375549,337815
101362,102652,Glare III,45713.0,429800,175013,0,47273,416686,1421262,337815
83392,103500,Dia (dot),11326.0,429800,175013,0,47273,428012,1421262,337815
103792,105082,Glare III,45713.0,429800,175013,0,47273,428012,1466975,337815
83392,106500,Dia (dot),11326.0,429800,175013,0,47273,439338,1466975,337815
106722,107254,Auto,0.0,429800,175013,0,47273,439338,1466975,337815
106222,107512,Glare III,45713.0,429800,175013,0,47273,439338,1512688,337815
83392,109500,Dia (dot),11326.0,429800,175013,0,47273,450664,1512688,337815
108652,109942,Glare III,45713.0,429800,175013,0,47273,450664,1558401,337815
111582,112114,Auto,0.0,429800,175013,0,47273,450664,1558401,337815
111082,112372,Glare III,45713.0,429800,175013,0,47273,450664,1604114,337815
83392,112500,Dia (dot),11326.0,429800,175013,0,47273,461990,1604114,337815
113513,114803,Glare III,45713.0,429800,175013,0,47273,461990,1649827,337815
115022,115554,Auto,0.0,429800,175013,0,47273,461990,1649827,337815
114983,116273,Dia,11049.0,429800,175013,0,58322,461990,1649827,337815
114983,118500,Dia (dot),11326.0,429800,175013,0,58322,473316,1649827,337815
118873,119405,Auto,0.0,429800,175013,0,58322,473316,1649827,337815
118373,119663,Glare III,45713.0,429800,175013,0,58322,473316,1695540,337815
114983,121500,Dia (dot),11326.0,429800,175013,0,58322,484642,1695540,337815
120803,122093,Glare III,45857.0,429800,175013,0,58322,484642,1741397,337815
123733,124265,Auto,0.0,429800,175013,0,58322,484642,1741397,337815
114983,124500,Dia (dot),11326.0,429800,175013,0,58322,495968,1741397,337815
123233,124523,Glare III,45857.0,429800,175013,0,58322,495968,1787254,337815
125663,126953,Glare III,48150.0,429800,175013,0,58322,495968,1835404,337815
114983,127500,Dia (dot),11326.0,429800,175013,0,58322,507294,1835404,337815
128293,128825,Auto,0.0,429800,175013,0,58322,507294,1835404,337815
127793,129083,Glare III,59128.0,429800,175013,0,58322,507294,1894532,337815
129073,129653,Afflatus Misery,236524.0,666324,175013,0,58322,507294,1894532,337815
129814,130484,Assize,67575.0,666324,242588,0,58322,507294,1894532,337815
114983,130500,Dia (dot),11326.0,666324,242588,0,58322,518620,1894532,337815
132173,132705,Auto,0.0,666324,242588,0,58322,518620,1894532,337815
131673,132963,Glare III,59128.0,666324,242588,0,58322,518620,1953660,337815
114983,133500,Dia (dot),11326.0,666324,242588,0,58322,529946,1953660,337815
133613,134903,Glare III,59128.0,666324,242588,0,58322,529946,2012788,337815
134923,135455,Auto,0.0,666324,242588,0,58322,529946,2012788,337815
134893,135743,Glare IV,108106.0,666324,242588,0,58322,529946,2012788,445921
114983,136500,Dia (dot),11326.0,666324,242588,0,58322,541272,2012788,445921
136833,137683,Glare IV,108106.0,666324,242588,0,58322,541272,2012788,554027
137673,138205,Auto,0.0,666324,242588,0,58322,541272,2012788,554027
114983,139500,Dia (dot),11326.0,666324,242588,0,58322,552598,2012788,554027
138773,139623,Glare IV,108106.0,666324,242588,0,58322,552598,2012788,662133
140423,140955,Auto,0.0,666324,242588,0,58322,552598,2012788,662133
114983,142500,Dia (dot),11326.0,666324,242588,0,58322,563924,2012788,662133
141373,142663,Glare III,59128.0,666324,242588,0,58322,563924,2071916,662133
144114,144646,Auto,0.0,666324,242588,0,58322,563924,2071916,662133
143614,144904,Glare III,59128.0,666324,242588,0,58322,563924,2131044,662133
114983,145500,Dia (dot),11326.0,666324,242588,0,58322,575250,2131044,662133
145084,146374,Dia,14291.0,666324,242588,0,72613,575250,2131044,662133
145084,148500,Dia (dot),14650.0,666324,242588,0,72613,589900,2131044,662133
148974,149506,Auto,0.0,666324,242588,0,72613,589900,2131044,662133
148474,149764,Glare III,45857.0,666324,242588,0,72613,589900,2176901,662133
145084,151500,Dia (dot),14650.0,666324,242588,0,72613,604550,2176901,662133
152414,152946,Auto,0.0,666324,242588,0,72613,604550,2176901,662133
145084,154500,Dia (dot),14650.0,666324,242588,0,72613,619200,2176901,662133
155854,156386,Auto,0.0,666324,242588,0,72613,619200,2176901,662133
145084,157500,Dia (dot),14650.0,666324,242588,0,72613,633850,2176901,662133
157234,157814,Afflatus Misery,183437.0,849761,242588,0,72613,633850,2176901,662133
159294,159826,Auto,0.0,849761,242588,0,72613,633850,2176901,662133
145084,160500,Dia (dot),14650.0,849761,242588,0,72613,648500,2176901,662133
160624,161914,Glare III,45857.0,849761,242588,0,72613,648500,2222758,662133
145084,163500,Dia (dot),14650.0,849761,242588,0,72613,663150,2222758,662133
163554,164086,Auto,0.0,849761,242588,0,72613,663150,2222758,662133
163054,164344,Glare III,45857.0,849761,242588,0,72613,663150,2268615,662133
145084,166500,Dia (dot),14650.0,849761,242588,0,72613,677800,2268615,662133
165484,166774,Glare III,45834.0,849761,242588,0,72613,677800,2314449,662133
168414,168946,Auto,0.0,849761,242588,0,72613,677800,2314449,662133
167914,169204,Glare III,45834.0,849761,242588,0,72613,677800,2360283,662133
145084,169500,Dia (dot),14650.0,849761,242588,0,72613,692450,2360283,662133
170946,171616,Assize,52382.0,849761,294970,0,72613,692450,2360283,662133
170344,171634,Glare III,45834.0,849761,294970,0,72613,692450,2406117,662133
145084,172500,Dia (dot),14650.0,849761,294970,0,72613,707100,2406117,662133
173274,173806,Auto,0.0,849761,294970,0,72613,707100,2406117,662133
172774,174064,Glare III,45834.0,849761,294970,0,72613,707100,2451951,662133
145084,175500,Dia (dot),14650.0,849761,294970,0,72613,721750,2451951,662133
174244,175534,Dia,11078.0,849761,294970,0,83691,721750,2451951,662133
174244,178500,Dia (dot),11356.0,849761,294970,0,83691,733106,2451951,662133
178134,178666,Auto,0.0,849761,294970,0,83691,733106,2451951,662133
177634,178924,Glare III,45834.0,849761,294970,0,83691,733106,2497785,662133
180064,181354,Glare III,45834.0,849761,294970,0,83691,733106,2543619,662133
174244,181500,Dia (dot),11356.0,849761,294970,0,83691,744462,2543619,662133
182994,183526,Auto,0.0,849761,294970,0,83691,744462,2543619,662133
182494,183784,Glare III,45834.0,849761,294970,0,83691,744462,2589453,662133
174244,184500,Dia (dot),11356.0,849761,294970,0,83691,755818,2589453,662133
184924,186214,Glare III,45834.0,849761,294970,0,83691,755818,2635287,662133
174244,187500,Dia (dot),11356.0,849761,294970,0,83691,767174,2635287,662133
187854,188386,Auto,0.0,849761,294970,0,83691,767174,2635287,662133
187354,188644,Glare III,45834.0,849761,294970,0,83691,767174,2681121,662133
174244,190500,Dia (dot),11356.0,849761,294970,0,83691,778530,2681121,662133
189784,191074,Glare III,45834.0,849761,294970,0,83691,778530,2726955,662133
192714,193246,Auto,0.0,849761,294970,0,83691,778530,2726955,662133
174244,193500,Dia (dot),11356.0,849761,294970,0,83691,789886,2726955,662133
192214,193504,Glare III,45834.0,849761,294970,0,83691,789886,2772789,662133
174244,196500,Dia (dot),11356.0,849761,294970,0,83691,801242,2772789,662133
196154,196686,Auto,0.0,849761,294970,0,83691,801242,2772789,662133
174244,199500,Dia (dot),11356.0,849761,294970,0,83691,812598,2772789,662133
200005,200537,Auto,0.0,849761,294970,0,83691,812598,2772789,662133
199505,200795,Glare III,45834.0,849761,294970,0,83691,812598,2818623,662133
174244,202500,Dia (dot),11356.0,849761,294970,0,83691,823954,2818623,662133
201935,203225,Glare III,45834.0,849761,294970,0,83691,823954,2864457,662133
204865,205397,Auto,0.0,849761,294970,0,83691,823954,2864457,662133
174244,205500,Dia (dot),11356.0,849761,294970,0,83691,835310,2864457,662133
204365,205655,Glare III,45713.0,849761,294970,0,83691,835310,2910170,662133
205835,207125,Dia,11049.0,849761,294970,0,94740,835310,2910170,662133
205835,208500,Dia (dot),11326.0,849761,294970,0,94740,846636,2910170,662133
209725,210257,Auto,0.0,849761,294970,0,94740,846636,2910170,662133
209225,210515,Glare III,45713.0,849761,294970,0,94740,846636,2955883,662133
205835,211500,Dia (dot),11326.0,849761,294970,0,94740,857962,2955883,662133
212257,212927,Assize,52244.0,849761,347214,0,94740,857962,2955883,662133
211655,212945,Glare III,45713.0,849761,347214,0,94740,857962,3001596,662133
205835,214500,Dia (dot),11326.0,849761,347214,0,94740,869288,3001596,662133
214585,215117,Auto,0.0,849761,347214,0,94740,869288,3001596,662133
214085,215375,Glare III,45713.0,849761,347214,0,94740,869288,3047309,662133
205835,217500,Dia (dot),11326.0,849761,347214,0,94740,880614,3047309,662133
216515,217805,Glare III,45713.0,849761,347214,0,94740,880614,3093022,662133
219445,219977,Auto,0.0,849761,347214,0,94740,880614,3093022,662133
218945,220235,Glare III,45713.0,849761,347214,0,94740,880614,3138735,662133
205835,220500,Dia (dot),11326.0,849761,347214,0,94740,891940,3138735,662133
221375,222665,Glare III,45713.0,849761,347214,0,94740,891940,3184448,662133
222885,223417,Auto,0.0,849761,347214,0,94740,891940,3184448,662133
205835,223500,Dia (dot),11326.0,849761,347214,0,94740,903266,3184448,662133
205835,226500,Dia (dot),11326.0,849761,347214,0,94740,914592,3184448,662133
226735,227267,Auto,0.0,849761,347214,0,94740,914592,3184448,662133
226235,227525,Glare III,45713.0,849761,347214,0,94740,914592,3230161,662133
205835,229500,Dia (dot),11326.0,849761,347214,0,94740,925918,3230161,662133
228665,229955,Glare III,45713.0,849761,347214,0,94740,925918,3275874,662133
231595,232127,Auto,0.0,849761,347214,0,94740,925918,3275874,662133
231095,232385,Glare III,45713.0,849761,347214,0,94740,925918,3321587,662133
205835,232500,Dia (dot),11326.0,849761,347214,0,94740,937244,3321587,662133
233525,234815,Glare III,45713.0,849761,347214,0,94740,937244,3367300,662133
205835,235500,Dia (dot),11326.0,849761,347214,0,94740,948570,3367300,662133
235035,235567,Auto,0.0,849761,347214,0,94740,948570,3367300,662133
234995,236285,Dia,11049.0,849761,347214,0,105789,948570,3367300,662133
234995,238500,Dia (dot),11326.0,849761,347214,0,105789,959896,3367300,662133
238885,239417,Auto,0.0,849761,347214,0,105789,959896,3367300,662133
238385,239675,Glare III,45713.0,849761,347214,0,105789,959896,3413013,662133
234995,241500,Dia (dot),11326.0,849761,347214,0,105789,971222,3413013,662133
240815,242105,Glare III,45713.0,849761,347214,0,105789,971222,3458726,662133
243745,244277,Auto,0.0,849761,347214,0,105789,971222,3458726,662133
234995,244500,Dia (dot),11326.0,849761,347214,0,105789,982548,3458726,662133
243245,244535,Glare III,45857.0,849761,347214,0,105789,982548,3504583,662133
245675,246965,Glare III,48150.0,849761,347214,0,105789,982548,3552733,662133
234995,247500,Dia (dot),11326.0,849761,347214,0,105789,993874,3552733,662133
248305,248837,Auto,0.0,849761,347214,0,105789,993874,3552733,662133
247805,249095,Glare III,59128.0,849761,347214,0,105789,993874,3611861,662133
249085,249935,Glare IV,108106.0,849761,347214,0,105789,993874,3611861,770239
234995,250500,Dia (dot),11326.0,849761,347214,0,105789,1005200,3611861,770239
251055,251587,Auto,0.0,849761,347214,0,105789,1005200,3611861,770239
251026,251606,Afflatus Misery,236524.0,1086285,347214,0,105789,1005200,3611861,770239
234995,253500,Dia (dot),11326.0,1086285,347214,0,105789,1016526,3611861,770239
252966,253816,Glare IV,108106.0,1086285,347214,0,105789,1016526,3611861,878345
253586,254256,Assize,67575.0,1086285,414789,0,105789,1016526,3611861,878345
253805,254337,Auto,0.0,1086285,414789,0,105789,1016526,3611861,878345
254906,255756,Glare IV,108106.0,1086285,414789,0,105789,1016526,3611861,986451
234995,256500,Dia (dot),11326.0,1086285,414789,0,105789,1027852,3611861,986451
256555,257087,Auto,0.0,1086285,414789,0,105789,1027852,3611861,986451
257506,258796,Glare III,59128.0,1086285,414789,0,105789,1027852,3670989,986451
234995,259500,Dia (dot),11326.0,1086285,414789,0,105789,1039178,3670989,986451
259946,260478,Auto,0.0,1086285,414789,0,105789,1039178,3670989,986451
259446,260736,Glare III,59128.0,1086285,414789,0,105789,1039178,3730117,986451
234995,262500,Dia (dot),11326.0,1086285,414789,0,105789,1050504,3730117,986451
261386,262676,Glare III,59128.0,1086285,414789,0,105789,1050504,3789245,986451
264126,264658,Auto,0.0,1086285,414789,0,105789,1050504,3789245,986451
263626,264916,Glare III,59128.0,1086285,414789,0,105789,1050504,3848373,986451
234995,265500,Dia (dot),11326.0,1086285,414789,0,105789,1061830,3848373,986451
265096,266386,Dia,14291.0,1086285,414789,0,120080,1061830,3848373,986451
265096,268500,Dia (dot),14650.0,1086285,414789,0,120080,1076480,3848373,986451
268986,269518,Auto,0.0,1086285,414789,0,120080,1076480,3848373,986451
268486,269776,Glare III,45857.0,1086285,414789,0,120080,1076480,3894230,986451
265096,271500,Dia (dot),14650.0,1086285,414789,0,120080,1091130,3894230,986451
272426,272958,Auto,0.0,1086285,414789,0,120080,1091130,3894230,986451
265096,274500,Dia (dot),14650.0,1086285,414789,0,120080,1105780,3894230,986451
275866,276398,Auto,0.0,1086285,414789,0,120080,1105780,3894230,986451
265096,277500,Dia (dot),14650.0,1086285,414789,0,120080,1120430,3894230,986451
277246,277826,Afflatus Misery,183437.0,1269722,414789,0,120080,1120430,3894230,986451
279306,279838,Auto,0.0,1269722,414789,0,120080,1120430,3894230,986451
265096,280500,Dia (dot),14650.0,1269722,414789,0,120080,1135080,3894230,986451
280636,281926,Glare III,45857.0,1269722,414789,0,120080,1135080,3940087,986451
265096,283500,Dia (dot),14650.0,1269722,414789,0,120080,1149730,3940087,986451
283566,284098,Auto,0.0,1269722,414789,0,120080,1149730,3940087,986451
283066,284356,Glare III,45857.0,1269722,414789,0,120080,1149730,3985944,986451
265096,286500,Dia (dot),14650.0,1269722,414789,0,120080,1164380,3985944,986451
285497,286787,Glare III,45834.0,1269722,414789,0,120080,1164380,4031778,986451
288427,288959,Auto,0.0,1269722,414789,0,120080,1164380,4031778,986451
287927,289217,Glare III,45834.0,1269722,414789,0,120080,1164380,4077612,986451
265096,289500,Dia (dot),14650.0,1269722,414789,0,120080,1179030,4077612,986451
290357,291647,Glare III,45834.0,1269722,414789,0,120080,1179030,4123446,986451
265096,292500,Dia (dot),14650.0,1269722,414789,0,120080,1193680,4123446,986451
293287,293819,Auto,0.0,1269722,414789,0,120080,1193680,4123446,986451
292787,294077,Glare III,45834.0,1269722,414789,0,120080,1193680,4169280,986451
265096,295500,Dia (dot),14650.0,1269722,414789,0,120080,1208330,4169280,986451
294877,295547,Assize,52382.0,1269722,467171,0,120080,1208330,4169280,986451
294257,295547,Dia,11078.0,1269722,467171,0,131158,1208330,4169280,986451
294257,298500,Dia (dot),11356.0,1269722,467171,0,131158,1219686,4169280,986451
298147,298679,Auto,0.0,1269722,467171,0,131158,1219686,4169280,986451
297647,298937,Glare III,45834.0,1269722,467171,0,131158,1219686,4215114,986451
300077,301367,Glare III,45834.0,1269722,467171,0,131158,1219686,4260948,986451
294257,301500,Dia (dot),11356.0,1269722,467171,0,131158,1231042,4260948,986451
303007,303539,Auto,0.0,1269722,467171,0,131158,1231042,4260948,986451
302507,303797,Glare III,45834.0,1269722,467171,0,131158,1231042,4306782,986451
294257,304500,Dia (dot),11356.0,1269722,467171,0,131158,1242398,4306782,986451
304937,306227,Glare III,45834.0,1269722,467171,0,131158,1242398,4352616,986451
294257,307500,Dia (dot),11356.0,1269722,467171,0,131158,1253754,4352616,986451
307867,308399,Auto,0.0,1269722,467171,0,131158,1253754,4352616,986451
307367,308657,Glare III,45834.0,1269722,467171,0,131158,1253754,4398450,986451
294257,310500,Dia (dot),11356.0,1269722,467171,0,131158,1265110,4398450,986451
309797,311087,Glare III,45834.0,1269722,467171,0,131158,1265110,4444284,986451
312727,313259,Auto,0.0,1269722,467171,0,131158,1265110,4444284,986451
294257,313500,Dia (dot),11356.0,1269722,467171,0,131158,1276466,4444284,986451
312227,313517,Glare III,45834.0,1269722,467171,0,131158,1276466,4490118,986451
314657,315947,Glare III,45834.0,1269722,467171,0,131158,1276466,4535952,986451
294257,316500,Dia (dot),11356.0,1269722,467171,0,131158,1287822,4535952,986451
317587,318119,Auto,0.0,1269722,467171,0,131158,1287822,4535952,986451
317087,318377,Glare III,45834.0,1269722,467171,0,131158,1287822,4581786,986451
294257,319500,Dia (dot),11356.0,1269722,467171,0,131158,1299178,4581786,986451
319517,320807,Glare III,45834.0,1269722,467171,0,131158,1299178,4627620,986451
294257,322500,Dia (dot),11356.0,1269722,467171,0,131158,1310534,4627620,986451
322447,322979,Auto,0.0,1269722,467171,0,131158,1310534,4627620,986451
321947,323237,Glare III,45834.0,1269722,467171,0,131158,1310534,4673454,986451
323417,324707,Dia,11049.0,1269722,467171,0,142207,1310534,4673454,986451
323417,325500,Dia (dot),11326.0,1269722,467171,0,142207,1321860,4673454,986451
327307,327839,Auto,0.0,1269722,467171,0,142207,1321860,4673454,986451
326807,328097,Glare III,45713.0,1269722,467171,0,142207,1321860,4719167,986451
323417,328500,Dia (dot),11326.0,1269722,467171,0,142207,1333186,4719167,986451
329237,330527,Glare III,45713.0,1269722,467171,0,142207,1333186,4764880,986451
330747,331279,Auto,0.0,1269722,467171,0,142207,1333186,4764880,986451
323417,331500,Dia (dot),11326.0,1269722,467171,0,142207,1344512,4764880,986451
323417,334500,Dia (dot),11326.0,1269722,467171,0,142207,1355838,4764880,986451
334597,335129,Auto,0.0,1269722,467171,0,142207,1355838,4764880,986451
334097,335387,Glare III,45713.0,1269722,467171,0,142207,1355838,4810593,986451
334877,335547,Assize,52244.0,1269722,519415,0,142207,1355838,4810593,986451
323417,337500,Dia (dot),11326.0,1269722,519415,0,142207,1367164,4810593,986451
336527,337817,Glare III,45713.0,1269722,519415,0,142207,1367164,4856306,986451
339457,339989,Auto,0.0,1269722,519415,0,142207,1367164,4856306,986451
338957,340247,Glare III,45713.0,1269722,519415,0,142207,1367164,4902019,986451
323417,340500,Dia (dot),11326.0,1269722,519415,0,142207,1378490,4902019,986451
341388,342678,Glare III,45713.0,1269722,519415,0,142207,1378490,4947732,986451
323417,343500,Dia (dot),11326.0,1269722,519415,0,142207,1389816,4947732,986451
344318,344850,Auto,0.0,1269722,519415,0,142207,1389816,4947732,986451
343818,345108,Glare III,45713.0,1269722,519415,0,142207,1389816,4993445,986451
323417,346500,Dia (dot),11326.0,1269722,519415,0,142207,1401142,4993445,986451
346248,347538,Glare III,45713.0,1269722,519415,0,142207,1401142,5039158,986451
323417,349500,Dia (dot),11326.0,1269722,519415,0,142207,1412468,5039158,986451
349178,349710,Auto,0.0,1269722,519415,0,142207,1412468,5039158,986451
348678,349968,Glare III,45713.0,1269722,519415,0,142207,1412468,5084871,986451
323417,352500,Dia (dot),11326.0,1269722,519415,0,142207,1423794,5084871,986451
352618,353150,Auto,0.0,1269722,519415,0,142207,1423794,5084871,986451
355008,356298,Dia,11960.0,1269722,519415,0,154167,1423794,5084871,986451
356058,356590,Auto,0.0,1269722,519415,0,154167,1423794,5084871,986451
355008,358500,Dia (dot),12261.0,1269722,519415,0,154167,1436055,5084871,986451
358398,359688,Glare III,49481.0,1269722,519415,0,154167,1436055,5134352,986451
359498,360030,Auto,0.0,1269722,519415,0,154167,1436055,5134352,986451
355008,361500,Dia (dot),12261.0,1269722,519415,0,154167,1448316,5134352,986451
360828,362118,Glare III,49481.0,1269722,519415,0,154167,1448316,5183833,986451
363758,364290,Auto,0.0,1269722,519415,0,154167,1448316,5183833,986451
355008,364500,Dia (dot),12261.0,1269722,519415,0,154167,1460577,5183833,986451
363258,364548,Glare III,49638.0,1269722,519415,0,154167,1460577,5233471,986451
365688,366978,Glare III,49638.0,1269722,519415,0,154167,1460577,5283109,986451
355008,367500,Dia (dot),12261.0,1269722,519415,0,154167,1472838,5283109,986451
368318,368850,Auto,0.0,1269722,519415,0,154167,1472838,5283109,986451
367818,369108,Glare III,64003.0,1269722,519415,0,154167,1472838,5347112,986451
369098,369948,Glare IV,117020.0,1269722,519415,0,154167,1472838,5347112,1103471
355008,370500,Dia (dot),12261.0,1269722,519415,0,154167,1485099,5347112,1103471
371068,371600,Auto,0.0,1269722,519415,0,154167,1485099,5347112,1103471
371038,371888,Glare IV,117020.0,1269722,519415,0,154167,1485099,5347112,1220491
355008,373500,Dia (dot),12261.0,1269722,519415,0,154167,1497360,5347112,1220491
372978,373828,Glare IV,117020.0,1269722,519415,0,154167,1497360,5347112,1337511
373818,374350,Auto,0.0,1269722,519415,0,154167,1497360,5347112,1337511
374918,375498,Afflatus Misery,256025.0,1525747,519415,0,154167,1497360,5347112,1337511
375538,376208,Assize,73147.0,1525747,592562,0,154167,1497360,5347112,1337511
355008,376500,Dia (dot),12261.0,1525747,592562,0,154167,1509621,5347112,1337511
376568,377100,Auto,0.0,1525747,592562,0,154167,1509621,5347112,1337511
377518,378808,Glare III,64003.0,1525747,592562,0,154167,1509621,5411115,1337511
355008,379500,Dia (dot),12261.0,1525747,592562,0,154167,1521882,5411115,1337511
379959,380491,Auto,0.0,1525747,592562,0,154167,1521882,5411115,1337511
379459,380749,Glare III,64003.0,1525747,592562,0,154167,1521882,5475118,1337511
355008,382500,Dia (dot),12261.0,1525747,592562,0,154167,1534143,5475118,1337511
381399,382689,Glare III,64003.0,1525747,592562,0,154167,1534143,5539121,1337511
382709,383241,Auto,0.0,1525747,592562,0,154167,1534143,5539121,1337511
382679,383969,Dia,15470.0,1525747,592562,0,169637,1534143,5539121,1337511
382679,385500,Dia (dot),15859.0,1525747,592562,0,169637,1550002,5539121,1337511
386569,387101,Auto,0.0,1525747,592562,0,169637,1550002,5539121,1337511
386069,387359,Glare III,53591.0,1525747,592562,0,169637,1550002,5592712,1337511
382679,388500,Dia (dot),15859.0,1525747,592562,0,169637,1565861,5592712,1337511
390009,390541,Auto,0.0,1525747,592562,0,169637,1565861,5592712,1337511
382679,391500,Dia (dot),15859.0,1525747,592562,0,169637,1581720,5592712,1337511
393449,393981,Auto,0.0,1525747,592562,0,169637,1581720,5592712,1337511
382679,394500,Dia (dot),15859.0,1525747,592562,0,169637,1597579,5592712,1337511
394829,395409,Afflatus Misery,183437.0,1709184,592562,0,169637,1597579,5592712,1337511
396889,397421,Auto,0.0,1709184,592562,0,169637,1597579,5592712,1337511
382679,397500,Dia (dot),15859.0,1709184,592562,0,169637,1613438,5592712,1337511
398219,399509,Glare III,45857.0,1709184,592562,0,169637,1613438,5638569,1337511
382679,400500,Dia (dot),15859.0,1709184,592562,0,169637,1629297,5638569,1337511
401149,401681,Auto,0.0,1709184,592562,0,169637,1629297,5638569,1337511
400649,401939,Glare III,45857.0,1709184,592562,0,169637,1629297,5684426,1337511
382679,403500,Dia (dot),15859.0,1709184,592562,0,169637,1645156,5684426,1337511
403079,404369,Glare III,45857.0,1709184,592562,0,169637,1645156,5730283,1337511
382679,406500,Dia (dot),15859.0,1709184,592562,0,169637,1661015,5730283,1337511
406009,406541,Auto,0.0,1709184,592562,0,169637,1661015,5730283,1337511
405509,406799,Glare III,45834.0,1709184,592562,0,169637,1661015,5776117,1337511
407939,409229,Glare III,45834.0,1709184,592562,0,169637,1661015,5821951,1337511
382679,409500,Dia (dot),15859.0,1709184,592562,0,169637,1676874,5821951,1337511
410869,411401,Auto,0.0,1709184,592562,0,169637,1676874,5821951,1337511
410369,411659,Glare III,45834.0,1709184,592562,0,169637,1676874,5867785,1337511
382679,412500,Dia (dot),15859.0,1709184,592562,0,169637,1692733,5867785,1337511
412799,414089,Glare III,45834.0,1709184,592562,0,169637,1692733,5913619,1337511
414309,414841,Auto,0.0,1709184,592562,0,169637,1692733,5913619,1337511
414269,415559,Dia,11078.0,1709184,592562,0,180715,1692733,5913619,1337511
415538,416208,Assize,52382.0,1709184,644944,0,180715,1692733,5913619,1337511
414269,418500,Dia (dot),11356.0,1709184,644944,0,180715,1704089,5913619,1337511
418159,418691,Auto,0.0,1709184,644944,0,180715,1704089,5913619,1337511
417659,418949,Glare III,45834.0,1709184,644944,0,180715,1704089,5959453,1337511
420089,421379,Glare III,45834.0,1709184,644944,0,180715,1704089,6005287,1337511
414269,421500,Dia (dot),11356.0,1709184,644944,0,180715,1715445,6005287,1337511
423019,423551,Auto,0.0,1709184,644944,0,180715,1715445,6005287,1337511
422519,423809,Glare III,45834.0,1709184,644944,0,180715,1715445,6051121,1337511
414269,424500,Dia (dot),11356.0,1709184,644944,0,180715,1726801,6051121,1337511
424949,426239,Glare III,45834.0,1709184,644944,0,180715,1726801,6096955,1337511
414269,427500,Dia (dot),11356.0,1709184,644944,0,180715,1738157,6096955,1337511
427880,428412,Auto,0.0,1709184,644944,0,180715,1738157,6096955,1337511
427380,428670,Glare III,45834.0,1709184,644944,0,180715,1738157,6142789,1337511
414269,430500,Dia (dot),11356.0,1709184,644944,0,180715,1749513,6142789,1337511
429810,431100,Glare III,45834.0,1709184,644944,0,180715,1749513,6188623,1337511
432740,433272,Auto,0.0,1709184,644944,0,180715,1749513,6188623,1337511
414269,433500,Dia (dot),11356.0,1709184,644944,0,180715,1760869,6188623,1337511
432240,433530,Glare III,45834.0,1709184,644944,0,180715,1760869,6234457,1337511
434670,435960,Glare III,45834.0,1709184,644944,0,180715,1760869,6280291,1337511
414269,436500,Dia (dot),11356.0,1709184,644944,0,180715,1772225,6280291,1337511
437600,438132,Auto,0.0,1709184,644944,0,180715,1772225,6280291,1337511
437100,438390,Glare III,45834.0,1709184,644944,0,180715,1772225,6326125,1337511
414269,439500,Dia (dot),11356.0,1709184,644944,0,180715,1783581,6326125,1337511
439530,440820,Glare III,45834.0,1709184,644944,0,180715,1783581,6371959,1337511
414269,442500,Dia (dot),11356.0,1709184,644944,0,180715,1794937,6371959,1337511
442460,442992,Auto,0.0,1709184,644944,0,180715,1794937,6371959,1337511
441960,443250,Glare III,45834.0,1709184,644944,0,180715,1794937,6417793,1337511
414269,445500,Dia (dot),11356.0,1709184,644944,0,180715,1806293,6417793,1337511
444390,445680,Glare III,45713.0,1709184,644944,0,180715,1806293,6463506,1337511
445900,446432,Auto,0.0,1709184,644944,0,180715,1806293,6463506,1337511
445860,447150,Dia,11049.0,1709184,644944,0,191764,1806293,6463506,1337511
445860,448500,Dia (dot),11326.0,1709184,644944,0,191764,1817619,6463506,1337511
449340,449872,Auto,0.0,1709184,644944,0,191764,1817619,6463506,1337511
445860,451500,Dia (dot),11326.0,1709184,644944,0,191764,1828945,6463506,1337511
452780,453312,Auto,0.0,1709184,644944,0,191764,1828945,6463506,1337511
445860,454500,Dia (dot),11326.0,1709184,644944,0,191764,1840271,6463506,1337511
454110,455400,Glare III,45713.0,1709184,644944,0,191764,1840271,6509219,1337511
456220,456752,Auto,0.0,1709184,644944,0,191764,1840271,6509219,1337511
456200,456870,Assize,52244.0,1709184,697188,0,191764,1840271,6509219,1337511
445860,457500,Dia (dot),11326.0,1709184,697188,0,191764,1851597,6509219,1337511
459660,460192,Auto,0.0,1709184,697188,0,191764,1851597,6509219,1337511
458970,460260,Glare III,45713.0,1709184,697188,0,191764,1851597,6554932,1337511
445860,460500,Dia (dot),11326.0,1709184,697188,0,191764,1862923,6554932,1337511
461400,462690,Glare III,45713.0,1709184,697188,0,191764,1862923,6600645,1337511
445860,463500,Dia (dot),11326.0,1709184,697188,0,191764,1874249,6600645,1337511
464330,464862,Auto,0.0,1709184,697188,0,191764,1874249,6600645,1337511
463830,465120,Glare III,45713.0,1709184,697188,0,191764,1874249,6646358,1337511
445860,466500,Dia (dot),11326.0,1709184,697188,0,191764,1885575,6646358,1337511
466260,467550,Glare III,45713.0,1709184,697188,0,191764,1885575,6692071,1337511
445860,469500,Dia (dot),11326.0,1709184,697188,0,191764,1896901,6692071,1337511
469190,469722,Auto,0.0,1709184,697188,0,191764,1896901,6692071,1337511
468690,469980,Glare III,45713.0,1709184,697188,0,191764,1896901,6737784,1337511
471120,472410,Glare III,45713.0,1709184,697188,0,191764,1896901,6783497,1337511
445860,472500,Dia (dot),11326.0,1709184,697188,0,191764,1908227,6783497,1337511
474050,474582,Auto,0.0,1709184,697188,0,191764,1908227,6783497,1337511
473550,474840,Glare III,45713.0,1709184,697188,0,191764,1908227,6829210,1337511
445860,475500,Dia (dot),11326.0,1709184,697188,0,191764,1919553,6829210,1337511
475020,476310,Dia,11049.0,1709184,697188,0,202813,1919553,6829210,1337511
475020,478500,Dia (dot),11326.0,1709184,697188,0,202813,1930879,6829210,1337511
478910,479442,Auto,0.0,1709184,697188,0,202813,1930879,6829210,1337511
478410,479700,Glare III,45713.0,1709184,697188,0,202813,1930879,6874923,1337511
475020,481500,Dia (dot),11326.0,1709184,697188,0,202813,1942205,6874923,1337511
480840,482130,Glare III,45713.0,1709184,697188,0,202813,1942205,6920636,1337511
483770,484302,Auto,0.0,1709184,697188,0,202813,1942205,6920636,1337511
475020,484500,Dia (dot),11326.0,1709184,697188,0,202813,1953531,6920636,1337511
483270,484560,Glare III,45857.0,1709184,697188,0,202813,1953531,6966493,1337511
485701,486991,Glare III,45857.0,1709184,697188,0,202813,1953531,7012350,1337511
475020,487500,Dia (dot),11326.0,1709184,697188,0,202813,1964857,7012350,1337511
488331,488863,Auto,0.0,1709184,697188,0,202813,1964857,7012350,1337511
487831,489121,Glare III,59128.0,1709184,697188,0,202813,1964857,7071478,1337511
489111,489961,Glare IV,108106.0,1709184,697188,0,202813,1964857,7071478,1445617
475020,490500,Dia (dot),11326.0,1709184,697188,0,202813,1976183,7071478,1445617
491081,491613,Auto,0.0,1709184,697188,0,202813,1976183,7071478,1445617
491051,491901,Glare IV,108106.0,1709184,697188,0,202813,1976183,7071478,1553723
475020,493500,Dia (dot),11326.0,1709184,697188,0,202813,1987509,7071478,1553723
492991,493841,Glare IV,108106.0,1709184,697188,0,202813,1987509,7071478,1661829
493831,494363,Auto,0.0,1709184,697188,0,202813,1987509,7071478,1661829
475020,496500,Dia (dot),11326.0,1709184,697188,0,202813,1998835,7071478,1661829
496200,496870,Assize,67575.0,1709184,764763,0,202813,1998835,7071478,1661829
495591,496881,Glare III,59128.0,1709184,764763,0,202813,1998835,7130606,1661829
496581,497113,Auto,0.0,1709184,764763,0,202813,1998835,7130606,1661829
496871,497451,Afflatus Misery,236524.0,1945708,764763,0,202813,1998835,7130606,1661829
475020,499500,Dia (dot),11326.0,1945708,764763,0,202813,2010161,7130606,1661829
499971,500503,Auto,0.0,1945708,764763,0,202813,2010161,7130606,1661829
499471,500761,Glare III,59128.0,1945708,764763,0,202813,2010161,7189734,1661829
475020,502500,Dia (dot),11326.0,1945708,764763,0,202813,2021487,7189734,1661829
501411,502701,Glare III,59128.0,1945708,764763,0,202813,2021487,7248862,1661829
504151,504683,Auto,0.0,1945708,764763,0,202813,2021487,7248862,1661829
503651,504941,Glare III,59128.0,1945708,764763,0,202813,2021487,7307990,1661829
475020,505500,Dia (dot),11326.0,1945708,764763,0,202813,2032813,7307990,1661829
505121,506411,Dia,14291.0,1945708,764763,0,217104,2032813,7307990,1661829
505121,508500,Dia (dot),14650.0,1945708,764763,0,217104,2047463,7307990,1661829
509011,509543,Auto,0.0,1945708,764763,0,217104,2047463,7307990,1661829
508511,509801,Glare III,45857.0,1945708,764763,0,217104,2047463,7353847,1661829
505121,511500,Dia (dot),14650.0,1945708,764763,0,217104,2062113,7353847,1661829
512451,512983,Auto,0.0,1945708,764763,0,217104,2062113,7353847,1661829
505121,514500,Dia (dot),14650.0,1945708,764763,0,217104,2076763,7353847,1661829
515891,516423,Auto,0.0,1945708,764763,0,217104,2076763,7353847,1661829
505121,517500,Dia (dot),14650.0,1945708,764763,0,217104,2091413,7353847,1661829
517272,517852,Afflatus Misery,183437.0,2129145,764763,0,217104,2091413,7353847,1661829
519331,519863,Auto,0.0,2129145,764763,0,217104,2091413,7353847,1661829
505121,520500,Dia (dot),14650.0,2129145,764763,0,217104,2106063,7353847,1661829
520662,521952,Glare III,45857.0,2129145,764763,0,217104,2106063,7399704,1661829
505121,523500,Dia (dot),14650.0,2129145,764763,0,217104,2120713,7399704,1661829
523591,524123,Auto,0.0,2129145,764763,0,217104,2120713,7399704,1661829
523091,524381,Glare III,45857.0,2129145,764763,0,217104,2120713,7445561,1661829
505121,526500,Dia (dot),14650.0,2129145,764763,0,217104,2135363,7445561,1661829
525522,526812,Glare III,45834.0,2129145,764763,0,217104,2135363,7491395,1661829
528452,528984,Auto,0.0,2129145,764763,0,217104,2135363,7491395,1661829
527952,529242,Glare III,45834.0,2129145,764763,0,217104,2135363,7537229,1661829
505121,529500,Dia (dot),14650.0,2129145,764763,0,217104,2150013,7537229,1661829
530382,531672,Glare III,45834.0,2129145,764763,0,217104,2150013,7583063,1661829
505121,532500,Dia (dot),14650.0,2129145,764763,0,217104,2164663,7583063,1661829
533312,533844,Auto,0.0,2129145,764763,0,217104,2164663,7583063,1661829
532812,534102,Glare III,45834.0,2129145,764763,0,217104,2164663,7628897,1661829
505121,535500,Dia (dot),14650.0,2129145,764763,0,217104,2179313,7628897,1661829
535242,536532,Glare III,45834.0,2129145,764763,0,217104,2179313,7674731,1661829
536752,537284,Auto,0.0,2129145,764763,0,217104,2179313,7674731,1661829
537332,538002,Assize,52382.0,2129145,817145,0,217104,2179313,7674731,1661829
536712,538002,Dia,11078.0,2129145,817145,0,228182,2179313,7674731,1661829
536712,538500,Dia (dot),11356.0,2129145,817145,0,228182,2190669,7674731,1661829
540602,541134,Auto,0.0,2129145,817145,0,228182,2190669,7674731,1661829
540102,541392,Glare III,45834.0,2129145,817145,0,228182,2190669,7720565,1661829
536712,541500,Dia (dot),11356.0,2129145,817145,0,228182,2202025,7720565,1661829
542532,543822,Glare III,45834.0,2129145,817145,0,228182,2202025,7766399,1661829
536712,544500,Dia (dot),11356.0,2129145,817145,0,228182,2213381,7766399,1661829
545462,545994,Auto,0.0,2129145,817145,0,228182,2213381,7766399,1661829
544962,546252,Glare III,45834.0,2129145,817145,0,228182,2213381,7812233,1661829
536712,547500,Dia (dot),11356.0,2129145,817145,0,228182,2224737,7812233,1661829
547392,548682,Glare III,45834.0,2129145,817145,0,228182,2224737,7858067,1661829
536712,550500,Dia (dot),11356.0,2129145,817145,0,228182,2236093,7858067,1661829
550322,550854,Auto,0.0,2129145,817145,0,228182,2236093,7858067,1661829
549822,551112,Glare III,45834.0,2129145,817145,0,228182,2236093,7903901,1661829
536712,553500,Dia (dot),11356.0,2129145,817145,0,228182,2247449,7903901,1661829
552252,553542,Glare III,45834.0,2129145,817145,0,228182,2247449,7949735,1661829
555182,555714,Auto,0.0,2129145,817145,0,228182,2247449,7949735,1661829
554682,555972,Glare III,45834.0,2129145,817145,0,228182,2247449,7995569,1661829
536712,556500,Dia (dot),11356.0,2129145,817145,0,228182,2258805,7995569,1661829
557112,558402,Glare III,45834.0,2129145,817145,0,228182,2258805,8041403,1661829
536712,559500,Dia (dot),11356.0,2129145,817145,0,228182,2270161,8041403,1661829
560042,560574,Auto,0.0,2129145,817145,0,228182,2270161,8041403,1661829
559542,560832,Glare III,45834.0,2129145,817145,0,228182,2270161,8087237,1661829
536712,562500,Dia (dot),11356.0,2129145,817145,0,228182,2281517,8087237,1661829
561972,563262,Glare III,45834.0,2129145,817145,0,228182,2281517,8133071,1661829
564902,565434,Auto,0.0,2129145,817145,0,228182,2281517,8133071,1661829
536712,565500,Dia (dot),11356.0,2129145,817145,0,228182,2292873,8133071,1661829
564402,565692,Glare III,45713.0,2129145,817145,0,228182,2292873,8178784,1661829
565872,567162,Dia,11049.0,2129145,817145,0,239231,2292873,8178784,1661829
565872,568500,Dia (dot),11326.0,2129145,817145,0,239231,2304199,8178784,1661829
569762,570294,Auto,0.0,2129145,817145,0,239231,2304199,8178784,1661829
569262,570552,Glare III,45713.0,2129145,817145,0,239231,2304199,8224497,1661829
565872,571500,Dia (dot),11326.0,2129145,817145,0,239231,2315525,8224497,1661829
573202,573734,Auto,0.0,2129145,817145,0,239231,2315525,8224497,1661829
565872,574500,Dia (dot),11326.0,2129145,817145,0,239231,2326851,8224497,1661829
576642,577174,Auto,0.0,2129145,817145,0,239231,2326851,8224497,1661829
565872,577500,Dia (dot),11326.0,2129145,817145,0,239231,2338177,8224497,1661829
577332,578002,Assize,52244.0,2129145,869389,0,239231,2338177,8224497,1661829
578983,580273,Glare III,45713.0,2129145,869389,0,239231,2338177,8270210,1661829
565872,580500,Dia (dot),11326.0,2129145,869389,0,239231,2349503,8270210,1661829
580082,580614,Auto,0.0,2129145,869389,0,239231,2349503,8270210,1661829
581413,582703,Glare III,45713.0,2129145,869389,0,239231,2349503,8315923,1661829
565872,583500,Dia (dot),11326.0,2129145,869389,0,239231,2360829,8315923,1661829
584343,584875,Auto,0.0,2129145,869389,0,239231,2360829,8315923,1661829
583843,585133,Glare III,45713.0,2129145,869389,0,239231,2360829,8361636,1661829
565872,586500,Dia (dot),11326.0,2129145,869389,0,239231,2372155,8361636,1661829
586273,587563,Glare III,45713.0,2129145,869389,0,239231,2372155,8407349,1661829
565872,589500,Dia (dot),11326.0,2129145,869389,0,239231,2383481,8407349,1661829
589203,589735,Auto,0.0,2129145,869389,0,239231,2383481,8407349,1661829
588703,589993,Glare III,45713.0,2129145,869389,0,239231,2383481,8453062,1661829
591133,592423,Glare III,45713.0,2129145,869389,0,239231,2383481,8498775,1661829
565872,592500,Dia (dot),11326.0,2129145,869389,0,239231,2394807,8498775,1661829
594063,594595,Auto,0.0,2129145,869389,0,239231,2394807,8498775,1661829
593563,594853,Glare III,45713.0,2129145,869389,0,239231,2394807,8544488,1661829
565872,595500,Dia (dot),11326.0,2129145,869389,0,239231,2406133,8544488,1661829
595033,596323,Dia,11049.0,2129145,869389,0,250280,2406133,8544488,1661829
595033,598500,Dia (dot),11326.0,2129145,869389,0,250280,2417459,8544488,1661829
598923,599455,Auto,0.0,2129145,869389,0,250280,2417459,8544488,1661829
598423,599713,Glare III,45713.0,2129145,869389,0,250280,2417459,8590201,1661829
595033,601500,Dia (dot),11326.0,2129145,869389,0,250280,2428785,8590201,1661829
600853,602143,Glare III,45713.0,2129145,869389,0,250280,2428785,8635914,1661829
603783,604315,Auto,0.0,2129145,869389,0,250280,2428785,8635914,1661829
595033,604500,Dia (dot),11326.0,2129145,869389,0,250280,2440111,8635914,1661829
603283,604573,Glare III,45857.0,2129145,869389,0,250280,2440111,8681771,1661829
605713,607003,Glare III,45857.0,2129145,869389,0,250280,2440111,8727628,1661829
595033,607500,Dia (dot),11326.0,2129145,869389,0,250280,2451437,8727628,1661829
608343,608875,Auto,0.0,2129145,869389,0,250280,2451437,8727628,1661829
607843,609133,Glare III,59128.0,2129145,869389,0,250280,2451437,8786756,1661829
609123,609973,Glare IV,108106.0,2129145,869389,0,250280,2451437,8786756,1769935
595033,610500,Dia (dot),11326.0,2129145,869389,0,250280,2462763,8786756,1769935
611093,611625,Auto,0.0,2129145,869389,0,250280,2462763,8786756,1769935
611063,611913,Glare IV,108106.0,2129145,869389,0,250280,2462763,8786756,1878041
595033,613500,Dia (dot),11326.0,2129145,869389,0,250280,2474089,8786756,1878041
613003,613853,Glare IV,108106.0,2129145,869389,0,250280,2474089,8786756,1986147
613843,614375,Auto,0.0,2129145,869389,0,250280,2474089,8786756,1986147
595033,616500,Dia (dot),11326.0,2129145,869389,0,250280,2485415,8786756,1986147
615604,616894,Glare III,59128.0,2129145,869389,0,250280,2485415,8845884,1986147
616593,617125,Auto,0.0,2129145,869389,0,250280,2485415,8845884,1986147
616884,617464,Afflatus Misery,236524.0,2365669,869389,0,250280,2485415,8845884,1986147
617504,618174,Assize,67575.0,2365669,936964,0,250280,2485415,8845884,1986147
595033,619500,Dia (dot),11326.0,2365669,936964,0,250280,2496741,8845884,1986147
619984,620516,Auto,0.0,2365669,936964,0,250280,2496741,8845884,1986147
619484,620774,Glare III,59128.0,2365669,936964,0,250280,2496741,8905012,1986147
595033,622500,Dia (dot),11326.0,2365669,936964,0,250280,2508067,8905012,1986147
621424,622714,Glare III,59128.0,2365669,936964,0,250280,2508067,8964140,1986147
624164,624696,Auto,0.0,2365669,936964,0,250280,2508067,8964140,1986147
623664,624954,Glare III,59128.0,2365669,936964,0,250280,2508067,9023268,1986147
595033,625500,Dia (dot),11326.0,2365669,936964,0,250280,2519393,9023268,1986147
625134,626424,Dia,14291.0,2365669,936964,0,264571,2519393,9023268,1986147
625134,628500,Dia (dot),14650.0,2365669,936964,0,264571,2534043,9023268,1986147
629024,629556,Auto,0.0,2365669,936964,0,264571,2534043,9023268,1986147
628524,629814,Glare III,45857.0,2365669,936964,0,264571,2534043,9069125,1986147
625134,631500,Dia (dot),14650.0,2365669,936964,0,264571,2548693,9069125,1986147
630954,632244,Glare III,45857.0,2365669,936964,0,264571,2548693,9114982,1986147
633884,634416,Auto,0.0,2365669,936964,0,264571,2548693,9114982,1986147
625134,634500,Dia (dot),14650.0,2365669,936964,0,264571,2563343,9114982,1986147
633384,634674,Glare III,45857.0,2365669,936964,0,264571,2563343,9160839,1986147
635814,637104,Glare III,45857.0,2365669,936964,0,264571,2563343,9206696,1986147
625134,637500,Dia (dot),14650.0,2365669,936964,0,264571,2577993,9206696,1986147
638744,639276,Auto,0.0,2365669,936964,0,264571,2577993,9206696,1986147
638244,639534,Glare III,45857.0,2365669,936964,0,264571,2577993,9252553,1986147
625134,640500,Dia (dot),14650.0,2365669,936964,0,264571,2592643,9252553,1986147
640674,641964,Glare III,45857.0,2365669,936964,0,264571,2592643,9298410,1986147
625134,643500,Dia (dot),14650.0,2365669,936964,0,264571,2607293,9298410,1986147
643604,644136,Auto,0.0,2365669,936964,0,264571,2607293,9298410,1986147
643104,644394,Glare III,45857.0,2365669,936964,0,264571,2607293,9344267,1986147
625134,646500,Dia (dot),14650.0,2365669,936964,0,264571,2621943,9344267,1986147
645534,646824,Glare III,45857.0,2365669,936964,0,264571,2621943,9390124,1986147
648464,648996,Auto,0.0,2365669,936964,0,264571,2621943,9390124,1986147
647964,649254,Glare III,45834.0,2365669,936964,0,264571,2621943,9435958,1986147
625134,649500,Dia (dot),14650.0,2365669,936964,0,264571,2636593,9435958,1986147
650394,651684,Glare III,45834.0,2365669,936964,0,264571,2636593,9481792,1986147
651904,652436,Auto,0.0,2365669,936964,0,264571,2636593,9481792,1986147
625134,652500,Dia (dot),14650.0,2365669,936964,0,264571,2651243,9481792,1986147
625134,655500,Dia (dot),14650.0,2365669,936964,0,264571,2665893,9481792,1986147
655344,655876,Auto,0.0,2365669,936964,0,264571,2665893,9481792,1986147
656725,658015,Dia,11078.0,2365669,936964,0,275649,2665893,9481792,1986147
657504,658174,Assize,52382.0,2365669,989346,0,275649,2665893,9481792,1986147
656725,658500,Dia (dot),11356.0,2365669,989346,0,275649,2677249,9481792,1986147
658784,659316,Auto,0.0,2365669,989346,0,275649,2677249,9481792,1986147
656725,661500,Dia (dot),11356.0,2365669,989346,0,275649,2688605,9481792,1986147
661585,662165,Afflatus Misery,183345.0,2549014,989346,0,275649,2688605,9481792,1986147
662224,662756,Auto,0.0,2549014,989346,0,275649,2688605,9481792,1986147
656725,664500,Dia (dot),11356.0,2549014,989346,0,275649,2699961,9481792,1986147
665664,666196,Auto,0.0,2549014,989346,0,275649,2699961,9481792,1986147
664975,666265,Glare III,45834.0,2549014,989346,0,275649,2699961,9527626,1986147
656725,667500,Dia (dot),11356.0,2549014,989346,0,275649,2711317,9527626,1986147
667405,668695,Glare III,45834.0,2549014,989346,0,275649,2711317,9573460,1986147
656725,670500,Dia (dot),11356.0,2549014,989346,0,275649,2722673,9573460,1986147
670335,670867,Auto,0.0,2549014,989346,0,275649,2722673,9573460,1986147
669835,671125,Glare III,45834.0,2549014,989346,0,275649,2722673,9619294,1986147
656725,673500,Dia (dot),11356.0,2549014,989346,0,275649,2734029,9619294,1986147
672265,673555,Glare III,45834.0,2549014,989346,0,275649,2734029,9665128,1986147
675195,675727,Auto,0.0,2549014,989346,0,275649,2734029,9665128,1986147
674695,675985,Glare III,45834.0,2549014,989346,0,275649,2734029,9710962,1986147
656725,676500,Dia (dot),11356.0,2549014,989346,0,275649,2745385,9710962,1986147
677125,678415,Glare III,45834.0,2549014,989346,0,275649,2745385,9756796,1986147
656725,679500,Dia (dot),11356.0,2549014,989346,0,275649,2756741,9756796,1986147
680055,680587,Auto,0.0,2549014,989346,0,275649,2756741,9756796,1986147
679555,680845,Glare III,45834.0,2549014,989346,0,275649,2756741,9802630,1986147
656725,682500,Dia (dot),11356.0,2549014,989346,0,275649,2768097,9802630,1986147
681985,683275,Glare III,45834.0,2549014,989346,0,275649,2768097,9848464,1986147
684915,685447,Auto,0.0,2549014,989346,0,275649,2768097,9848464,1986147
656725,685500,Dia (dot),11356.0,2549014,989346,0,275649,2779453,9848464,1986147
684415,685705,Glare III,45713.0,2549014,989346,0,275649,2779453,9894177,1986147
685885,687175,Dia,11049.0,2549014,989346,0,286698,2779453,9894177,1986147
685885,688500,Dia (dot),11326.0,2549014,989346,0,286698,2790779,9894177,1986147
689775,690307,Auto,0.0,2549014,989346,0,286698,2790779,9894177,1986147
689275,690565,Glare III,45713.0,2549014,989346,0,286698,2790779,9939890,1986147
685885,691500,Dia (dot),11326.0,2549014,989346,0,286698,2802105,9939890,1986147
691705,692995,Glare III,45713.0,2549014,989346,0,286698,2802105,9985603,1986147
685885,694500,Dia (dot),11326.0,2549014,989346,0,286698,2813431,9985603,1986147
694635,695167,Auto,0.0,2549014,989346,0,286698,2813431,9985603,1986147
694135,695425,Glare III,45713.0,2549014,989346,0,286698,2813431,10031316,1986147
685885,697500,Dia (dot),11326.0,2549014,989346,0,286698,2824757,10031316,1986147
696565,697855,Glare III,45713.0,2549014,989346,0,286698,2824757,10077029,1986147
699495,700027,Auto,0.0,2549014,989346,0,286698,2824757,10077029,1986147
699597,700267,Assize,52244.0,2549014,1041590,0,286698,2824757,10077029,1986147
698995,700285,Glare III,45713.0,2549014,1041590,0,286698,2824757,10122742,1986147
685885,700500,Dia (dot),11326.0,2549014,1041590,0,286698,2836083,10122742,1986147
701425,702715,Glare III,45713.0,2549014,1041590,0,286698,2836083,10168455,1986147
685885,703500,Dia (dot),11326.0,2549014,1041590,0,286698,2847409,10168455,1986147
704355,704887,Auto,0.0,2549014,1041590,0,286698,2847409,10168455,1986147
703855,705145,Glare III,45713.0,2549014,1041590,0,286698,2847409,10214168,1986147
685885,706500,Dia (dot),11326.0,2549014,1041590,0,286698,2858735,10214168,1986147
707795,708327,Auto,0.0,2549014,1041590,0,286698,2858735,10214168,1986147
685885,709500,Dia (dot),11326.0,2549014,1041590,0,286698,2870061,10214168,1986147
711645,712177,Auto,0.0,2549014,1041590,0,286698,2870061,10214168,1986147
711145,712435,Glare III,45713.0,2549014,1041590,0,286698,2870061,10259881,1986147
685885,712500,Dia (dot),11326.0,2549014,1041590,0,286698,2881387,10259881,1986147
685885,715500,Dia (dot),11326.0,2549014,1041590,0,286698,2892713,10259881,1986147
716506,717038,Auto,0.0,2549014,1041590,0,286698,2892713,10259881,1986147
716006,717296,Glare III,45713.0,2549014,1041590,0,286698,2892713,10305594,1986147
717476,718766,Dia,11960.0,2549014,1041590,0,298658,2892713,10305594,1986147
717476,721500,Dia (dot),12261.0,2549014,1041590,0,298658,2904974,10305594,1986147
721366,721898,Auto,0.0,2549014,1041590,0,298658,2904974,10305594,1986147
720866,722156,Glare III,49481.0,2549014,1041590,0,298658,2904974,10355075,1986147
717476,724500,Dia (dot),12261.0,2549014,1041590,0,298658,2917235,10355075,1986147
723296,724586,Glare III,49638.0,2549014,1041590,0,298658,2917235,10404713,1986147
726226,726758,Auto,0.0,2549014,1041590,0,298658,2917235,10404713,1986147
725726,727016,Glare III,49638.0,2549014,1041590,0,298658,2917235,10454351,1986147
717476,727500,Dia (dot),12261.0,2549014,1041590,0,298658,2929496,10454351,1986147
727856,729146,Glare III,64003.0,2549014,1041590,0,298658,2929496,10518354,1986147
729136,729986,Glare IV,117020.0,2549014,1041590,0,298658,2929496,10518354,2103167
729666,730198,Auto,0.0,2549014,1041590,0,298658,2929496,10518354,2103167
717476,730500,Dia (dot),12261.0,2549014,1041590,0,298658,2941757,10518354,2103167
731076,731926,Glare IV,117020.0,2549014,1041590,0,298658,2941757,10518354,2220187
732416,732948,Auto,0.0,2549014,1041590,0,298658,2941757,10518354,2220187
717476,733500,Dia (dot),12261.0,2549014,1041590,0,298658,2954018,10518354,2220187
733016,733866,Glare IV,117020.0,2549014,1041590,0,298658,2954018,10518354,2337207
717476,736500,Dia (dot),12261.0,2549014,1041590,0,298658,2966279,10518354,2337207
736116,736648,Auto,0.0,2549014,1041590,0,298658,2966279,10518354,2337207
735616,736906,Glare III,64003.0,2549014,1041590,0,298658,2966279,10582357,2337207
737556,738846,Glare III,64003.0,2549014,1041590,0,298658,2966279,10646360,2337207
717476,739500,Dia (dot),12261.0,2549014,1041590,0,298658,2978540,10646360,2337207
739996,740528,Auto,0.0,2549014,1041590,0,298658,2978540,10646360,2337207
740105,740775,Assize,73147.0,2549014,1114737,0,298658,2978540,10646360,2337207
739496,740786,Glare III,64003.0,2549014,1114737,0,298658,2978540,10710363,2337207
717476,742500,Dia (dot),12261.0,2549014,1114737,0,298658,2990801,10710363,2337207
741436,742726,Glare III,64003.0,2549014,1114737,0,298658,2990801,10774366,2337207
744177,744709,Auto,0.0,2549014,1114737,0,298658,2990801,10774366,2337207
743677,744967,Glare III,64003.0,2549014,1114737,0,298658,2990801,10838369,2337207
717476,745500,Dia (dot),12261.0,2549014,1114737,0,298658,3003062,10838369,2337207
745147,745727,Afflatus Misery,256025.0,2805039,1114737,0,298658,3003062,10838369,2337207
717476,748500,Dia (dot),12261.0,2805039,1114737,0,298658,3015323,10838369,2337207
749037,749569,Auto,0.0,2805039,1114737,0,298658,3015323,10838369,2337207
748537,749827,Glare III,45857.0,2805039,1114737,0,298658,3015323,10884226,2337207
750007,751297,Glare III,45857.0,2805039,1114737,0,298658,3015323,10930083,2337207
