sim_timestamp,sim_damage_timestamp,sim_name,sim_expected,Auto,Combust III (dot),Fall Malefic,Lord of Crowns,Oracle,Stellar Explosion (pet)
1310,4500,Combust III (dot),10097.0,0,10097,0,0,0,0
3620,4690,Fall Malefic,38226.0,0,10097,38226,0,0,0
4500,5032,Auto,0.0,0,10097,38226,0,0,0
5960,7030,Fall Malefic,44661.0,0,10097,82887,0,0,0
1310,7500,Combust III (dot),10097.0,0,20194,82887,0,0,0
7200,7820,Lord of Crowns,71032.0,0,20194,82887,71032,0,0
8000,8000,Stellar Explosion (pet),52910.0,0,20194,82887,71032,0,52910
7700,8232,Auto,0.0,0,20194,82887,71032,0,52910
8270,9340,Fall Malefic,47894.0,0,20194,130781,71032,0,52910
1310,10500,Combust III (dot),10097.0,0,30291,130781,71032,0,52910
10900,11432,Auto,0.0,0,30291,130781,71032,0,52910
10580,11650,Fall Malefic,47894.0,0,30291,178675,71032,0,52910
11200,12940,Oracle,152655.0,0,30291,178675,71032,152655,52910
1310,13500,Combust III (dot),10097.0,0,40388,178675,71032,152655,52910
12890,13960,Fall Malefic,47894.0,0,40388,226569,71032,152655,52910
14100,14632,Auto,0.0,0,40388,226569,71032,152655,52910
1310,16500,Combust III (dot),10097.0,0,50485,226569,71032,152655,52910
16090,17160,Fall Malefic,47894.0,0,50485,274463,71032,152655,52910
17300,17832,Auto,0.0,0,50485,274463,71032,152655,52910
18400,19470,Fall Malefic,47894.0,0,50485,322357,71032,152655,52910
1310,19500,Combust III (dot),10097.0,0,60582,322357,71032,152655,52910
21210,21742,Auto,0.0,0,60582,322357,71032,152655,52910
20710,21780,Fall Malefic,47894.0,0,60582,370251,71032,152655,52910
1310,22500,Combust III (dot),10097.0,0,70679,370251,71032,152655,52910
23020,24090,Fall Malefic,47894.0,0,70679,418145,71032,152655,52910
24410,24942,Auto,0.0,0,70679,418145,71032,152655,52910
24440,25500,Combust III (dot),13283.0,0,83962,418145,71032,152655,52910
26750,27820,Fall Malefic,36406.0,0,83962,454551,71032,152655,52910
27610,28142,Auto,0.0,0,83962,454551,71032,152655,52910
24440,28500,Combust III (dot),13283.0,0,97245,454551,71032,152655,52910
29950,31020,Fall Malefic,36406.0,0,97245,490957,71032,152655,52910
30810,31342,Auto,0.0,0,97245,490957,71032,152655,52910
24440,31500,Combust III (dot),13283.0,0,110528,490957,71032,152655,52910
32260,33330,Fall Malefic,33641.0,0,110528,524598,71032,152655,52910
24440,34500,Combust III (dot),13283.0,0,123811,524598,71032,152655,52910
35070,35602,Auto,0.0,0,123811,524598,71032,152655,52910
34570,35640,Fall Malefic,33641.0,0,123811,558239,71032,152655,52910
24440,37500,Combust III (dot),13283.0,0,137094,558239,71032,152655,52910
36880,37950,Fall Malefic,33641.0,0,137094,591880,71032,152655,52910
38270,38802,Auto,0.0,0,137094,591880,71032,152655,52910
39190,40260,Fall Malefic,33641.0,0,137094,625521,71032,152655,52910
24440,40500,Combust III (dot),13283.0,0,150377,625521,71032,152655,52910
42001,42533,Auto,0.0,0,150377,625521,71032,152655,52910
41501,42571,Fall Malefic,33641.0,0,150377,659162,71032,152655,52910
24440,43500,Combust III (dot),13283.0,0,163660,659162,71032,152655,52910
43811,44881,Fall Malefic,33627.0,0,163660,692789,71032,152655,52910
45201,45733,Auto,0.0,0,163660,692789,71032,152655,52910
24440,46500,Combust III (dot),13283.0,0,176943,692789,71032,152655,52910
46121,47191,Fall Malefic,33627.0,0,176943,726416,71032,152655,52910
48931,49463,Auto,0.0,0,176943,726416,71032,152655,52910
24440,49500,Combust III (dot),13283.0,0,190226,726416,71032,152655,52910
48431,49501,Fall Malefic,33627.0,0,190226,760043,71032,152655,52910
50741,51811,Fall Malefic,33627.0,0,190226,793670,71032,152655,52910
24440,52500,Combust III (dot),13283.0,0,203509,793670,71032,152655,52910
52131,52663,Auto,0.0,0,203509,793670,71032,152655,52910
53051,54121,Fall Malefic,33627.0,0,203509,827297,71032,152655,52910
54471,55500,Combust III (dot),9325.0,0,212834,827297,71032,152655,52910
55331,55863,Auto,0.0,0,212834,827297,71032,152655,52910
54471,58500,Combust III (dot),9325.0,0,222159,827297,71032,152655,52910
57671,58741,Fall Malefic,33627.0,0,222159,860924,71032,152655,52910
58531,59063,Auto,0.0,0,222159,860924,71032,152655,52910
59981,61051,Fall Malefic,33627.0,0,222159,894551,71032,152655,52910
54471,61500,Combust III (dot),9325.0,0,231484,894551,71032,152655,52910
62791,63323,Auto,0.0,0,231484,894551,71032,152655,52910
62291,63361,Fall Malefic,33627.0,0,231484,928178,71032,152655,52910
54471,64500,Combust III (dot),9325.0,0,240809,928178,71032,152655,52910
64601,65671,Fall Malefic,33627.0,0,240809,961805,71032,152655,52910
65991,66523,Auto,0.0,0,240809,961805,71032,152655,52910
54471,67500,Combust III (dot),9325.0,0,250134,961805,71032,152655,52910
66911,67981,Fall Malefic,33627.0,0,250134,995432,71032,152655,52910
69031,69031,Stellar Explosion (pet),36993.0,0,250134,995432,71032,152655,89903
69721,70253,Auto,0.0,0,250134,995432,71032,152655,89903
69221,70291,Fall Malefic,33627.0,0,250134,1029059,71032,152655,89903
54471,70500,Combust III (dot),9325.0,0,259459,1029059,71032,152655,89903
71531,72601,Fall Malefic,33627.0,0,259459,1062686,71032,152655,89903
72921,73453,Auto,0.0,0,259459,1062686,71032,152655,89903
54471,73500,Combust III (dot),9325.0,0,268784,1062686,71032,152655,89903
73841,74911,Fall Malefic,33627.0,0,268784,1096313,71032,152655,89903
54471,76500,Combust III (dot),9325.0,0,278109,1096313,71032,152655,89903
76651,77183,Auto,0.0,0,278109,1096313,71032,152655,89903
76151,77221,Fall Malefic,33627.0,0,278109,1129940,71032,152655,89903
54471,79500,Combust III (dot),9325.0,0,287434,1129940,71032,152655,89903
78461,79531,Fall Malefic,33627.0,0,287434,1163567,71032,152655,89903
79851,80383,Auto,0.0,0,287434,1163567,71032,152655,89903
80771,81841,Fall Malefic,33627.0,0,287434,1197194,71032,152655,89903
54471,82500,Combust III (dot),9325.0,0,296759,1197194,71032,152655,89903
83581,84113,Auto,0.0,0,296759,1197194,71032,152655,89903
83081,84151,Fall Malefic,33544.0,0,296759,1230738,71032,152655,89903
84501,85500,Combust III (dot),9302.0,0,306061,1230738,71032,152655,89903
86781,87313,Auto,0.0,0,306061,1230738,71032,152655,89903
84501,88500,Combust III (dot),9302.0,0,315363,1230738,71032,152655,89903
87701,88771,Fall Malefic,33544.0,0,315363,1264282,71032,152655,89903
90511,91043,Auto,0.0,0,315363,1264282,71032,152655,89903
90011,91081,Fall Malefic,33544.0,0,315363,1297826,71032,152655,89903
84501,91500,Combust III (dot),9302.0,0,324665,1297826,71032,152655,89903
92321,93391,Fall Malefic,33544.0,0,324665,1331370,71032,152655,89903
93711,94243,Auto,0.0,0,324665,1331370,71032,152655,89903
84501,94500,Combust III (dot),9302.0,0,333967,1331370,71032,152655,89903
94631,95701,Fall Malefic,33544.0,0,333967,1364914,71032,152655,89903
84501,97500,Combust III (dot),9302.0,0,343269,1364914,71032,152655,89903
97441,97973,Auto,0.0,0,343269,1364914,71032,152655,89903
96941,98011,Fall Malefic,33544.0,0,343269,1398458,71032,152655,89903
99251,100321,Fall Malefic,33544.0,0,343269,1432002,71032,152655,89903
84501,100500,Combust III (dot),9302.0,0,352571,1432002,71032,152655,89903
100641,101173,Auto,0.0,0,352571,1432002,71032,152655,89903
101561,102631,Fall Malefic,33544.0,0,352571,1465546,71032,152655,89903
84501,103500,Combust III (dot),9302.0,0,361873,1465546,71032,152655,89903
104371,104903,Auto,0.0,0,361873,1465546,71032,152655,89903
103871,104941,Fall Malefic,33544.0,0,361873,1499090,71032,152655,89903
84501,106500,Combust III (dot),9302.0,0,371175,1499090,71032,152655,89903
106181,107251,Fall Malefic,33544.0,0,371175,1532634,71032,152655,89903
107571,108103,Auto,0.0,0,371175,1532634,71032,152655,89903
84501,109500,Combust III (dot),9302.0,0,380477,1532634,71032,152655,89903
108491,109561,Fall Malefic,33544.0,0,380477,1566178,71032,152655,89903
111301,111833,Auto,0.0,0,380477,1566178,71032,152655,89903
110801,111871,Fall Malefic,33544.0,0,380477,1599722,71032,152655,89903
84501,112500,Combust III (dot),9302.0,0,389779,1599722,71032,152655,89903
113111,114181,Fall Malefic,33544.0,0,389779,1633266,71032,152655,89903
114501,115033,Auto,0.0,0,389779,1633266,71032,152655,89903
114532,115500,Combust III (dot),9302.0,0,399081,1633266,71032,152655,89903
114532,118500,Combust III (dot),9302.0,0,408383,1633266,71032,152655,89903
118232,118764,Auto,0.0,0,408383,1633266,71032,152655,89903
117732,118802,Fall Malefic,33544.0,0,408383,1666810,71032,152655,89903
119152,120222,Fall Malefic,33544.0,0,408383,1700354,71032,152655,89903
114532,121500,Combust III (dot),9302.0,0,417685,1700354,71032,152655,89903
121432,121964,Auto,0.0,0,417685,1700354,71032,152655,89903
121462,122532,Fall Malefic,33641.0,0,417685,1733995,71032,152655,89903
114532,124500,Combust III (dot),9302.0,0,426987,1733995,71032,152655,89903
123772,124842,Fall Malefic,33641.0,0,426987,1767636,71032,152655,89903
124632,125164,Auto,0.0,0,426987,1767636,71032,152655,89903
126082,127152,Fall Malefic,41322.0,0,426987,1808958,71032,152655,89903
114532,127500,Combust III (dot),9302.0,0,436289,1808958,71032,152655,89903
127322,127942,Lord of Crowns,68212.0,0,436289,1808958,139244,152655,89903
127832,128364,Auto,0.0,0,436289,1808958,139244,152655,89903
129091,129091,Stellar Explosion (pet),50594.0,0,436289,1808958,139244,152655,140497
128392,129462,Fall Malefic,45992.0,0,436289,1854950,139244,152655,140497
114532,130500,Combust III (dot),9302.0,0,445591,1854950,139244,152655,140497
131032,131564,Auto,0.0,0,445591,1854950,139244,152655,140497
130702,131772,Fall Malefic,45992.0,0,445591,1900942,139244,152655,140497
131322,133062,Oracle,146593.0,0,445591,1900942,139244,299248,140497
114532,133500,Combust III (dot),9302.0,0,454893,1900942,139244,299248,140497
133012,134082,Fall Malefic,45992.0,0,454893,1946934,139244,299248,140497
134232,134764,Auto,0.0,0,454893,1946934,139244,299248,140497
114532,136500,Combust III (dot),9302.0,0,464195,1946934,139244,299248,140497
136212,137282,Fall Malefic,45992.0,0,464195,1992926,139244,299248,140497
137432,137964,Auto,0.0,0,464195,1992926,139244,299248,140497
114532,139500,Combust III (dot),9302.0,0,473497,1992926,139244,299248,140497
138522,139592,Fall Malefic,45992.0,0,473497,2038918,139244,299248,140497
141332,141864,Auto,0.0,0,473497,2038918,139244,299248,140497
140832,141902,Fall Malefic,45992.0,0,473497,2084910,139244,299248,140497
114532,142500,Combust III (dot),9302.0,0,482799,2084910,139244,299248,140497
142252,143322,Fall Malefic,45992.0,0,482799,2130902,139244,299248,140497
144532,145064,Auto,0.0,0,482799,2130902,139244,299248,140497
144562,145500,Combust III (dot),12753.0,0,495552,2130902,139244,299248,140497
144562,148500,Combust III (dot),12753.0,0,508305,2130902,139244,299248,140497
148262,148794,Auto,0.0,0,508305,2130902,139244,299248,140497
147762,148832,Fall Malefic,33641.0,0,508305,2164543,139244,299248,140497
150072,151142,Fall Malefic,33641.0,0,508305,2198184,139244,299248,140497
144562,151500,Combust III (dot),12753.0,0,521058,2198184,139244,299248,140497
151462,151994,Auto,0.0,0,521058,2198184,139244,299248,140497
152382,153452,Fall Malefic,33641.0,0,521058,2231825,139244,299248,140497
144562,154500,Combust III (dot),12753.0,0,533811,2231825,139244,299248,140497
155192,155724,Auto,0.0,0,533811,2231825,139244,299248,140497
154692,155762,Fall Malefic,33641.0,0,533811,2265466,139244,299248,140497
144562,157500,Combust III (dot),12753.0,0,546564,2265466,139244,299248,140497
157002,158072,Fall Malefic,33641.0,0,546564,2299107,139244,299248,140497
158392,158924,Auto,0.0,0,546564,2299107,139244,299248,140497
159312,160382,Fall Malefic,33641.0,0,546564,2332748,139244,299248,140497
144562,160500,Combust III (dot),12753.0,0,559317,2332748,139244,299248,140497
162122,162654,Auto,0.0,0,559317,2332748,139244,299248,140497
161622,162692,Fall Malefic,33641.0,0,559317,2366389,139244,299248,140497
144562,163500,Combust III (dot),12753.0,0,572070,2366389,139244,299248,140497
163932,165002,Fall Malefic,33641.0,0,572070,2400030,139244,299248,140497
165322,165854,Auto,0.0,0,572070,2400030,139244,299248,140497
144562,166500,Combust III (dot),12753.0,0,584823,2400030,139244,299248,140497
166242,167312,Fall Malefic,33627.0,0,584823,2433657,139244,299248,140497
144562,169500,Combust III (dot),12753.0,0,597576,2433657,139244,299248,140497
169052,169584,Auto,0.0,0,597576,2433657,139244,299248,140497
168552,169622,Fall Malefic,33627.0,0,597576,2467284,139244,299248,140497
170862,171932,Fall Malefic,33627.0,0,597576,2500911,139244,299248,140497
144562,172500,Combust III (dot),12753.0,0,610329,2500911,139244,299248,140497
172252,172784,Auto,0.0,0,610329,2500911,139244,299248,140497
173172,174242,Fall Malefic,33627.0,0,610329,2534538,139244,299248,140497
174592,175500,Combust III (dot),9325.0,0,619654,2534538,139244,299248,140497
175452,175984,Auto,0.0,0,619654,2534538,139244,299248,140497
174592,178500,Combust III (dot),9325.0,0,628979,2534538,139244,299248,140497
177792,178862,Fall Malefic,33627.0,0,628979,2568165,139244,299248,140497
178652,179184,Auto,0.0,0,628979,2568165,139244,299248,140497
180102,181172,Fall Malefic,33627.0,0,628979,2601792,139244,299248,140497
174592,181500,Combust III (dot),9325.0,0,638304,2601792,139244,299248,140497
182912,183444,Auto,0.0,0,638304,2601792,139244,299248,140497
182412,183482,Fall Malefic,33627.0,0,638304,2635419,139244,299248,140497
174592,184500,Combust III (dot),9325.0,0,647629,2635419,139244,299248,140497
184722,185792,Fall Malefic,33627.0,0,647629,2669046,139244,299248,140497
186112,186644,Auto,0.0,0,647629,2669046,139244,299248,140497
174592,187500,Combust III (dot),9325.0,0,656954,2669046,139244,299248,140497
187032,188102,Fall Malefic,33627.0,0,656954,2702673,139244,299248,140497
189152,189152,Stellar Explosion (pet),36993.0,0,656954,2702673,139244,299248,177490
189843,190375,Auto,0.0,0,656954,2702673,139244,299248,177490
189343,190413,Fall Malefic,33627.0,0,656954,2736300,139244,299248,177490
174592,190500,Combust III (dot),9325.0,0,666279,2736300,139244,299248,177490
191653,192723,Fall Malefic,33627.0,0,666279,2769927,139244,299248,177490
174592,193500,Combust III (dot),9325.0,0,675604,2769927,139244,299248,177490
193043,193575,Auto,0.0,0,675604,2769927,139244,299248,177490
193963,195033,Fall Malefic,33627.0,0,675604,2803554,139244,299248,177490
174592,196500,Combust III (dot),9325.0,0,684929,2803554,139244,299248,177490
196773,197305,Auto,0.0,0,684929,2803554,139244,299248,177490
196273,197343,Fall Malefic,33627.0,0,684929,2837181,139244,299248,177490
174592,199500,Combust III (dot),9325.0,0,694254,2837181,139244,299248,177490
198583,199653,Fall Malefic,33627.0,0,694254,2870808,139244,299248,177490
199973,200505,Auto,0.0,0,694254,2870808,139244,299248,177490
200893,201963,Fall Malefic,33627.0,0,694254,2904435,139244,299248,177490
174592,202500,Combust III (dot),9325.0,0,703579,2904435,139244,299248,177490
203703,204235,Auto,0.0,0,703579,2904435,139244,299248,177490
203203,204273,Fall Malefic,33544.0,0,703579,2937979,139244,299248,177490
204623,205500,Combust III (dot),9302.0,0,712881,2937979,139244,299248,177490
206903,207435,Auto,0.0,0,712881,2937979,139244,299248,177490
204623,208500,Combust III (dot),9302.0,0,722183,2937979,139244,299248,177490
207823,208893,Fall Malefic,33544.0,0,722183,2971523,139244,299248,177490
210633,211165,Auto,0.0,0,722183,2971523,139244,299248,177490
210133,211203,Fall Malefic,33544.0,0,722183,3005067,139244,299248,177490
204623,211500,Combust III (dot),9302.0,0,731485,3005067,139244,299248,177490
212443,213513,Fall Malefic,33544.0,0,731485,3038611,139244,299248,177490
213833,214365,Auto,0.0,0,731485,3038611,139244,299248,177490
204623,214500,Combust III (dot),9302.0,0,740787,3038611,139244,299248,177490
214753,215823,Fall Malefic,33544.0,0,740787,3072155,139244,299248,177490
204623,217500,Combust III (dot),9302.0,0,750089,3072155,139244,299248,177490
217563,218095,Auto,0.0,0,750089,3072155,139244,299248,177490
217063,218133,Fall Malefic,33544.0,0,750089,3105699,139244,299248,177490
219373,220443,Fall Malefic,33544.0,0,750089,3139243,139244,299248,177490
204623,220500,Combust III (dot),9302.0,0,759391,3139243,139244,299248,177490
220763,221295,Auto,0.0,0,759391,3139243,139244,299248,177490
221683,222753,Fall Malefic,33544.0,0,759391,3172787,139244,299248,177490
204623,223500,Combust III (dot),9302.0,0,768693,3172787,139244,299248,177490
224493,225025,Auto,0.0,0,768693,3172787,139244,299248,177490
223993,225063,Fall Malefic,33544.0,0,768693,3206331,139244,299248,177490
204623,226500,Combust III (dot),9302.0,0,777995,3206331,139244,299248,177490
226303,227373,Fall Malefic,33544.0,0,777995,3239875,139244,299248,177490
227693,228225,Auto,0.0,0,777995,3239875,139244,299248,177490
204623,229500,Combust III (dot),9302.0,0,787297,3239875,139244,299248,177490
228613,229683,Fall Malefic,33544.0,0,787297,3273419,139244,299248,177490
231423,231955,Auto,0.0,0,787297,3273419,139244,299248,177490
230923,231993,Fall Malefic,33544.0,0,787297,3306963,139244,299248,177490
204623,232500,Combust III (dot),9302.0,0,796599,3306963,139244,299248,177490
233233,234303,Fall Malefic,33544.0,0,796599,3340507,139244,299248,177490
234623,235155,Auto,0.0,0,796599,3340507,139244,299248,177490
234653,235500,Combust III (dot),9302.0,0,805901,3340507,139244,299248,177490
234653,238500,Combust III (dot),9302.0,0,815203,3340507,139244,299248,177490
238353,238885,Auto,0.0,0,815203,3340507,139244,299248,177490
237853,238923,Fall Malefic,33544.0,0,815203,3374051,139244,299248,177490
239273,240343,Fall Malefic,33544.0,0,815203,3407595,139244,299248,177490
234653,241500,Combust III (dot),9302.0,0,824505,3407595,139244,299248,177490
241553,242085,Auto,0.0,0,824505,3407595,139244,299248,177490
241583,242653,Fall Malefic,33641.0,0,824505,3441236,139244,299248,177490
234653,244500,Combust III (dot),9302.0,0,833807,3441236,139244,299248,177490
243893,244963,Fall Malefic,33641.0,0,833807,3474877,139244,299248,177490
244753,245285,Auto,0.0,0,833807,3474877,139244,299248,177490
246203,247273,Fall Malefic,41322.0,0,833807,3516199,139244,299248,177490
234653,247500,Combust III (dot),9302.0,0,843109,3516199,139244,299248,177490
247443,248063,Lord of Crowns,68212.0,0,843109,3516199,207456,299248,177490
247953,248485,Auto,0.0,0,843109,3516199,207456,299248,177490
249213,249213,Stellar Explosion (pet),50594.0,0,843109,3516199,207456,299248,228084
248513,249583,Fall Malefic,45992.0,0,843109,3562191,207456,299248,228084
234653,250500,Combust III (dot),9302.0,0,852411,3562191,207456,299248,228084
251153,251685,Auto,0.0,0,852411,3562191,207456,299248,228084
250823,251893,Fall Malefic,45992.0,0,852411,3608183,207456,299248,228084
251443,253183,Oracle,146593.0,0,852411,3608183,207456,445841,228084
234653,253500,Combust III (dot),9302.0,0,861713,3608183,207456,445841,228084
253133,254203,Fall Malefic,45992.0,0,861713,3654175,207456,445841,228084
254353,254885,Auto,0.0,0,861713,3654175,207456,445841,228084
234653,256500,Combust III (dot),9302.0,0,871015,3654175,207456,445841,228084
256333,257403,Fall Malefic,45992.0,0,871015,3700167,207456,445841,228084
257553,258085,Auto,0.0,0,871015,3700167,207456,445841,228084
234653,259500,Combust III (dot),9302.0,0,880317,3700167,207456,445841,228084
258643,259713,Fall Malefic,45992.0,0,880317,3746159,207456,445841,228084
261453,261985,Auto,0.0,0,880317,3746159,207456,445841,228084
260953,262023,Fall Malefic,45992.0,0,880317,3792151,207456,445841,228084
234653,262500,Combust III (dot),9302.0,0,889619,3792151,207456,445841,228084
262374,263444,Fall Malefic,45992.0,0,889619,3838143,207456,445841,228084
264653,265185,Auto,0.0,0,889619,3838143,207456,445841,228084
264684,265500,Combust III (dot),12753.0,0,902372,3838143,207456,445841,228084
264684,268500,Combust III (dot),12753.0,0,915125,3838143,207456,445841,228084
268384,268916,Auto,0.0,0,915125,3838143,207456,445841,228084
267884,268954,Fall Malefic,33641.0,0,915125,3871784,207456,445841,228084
270194,271264,Fall Malefic,33641.0,0,915125,3905425,207456,445841,228084
264684,271500,Combust III (dot),12753.0,0,927878,3905425,207456,445841,228084
271584,272116,Auto,0.0,0,927878,3905425,207456,445841,228084
272504,273574,Fall Malefic,33641.0,0,927878,3939066,207456,445841,228084
264684,274500,Combust III (dot),12753.0,0,940631,3939066,207456,445841,228084
275314,275846,Auto,0.0,0,940631,3939066,207456,445841,228084
274814,275884,Fall Malefic,33641.0,0,940631,3972707,207456,445841,228084
264684,277500,Combust III (dot),12753.0,0,953384,3972707,207456,445841,228084
277124,278194,Fall Malefic,33641.0,0,953384,4006348,207456,445841,228084
278514,279046,Auto,0.0,0,953384,4006348,207456,445841,228084
264684,280500,Combust III (dot),12753.0,0,966137,4006348,207456,445841,228084
279434,280504,Fall Malefic,33641.0,0,966137,4039989,207456,445841,228084
282244,282776,Auto,0.0,0,966137,4039989,207456,445841,228084
281744,282814,Fall Malefic,33641.0,0,966137,4073630,207456,445841,228084
264684,283500,Combust III (dot),12753.0,0,978890,4073630,207456,445841,228084
284054,285124,Fall Malefic,33641.0,0,978890,4107271,207456,445841,228084
285444,285976,Auto,0.0,0,978890,4107271,207456,445841,228084
264684,286500,Combust III (dot),12753.0,0,991643,4107271,207456,445841,228084
286364,287434,Fall Malefic,33627.0,0,991643,4140898,207456,445841,228084
264684,289500,Combust III (dot),12753.0,0,1004396,4140898,207456,445841,228084
289174,289706,Auto,0.0,0,1004396,4140898,207456,445841,228084
288674,289744,Fall Malefic,33627.0,0,1004396,4174525,207456,445841,228084
290984,292054,Fall Malefic,33627.0,0,1004396,4208152,207456,445841,228084
264684,292500,Combust III (dot),12753.0,0,1017149,4208152,207456,445841,228084
292374,292906,Auto,0.0,0,1017149,4208152,207456,445841,228084
293294,294364,Fall Malefic,33627.0,0,1017149,4241779,207456,445841,228084
294714,295500,Combust III (dot),9325.0,0,1026474,4241779,207456,445841,228084
295574,296106,Auto,0.0,0,1026474,4241779,207456,445841,228084
294714,298500,Combust III (dot),9325.0,0,1035799,4241779,207456,445841,228084
297914,298984,Fall Malefic,33627.0,0,1035799,4275406,207456,445841,228084
298774,299306,Auto,0.0,0,1035799,4275406,207456,445841,228084
300224,301294,Fall Malefic,33627.0,0,1035799,4309033,207456,445841,228084
294714,301500,Combust III (dot),9325.0,0,1045124,4309033,207456,445841,228084
303034,303566,Auto,0.0,0,1045124,4309033,207456,445841,228084
302534,303604,Fall Malefic,33627.0,0,1045124,4342660,207456,445841,228084
294714,304500,Combust III (dot),9325.0,0,1054449,4342660,207456,445841,228084
304844,305914,Fall Malefic,33627.0,0,1054449,4376287,207456,445841,228084
306234,306766,Auto,0.0,0,1054449,4376287,207456,445841,228084
294714,307500,Combust III (dot),9325.0,0,1063774,4376287,207456,445841,228084
307154,308224,Fall Malefic,33627.0,0,1063774,4409914,207456,445841,228084
309274,309274,Stellar Explosion (pet),36993.0,0,1063774,4409914,207456,445841,265077
309964,310496,Auto,0.0,0,1063774,4409914,207456,445841,265077
294714,310500,Combust III (dot),9325.0,0,1073099,4409914,207456,445841,265077
309464,310534,Fall Malefic,33627.0,0,1073099,4443541,207456,445841,265077
311774,312844,Fall Malefic,33627.0,0,1073099,4477168,207456,445841,265077
294714,313500,Combust III (dot),9325.0,0,1082424,4477168,207456,445841,265077
313164,313696,Auto,0.0,0,1082424,4477168,207456,445841,265077
314084,315154,Fall Malefic,33627.0,0,1082424,4510795,207456,445841,265077
294714,316500,Combust III (dot),9325.0,0,1091749,4510795,207456,445841,265077
316894,317426,Auto,0.0,0,1091749,4510795,207456,445841,265077
316394,317464,Fall Malefic,33627.0,0,1091749,4544422,207456,445841,265077
294714,319500,Combust III (dot),9325.0,0,1101074,4544422,207456,445841,265077
318704,319774,Fall Malefic,33627.0,0,1101074,4578049,207456,445841,265077
320094,320626,Auto,0.0,0,1101074,4578049,207456,445841,265077
321014,322084,Fall Malefic,33627.0,0,1101074,4611676,207456,445841,265077
294714,322500,Combust III (dot),9325.0,0,1110399,4611676,207456,445841,265077
323824,324356,Auto,0.0,0,1110399,4611676,207456,445841,265077
323324,324394,Fall Malefic,33544.0,0,1110399,4645220,207456,445841,265077
324744,325500,Combust III (dot),9302.0,0,1119701,4645220,207456,445841,265077
327024,327556,Auto,0.0,0,1119701,4645220,207456,445841,265077
324744,328500,Combust III (dot),9302.0,0,1129003,4645220,207456,445841,265077
327944,329014,Fall Malefic,33544.0,0,1129003,4678764,207456,445841,265077
330754,331286,Auto,0.0,0,1129003,4678764,207456,445841,265077
330254,331324,Fall Malefic,33544.0,0,1129003,4712308,207456,445841,265077
324744,331500,Combust III (dot),9302.0,0,1138305,4712308,207456,445841,265077
332564,333634,Fall Malefic,33544.0,0,1138305,4745852,207456,445841,265077
333954,334486,Auto,0.0,0,1138305,4745852,207456,445841,265077
324744,334500,Combust III (dot),9302.0,0,1147607,4745852,207456,445841,265077
334874,335944,Fall Malefic,33544.0,0,1147607,4779396,207456,445841,265077
324744,337500,Combust III (dot),9302.0,0,1156909,4779396,207456,445841,265077
337684,338216,Auto,0.0,0,1156909,4779396,207456,445841,265077
337184,338254,Fall Malefic,33544.0,0,1156909,4812940,207456,445841,265077
324744,340500,Combust III (dot),9302.0,0,1166211,4812940,207456,445841,265077
339495,340565,Fall Malefic,33544.0,0,1166211,4846484,207456,445841,265077
340884,341416,Auto,0.0,0,1166211,4846484,207456,445841,265077
341805,342875,Fall Malefic,33544.0,0,1166211,4880028,207456,445841,265077
324744,343500,Combust III (dot),9302.0,0,1175513,4880028,207456,445841,265077
344615,345147,Auto,0.0,0,1175513,4880028,207456,445841,265077
344115,345185,Fall Malefic,33544.0,0,1175513,4913572,207456,445841,265077
324744,346500,Combust III (dot),9302.0,0,1184815,4913572,207456,445841,265077
346425,347495,Fall Malefic,33544.0,0,1184815,4947116,207456,445841,265077
347815,348347,Auto,0.0,0,1184815,4947116,207456,445841,265077
324744,349500,Combust III (dot),9302.0,0,1194117,4947116,207456,445841,265077
348735,349805,Fall Malefic,33544.0,0,1194117,4980660,207456,445841,265077
351545,352077,Auto,0.0,0,1194117,4980660,207456,445841,265077
351045,352115,Fall Malefic,33544.0,0,1194117,5014204,207456,445841,265077
324744,352500,Combust III (dot),9302.0,0,1203419,5014204,207456,445841,265077
353355,354425,Fall Malefic,33544.0,0,1203419,5047748,207456,445841,265077
354745,355277,Auto,0.0,0,1203419,5047748,207456,445841,265077
354775,355500,Combust III (dot),9302.0,0,1212721,5047748,207456,445841,265077
354775,358500,Combust III (dot),9302.0,0,1222023,5047748,207456,445841,265077
358475,359007,Auto,0.0,0,1222023,5047748,207456,445841,265077
357975,359045,Fall Malefic,33544.0,0,1222023,5081292,207456,445841,265077
359395,360465,Fall Malefic,33544.0,0,1222023,5114836,207456,445841,265077
354775,361500,Combust III (dot),9302.0,0,1231325,5114836,207456,445841,265077
361675,362207,Auto,0.0,0,1231325,5114836,207456,445841,265077
361705,362775,Fall Malefic,33641.0,0,1231325,5148477,207456,445841,265077
354775,364500,Combust III (dot),9302.0,0,1240627,5148477,207456,445841,265077
364015,365085,Fall Malefic,36406.0,0,1240627,5184883,207456,445841,265077
364875,365407,Auto,0.0,0,1240627,5184883,207456,445841,265077
366325,367395,Fall Malefic,46955.0,0,1240627,5231838,207456,445841,265077
354775,367500,Combust III (dot),9302.0,0,1249929,5231838,207456,445841,265077
367565,368185,Lord of Crowns,73817.0,0,1249929,5231838,281273,445841,265077
368075,368607,Auto,0.0,0,1249929,5231838,281273,445841,265077
369335,369335,Stellar Explosion (pet),54984.0,0,1249929,5231838,281273,445841,320061
368635,369705,Fall Malefic,49772.0,0,1249929,5281610,281273,445841,320061
354775,370500,Combust III (dot),9302.0,0,1259231,5281610,281273,445841,320061
371275,371807,Auto,0.0,0,1259231,5281610,281273,445841,320061
370945,372015,Fall Malefic,49772.0,0,1259231,5331382,281273,445841,320061
371565,373305,Oracle,158641.0,0,1259231,5331382,281273,604482,320061
354775,373500,Combust III (dot),9302.0,0,1268533,5331382,281273,604482,320061
373255,374325,Fall Malefic,49772.0,0,1268533,5381154,281273,604482,320061
374475,375007,Auto,0.0,0,1268533,5381154,281273,604482,320061
354775,376500,Combust III (dot),9302.0,0,1277835,5381154,281273,604482,320061
376455,377525,Fall Malefic,49772.0,0,1277835,5430926,281273,604482,320061
377675,378207,Auto,0.0,0,1277835,5430926,281273,604482,320061
354775,379500,Combust III (dot),9302.0,0,1287137,5430926,281273,604482,320061
378765,379835,Fall Malefic,49772.0,0,1287137,5480698,281273,604482,320061
381575,382107,Auto,0.0,0,1287137,5480698,281273,604482,320061
381075,382145,Fall Malefic,49772.0,0,1287137,5530470,281273,604482,320061
354775,382500,Combust III (dot),9302.0,0,1296439,5530470,281273,604482,320061
383385,384455,Fall Malefic,49772.0,0,1296439,5580242,281273,604482,320061
384775,385307,Auto,0.0,0,1296439,5580242,281273,604482,320061
384805,385500,Combust III (dot),13804.0,0,1310243,5580242,281273,604482,320061
387115,388185,Fall Malefic,36406.0,0,1310243,5616648,281273,604482,320061
384805,388500,Combust III (dot),13804.0,0,1324047,5616648,281273,604482,320061
387975,388507,Auto,0.0,0,1324047,5616648,281273,604482,320061
390315,391385,Fall Malefic,36406.0,0,1324047,5653054,281273,604482,320061
384805,391500,Combust III (dot),13804.0,0,1337851,5653054,281273,604482,320061
391175,391707,Auto,0.0,0,1337851,5653054,281273,604482,320061
392625,393695,Fall Malefic,36406.0,0,1337851,5689460,281273,604482,320061
384805,394500,Combust III (dot),13804.0,0,1351655,5689460,281273,604482,320061
395435,395967,Auto,0.0,0,1351655,5689460,281273,604482,320061
394935,396005,Fall Malefic,33641.0,0,1351655,5723101,281273,604482,320061
384805,397500,Combust III (dot),13804.0,0,1365459,5723101,281273,604482,320061
397245,398315,Fall Malefic,33641.0,0,1365459,5756742,281273,604482,320061
398635,399167,Auto,0.0,0,1365459,5756742,281273,604482,320061
384805,400500,Combust III (dot),13804.0,0,1379263,5756742,281273,604482,320061
399555,400625,Fall Malefic,33641.0,0,1379263,5790383,281273,604482,320061
402365,402897,Auto,0.0,0,1379263,5790383,281273,604482,320061
401865,402935,Fall Malefic,33641.0,0,1379263,5824024,281273,604482,320061
384805,403500,Combust III (dot),13804.0,0,1393067,5824024,281273,604482,320061
404175,405245,Fall Malefic,33641.0,0,1393067,5857665,281273,604482,320061
405565,406097,Auto,0.0,0,1393067,5857665,281273,604482,320061
384805,406500,Combust III (dot),13804.0,0,1406871,5857665,281273,604482,320061
406485,407555,Fall Malefic,33627.0,0,1406871,5891292,281273,604482,320061
384805,409500,Combust III (dot),13804.0,0,1420675,5891292,281273,604482,320061
409295,409827,Auto,0.0,0,1420675,5891292,281273,604482,320061
408795,409865,Fall Malefic,33627.0,0,1420675,5924919,281273,604482,320061
411105,412175,Fall Malefic,33627.0,0,1420675,5958546,281273,604482,320061
384805,412500,Combust III (dot),13804.0,0,1434479,5958546,281273,604482,320061
412495,413027,Auto,0.0,0,1434479,5958546,281273,604482,320061
413416,414486,Fall Malefic,33627.0,0,1434479,5992173,281273,604482,320061
414836,415500,Combust III (dot),9325.0,0,1443804,5992173,281273,604482,320061
415695,416227,Auto,0.0,0,1443804,5992173,281273,604482,320061
414836,418500,Combust III (dot),9325.0,0,1453129,5992173,281273,604482,320061
418036,419106,Fall Malefic,33627.0,0,1453129,6025800,281273,604482,320061
418895,419427,Auto,0.0,0,1453129,6025800,281273,604482,320061
420346,421416,Fall Malefic,33627.0,0,1453129,6059427,281273,604482,320061
414836,421500,Combust III (dot),9325.0,0,1462454,6059427,281273,604482,320061
423156,423688,Auto,0.0,0,1462454,6059427,281273,604482,320061
422656,423726,Fall Malefic,33627.0,0,1462454,6093054,281273,604482,320061
414836,424500,Combust III (dot),9325.0,0,1471779,6093054,281273,604482,320061
424966,426036,Fall Malefic,33627.0,0,1471779,6126681,281273,604482,320061
426356,426888,Auto,0.0,0,1471779,6126681,281273,604482,320061
414836,427500,Combust III (dot),9325.0,0,1481104,6126681,281273,604482,320061
427276,428346,Fall Malefic,33627.0,0,1481104,6160308,281273,604482,320061
414836,430500,Combust III (dot),9325.0,0,1490429,6160308,281273,604482,320061
430086,430618,Auto,0.0,0,1490429,6160308,281273,604482,320061
429586,430656,Fall Malefic,33627.0,0,1490429,6193935,281273,604482,320061
431706,431706,Stellar Explosion (pet),36993.0,0,1490429,6193935,281273,604482,357054
431896,432966,Fall Malefic,33627.0,0,1490429,6227562,281273,604482,357054
414836,433500,Combust III (dot),9325.0,0,1499754,6227562,281273,604482,357054
433286,433818,Auto,0.0,0,1499754,6227562,281273,604482,357054
434206,435276,Fall Malefic,33627.0,0,1499754,6261189,281273,604482,357054
414836,436500,Combust III (dot),9325.0,0,1509079,6261189,281273,604482,357054
437016,437548,Auto,0.0,0,1509079,6261189,281273,604482,357054
436516,437586,Fall Malefic,33627.0,0,1509079,6294816,281273,604482,357054
414836,439500,Combust III (dot),9325.0,0,1518404,6294816,281273,604482,357054
438826,439896,Fall Malefic,33627.0,0,1518404,6328443,281273,604482,357054
440216,440748,Auto,0.0,0,1518404,6328443,281273,604482,357054
441136,442206,Fall Malefic,33627.0,0,1518404,6362070,281273,604482,357054
414836,442500,Combust III (dot),9325.0,0,1527729,6362070,281273,604482,357054
443946,444478,Auto,0.0,0,1527729,6362070,281273,604482,357054
443446,444516,Fall Malefic,33544.0,0,1527729,6395614,281273,604482,357054
444866,445500,Combust III (dot),9302.0,0,1537031,6395614,281273,604482,357054
447146,447678,Auto,0.0,0,1537031,6395614,281273,604482,357054
444866,448500,Combust III (dot),9302.0,0,1546333,6395614,281273,604482,357054
448066,449136,Fall Malefic,33544.0,0,1546333,6429158,281273,604482,357054
450876,451408,Auto,0.0,0,1546333,6429158,281273,604482,357054
450376,451446,Fall Malefic,33544.0,0,1546333,6462702,281273,604482,357054
444866,451500,Combust III (dot),9302.0,0,1555635,6462702,281273,604482,357054
452686,453756,Fall Malefic,33544.0,0,1555635,6496246,281273,604482,357054
444866,454500,Combust III (dot),9302.0,0,1564937,6496246,281273,604482,357054
454076,454608,Auto,0.0,0,1564937,6496246,281273,604482,357054
454996,456066,Fall Malefic,33544.0,0,1564937,6529790,281273,604482,357054
444866,457500,Combust III (dot),9302.0,0,1574239,6529790,281273,604482,357054
457806,458338,Auto,0.0,0,1574239,6529790,281273,604482,357054
457306,458376,Fall Malefic,33544.0,0,1574239,6563334,281273,604482,357054
444866,460500,Combust III (dot),9302.0,0,1583541,6563334,281273,604482,357054
459616,460686,Fall Malefic,33544.0,0,1583541,6596878,281273,604482,357054
461006,461538,Auto,0.0,0,1583541,6596878,281273,604482,357054
461926,462996,Fall Malefic,33544.0,0,1583541,6630422,281273,604482,357054
444866,463500,Combust III (dot),9302.0,0,1592843,6630422,281273,604482,357054
464736,465268,Auto,0.0,0,1592843,6630422,281273,604482,357054
464236,465306,Fall Malefic,33544.0,0,1592843,6663966,281273,604482,357054
444866,466500,Combust III (dot),9302.0,0,1602145,6663966,281273,604482,357054
466546,467616,Fall Malefic,33544.0,0,1602145,6697510,281273,604482,357054
467936,468468,Auto,0.0,0,1602145,6697510,281273,604482,357054
444866,469500,Combust III (dot),9302.0,0,1611447,6697510,281273,604482,357054
468856,469926,Fall Malefic,33544.0,0,1611447,6731054,281273,604482,357054
471666,472198,Auto,0.0,0,1611447,6731054,281273,604482,357054
471166,472236,Fall Malefic,33544.0,0,1611447,6764598,281273,604482,357054
444866,472500,Combust III (dot),9302.0,0,1620749,6764598,281273,604482,357054
473476,474546,Fall Malefic,33544.0,0,1620749,6798142,281273,604482,357054
474866,475398,Auto,0.0,0,1620749,6798142,281273,604482,357054
474896,478500,Combust III (dot),9302.0,0,1630051,6798142,281273,604482,357054
478596,479128,Auto,0.0,0,1630051,6798142,281273,604482,357054
478096,479166,Fall Malefic,33544.0,0,1630051,6831686,281273,604482,357054
479516,480586,Fall Malefic,33544.0,0,1630051,6865230,281273,604482,357054
474896,481500,Combust III (dot),9302.0,0,1639353,6865230,281273,604482,357054
481796,482328,Auto,0.0,0,1639353,6865230,281273,604482,357054
481826,482896,Fall Malefic,33641.0,0,1639353,6898871,281273,604482,357054
474896,484500,Combust III (dot),9302.0,0,1648655,6898871,281273,604482,357054
484136,485206,Fall Malefic,33641.0,0,1648655,6932512,281273,604482,357054
484996,485528,Auto,0.0,0,1648655,6932512,281273,604482,357054
474896,487500,Combust III (dot),9302.0,0,1657957,6932512,281273,604482,357054
486447,487517,Fall Malefic,43388.0,0,1657957,6975900,281273,604482,357054
487687,488307,Lord of Crowns,68212.0,0,1657957,6975900,349485,604482,357054
488196,488728,Auto,0.0,0,1657957,6975900,349485,604482,357054
488757,489827,Fall Malefic,45992.0,0,1657957,7021892,349485,604482,357054
474896,490500,Combust III (dot),9302.0,0,1667259,7021892,349485,604482,357054
491766,491766,Stellar Explosion (pet),50594.0,0,1667259,7021892,349485,604482,407648
491396,491928,Auto,0.0,0,1667259,7021892,349485,604482,407648
491067,492137,Fall Malefic,45992.0,0,1667259,7067884,349485,604482,407648
491687,493427,Oracle,146593.0,0,1667259,7067884,349485,751075,407648
474896,493500,Combust III (dot),9302.0,0,1676561,7067884,349485,751075,407648
493377,494447,Fall Malefic,45992.0,0,1676561,7113876,349485,751075,407648
494596,495128,Auto,0.0,0,1676561,7113876,349485,751075,407648
474896,496500,Combust III (dot),9302.0,0,1685863,7113876,349485,751075,407648
496577,497647,Fall Malefic,45992.0,0,1685863,7159868,349485,751075,407648
497796,498328,Auto,0.0,0,1685863,7159868,349485,751075,407648
474896,499500,Combust III (dot),9302.0,0,1695165,7159868,349485,751075,407648
498887,499957,Fall Malefic,45992.0,0,1695165,7205860,349485,751075,407648
501697,502229,Auto,0.0,0,1695165,7205860,349485,751075,407648
501197,502267,Fall Malefic,45992.0,0,1695165,7251852,349485,751075,407648
474896,502500,Combust III (dot),9302.0,0,1704467,7251852,349485,751075,407648
503507,504577,Fall Malefic,45992.0,0,1704467,7297844,349485,751075,407648
504897,505429,Auto,0.0,0,1704467,7297844,349485,751075,407648
474896,505500,Combust III (dot),9302.0,0,1713769,7297844,349485,751075,407648
507237,508307,Fall Malefic,33641.0,0,1713769,7331485,349485,751075,407648
504927,508500,Combust III (dot),12753.0,0,1726522,7331485,349485,751075,407648
508097,508629,Auto,0.0,0,1726522,7331485,349485,751075,407648
504927,511500,Combust III (dot),12753.0,0,1739275,7331485,349485,751075,407648
510437,511507,Fall Malefic,33641.0,0,1739275,7365126,349485,751075,407648
511297,511829,Auto,0.0,0,1739275,7365126,349485,751075,407648
512747,513817,Fall Malefic,33641.0,0,1739275,7398767,349485,751075,407648
504927,514500,Combust III (dot),12753.0,0,1752028,7398767,349485,751075,407648
515557,516089,Auto,0.0,0,1752028,7398767,349485,751075,407648
515057,516127,Fall Malefic,33641.0,0,1752028,7432408,349485,751075,407648
504927,517500,Combust III (dot),12753.0,0,1764781,7432408,349485,751075,407648
517367,518437,Fall Malefic,33641.0,0,1764781,7466049,349485,751075,407648
518757,519289,Auto,0.0,0,1764781,7466049,349485,751075,407648
504927,520500,Combust III (dot),12753.0,0,1777534,7466049,349485,751075,407648
519677,520747,Fall Malefic,33641.0,0,1777534,7499690,349485,751075,407648
522487,523019,Auto,0.0,0,1777534,7499690,349485,751075,407648
521987,523057,Fall Malefic,33641.0,0,1777534,7533331,349485,751075,407648
504927,523500,Combust III (dot),12753.0,0,1790287,7533331,349485,751075,407648
524297,525367,Fall Malefic,33641.0,0,1790287,7566972,349485,751075,407648
525687,526219,Auto,0.0,0,1790287,7566972,349485,751075,407648
504927,526500,Combust III (dot),12753.0,0,1803040,7566972,349485,751075,407648
526607,527677,Fall Malefic,33627.0,0,1803040,7600599,349485,751075,407648
504927,529500,Combust III (dot),12753.0,0,1815793,7600599,349485,751075,407648
529417,529949,Auto,0.0,0,1815793,7600599,349485,751075,407648
528917,529987,Fall Malefic,33627.0,0,1815793,7634226,349485,751075,407648
531227,532297,Fall Malefic,33627.0,0,1815793,7667853,349485,751075,407648
504927,532500,Combust III (dot),12753.0,0,1828546,7667853,349485,751075,407648
532617,533149,Auto,0.0,0,1828546,7667853,349485,751075,407648
533537,534607,Fall Malefic,33627.0,0,1828546,7701480,349485,751075,407648
504927,535500,Combust III (dot),12753.0,0,1841299,7701480,349485,751075,407648
535817,536349,Auto,0.0,0,1841299,7701480,349485,751075,407648
534957,538500,Combust III (dot),9325.0,0,1850624,7701480,349485,751075,407648
538157,539227,Fall Malefic,33627.0,0,1850624,7735107,349485,751075,407648
539017,539549,Auto,0.0,0,1850624,7735107,349485,751075,407648
534957,541500,Combust III (dot),9325.0,0,1859949,7735107,349485,751075,407648
540467,541537,Fall Malefic,33627.0,0,1859949,7768734,349485,751075,407648
543277,543809,Auto,0.0,0,1859949,7768734,349485,751075,407648
542777,543847,Fall Malefic,33627.0,0,1859949,7802361,349485,751075,407648
534957,544500,Combust III (dot),9325.0,0,1869274,7802361,349485,751075,407648
545087,546157,Fall Malefic,33627.0,0,1869274,7835988,349485,751075,407648
546477,547009,Auto,0.0,0,1869274,7835988,349485,751075,407648
534957,547500,Combust III (dot),9325.0,0,1878599,7835988,349485,751075,407648
547397,548467,Fall Malefic,33627.0,0,1878599,7869615,349485,751075,407648
534957,550500,Combust III (dot),9325.0,0,1887924,7869615,349485,751075,407648
550207,550739,Auto,0.0,0,1887924,7869615,349485,751075,407648
549707,550777,Fall Malefic,33627.0,0,1887924,7903242,349485,751075,407648
551827,551827,Stellar Explosion (pet),36993.0,0,1887924,7903242,349485,751075,444641
552017,553087,Fall Malefic,33627.0,0,1887924,7936869,349485,751075,444641
534957,553500,Combust III (dot),9325.0,0,1897249,7936869,349485,751075,444641
553407,553939,Auto,0.0,0,1897249,7936869,349485,751075,444641
554327,555397,Fall Malefic,33627.0,0,1897249,7970496,349485,751075,444641
534957,556500,Combust III (dot),9325.0,0,1906574,7970496,349485,751075,444641
557137,557669,Auto,0.0,0,1906574,7970496,349485,751075,444641
556637,557707,Fall Malefic,33627.0,0,1906574,8004123,349485,751075,444641
534957,559500,Combust III (dot),9325.0,0,1915899,8004123,349485,751075,444641
558947,560017,Fall Malefic,33627.0,0,1915899,8037750,349485,751075,444641
560337,560869,Auto,0.0,0,1915899,8037750,349485,751075,444641
561258,562328,Fall Malefic,33627.0,0,1915899,8071377,349485,751075,444641
534957,562500,Combust III (dot),9325.0,0,1925224,8071377,349485,751075,444641
564068,564600,Auto,0.0,0,1925224,8071377,349485,751075,444641
563568,564638,Fall Malefic,33544.0,0,1925224,8104921,349485,751075,444641
534957,565500,Combust III (dot),9325.0,0,1934549,8104921,349485,751075,444641
567268,567800,Auto,0.0,0,1934549,8104921,349485,751075,444641
564988,568500,Combust III (dot),9302.0,0,1943851,8104921,349485,751075,444641
568188,569258,Fall Malefic,33544.0,0,1943851,8138465,349485,751075,444641
564988,571500,Combust III (dot),9302.0,0,1953153,8138465,349485,751075,444641
570998,571530,Auto,0.0,0,1953153,8138465,349485,751075,444641
570498,571568,Fall Malefic,33544.0,0,1953153,8172009,349485,751075,444641
572808,573878,Fall Malefic,33544.0,0,1953153,8205553,349485,751075,444641
564988,574500,Combust III (dot),9302.0,0,1962455,8205553,349485,751075,444641
574198,574730,Auto,0.0,0,1962455,8205553,349485,751075,444641
575118,576188,Fall Malefic,33544.0,0,1962455,8239097,349485,751075,444641
564988,577500,Combust III (dot),9302.0,0,1971757,8239097,349485,751075,444641
577928,578460,Auto,0.0,0,1971757,8239097,349485,751075,444641
577428,578498,Fall Malefic,33544.0,0,1971757,8272641,349485,751075,444641
564988,580500,Combust III (dot),9302.0,0,1981059,8272641,349485,751075,444641
579738,580808,Fall Malefic,33544.0,0,1981059,8306185,349485,751075,444641
581128,581660,Auto,0.0,0,1981059,8306185,349485,751075,444641
582048,583118,Fall Malefic,33544.0,0,1981059,8339729,349485,751075,444641
564988,583500,Combust III (dot),9302.0,0,1990361,8339729,349485,751075,444641
584858,585390,Auto,0.0,0,1990361,8339729,349485,751075,444641
584358,585428,Fall Malefic,33544.0,0,1990361,8373273,349485,751075,444641
564988,586500,Combust III (dot),9302.0,0,1999663,8373273,349485,751075,444641
586668,587738,Fall Malefic,33544.0,0,1999663,8406817,349485,751075,444641
588058,588590,Auto,0.0,0,1999663,8406817,349485,751075,444641
564988,589500,Combust III (dot),9302.0,0,2008965,8406817,349485,751075,444641
588978,590048,Fall Malefic,33544.0,0,2008965,8440361,349485,751075,444641
591788,592320,Auto,0.0,0,2008965,8440361,349485,751075,444641
591288,592358,Fall Malefic,33544.0,0,2008965,8473905,349485,751075,444641
564988,592500,Combust III (dot),9302.0,0,2018267,8473905,349485,751075,444641
593598,594668,Fall Malefic,33544.0,0,2018267,8507449,349485,751075,444641
564988,595500,Combust III (dot),9302.0,0,2027569,8507449,349485,751075,444641
594988,595520,Auto,0.0,0,2027569,8507449,349485,751075,444641
595018,598500,Combust III (dot),9302.0,0,2036871,8507449,349485,751075,444641
598718,599250,Auto,0.0,0,2036871,8507449,349485,751075,444641
598218,599288,Fall Malefic,33544.0,0,2036871,8540993,349485,751075,444641
599638,600708,Fall Malefic,33544.0,0,2036871,8574537,349485,751075,444641
595018,601500,Combust III (dot),9302.0,0,2046173,8574537,349485,751075,444641
601918,602450,Auto,0.0,0,2046173,8574537,349485,751075,444641
601948,603018,Fall Malefic,33641.0,0,2046173,8608178,349485,751075,444641
595018,604500,Combust III (dot),9302.0,0,2055475,8608178,349485,751075,444641
604258,605328,Fall Malefic,33641.0,0,2055475,8641819,349485,751075,444641
605118,605650,Auto,0.0,0,2055475,8641819,349485,751075,444641
595018,607500,Combust III (dot),9302.0,0,2064777,8641819,349485,751075,444641
606568,607638,Fall Malefic,41333.0,0,2064777,8683152,349485,751075,444641
607808,608428,Lord of Crowns,68212.0,0,2064777,8683152,417697,751075,444641
608318,608850,Auto,0.0,0,2064777,8683152,417697,751075,444641
608878,609948,Fall Malefic,45992.0,0,2064777,8729144,417697,751075,444641
595018,610500,Combust III (dot),9302.0,0,2074079,8729144,417697,751075,444641
611888,611888,Stellar Explosion (pet),50594.0,0,2074079,8729144,417697,751075,495235
611518,612050,Auto,0.0,0,2074079,8729144,417697,751075,495235
611188,612258,Fall Malefic,45992.0,0,2074079,8775136,417697,751075,495235
595018,613500,Combust III (dot),9302.0,0,2083381,8775136,417697,751075,495235
611808,613548,Oracle,146593.0,0,2083381,8775136,417697,897668,495235
613498,614568,Fall Malefic,45992.0,0,2083381,8821128,417697,897668,495235
614718,615250,Auto,0.0,0,2083381,8821128,417697,897668,495235
595018,616500,Combust III (dot),9302.0,0,2092683,8821128,417697,897668,495235
616698,617768,Fall Malefic,45992.0,0,2092683,8867120,417697,897668,495235
617918,618450,Auto,0.0,0,2092683,8867120,417697,897668,495235
595018,619500,Combust III (dot),9302.0,0,2101985,8867120,417697,897668,495235
619008,620078,Fall Malefic,45992.0,0,2101985,8913112,417697,897668,495235
621818,622350,Auto,0.0,0,2101985,8913112,417697,897668,495235
621318,622388,Fall Malefic,45992.0,0,2101985,8959104,417697,897668,495235
595018,622500,Combust III (dot),9302.0,0,2111287,8959104,417697,897668,495235
623628,624698,Fall Malefic,45992.0,0,2111287,9005096,417697,897668,495235
595018,625500,Combust III (dot),9302.0,0,2120589,9005096,417697,897668,495235
625018,625550,Auto,0.0,0,2120589,9005096,417697,897668,495235
627358,628428,Fall Malefic,35658.0,0,2120589,9040754,417697,897668,495235
625048,628500,Combust III (dot),12753.0,0,2133342,9040754,417697,897668,495235
628218,628750,Auto,0.0,0,2133342,9040754,417697,897668,495235
625048,631500,Combust III (dot),12753.0,0,2146095,9040754,417697,897668,495235
630558,631628,Fall Malefic,33641.0,0,2146095,9074395,417697,897668,495235
631418,631950,Auto,0.0,0,2146095,9074395,417697,897668,495235
632868,633938,Fall Malefic,33641.0,0,2146095,9108036,417697,897668,495235
625048,634500,Combust III (dot),12753.0,0,2158848,9108036,417697,897668,495235
635678,636210,Auto,0.0,0,2158848,9108036,417697,897668,495235
635178,636248,Fall Malefic,33641.0,0,2158848,9141677,417697,897668,495235
625048,637500,Combust III (dot),12753.0,0,2171601,9141677,417697,897668,495235
637489,638559,Fall Malefic,33641.0,0,2171601,9175318,417697,897668,495235
638878,639410,Auto,0.0,0,2171601,9175318,417697,897668,495235
625048,640500,Combust III (dot),12753.0,0,2184354,9175318,417697,897668,495235
639799,640869,Fall Malefic,33641.0,0,2184354,9208959,417697,897668,495235
642609,643141,Auto,0.0,0,2184354,9208959,417697,897668,495235
642109,643179,Fall Malefic,33641.0,0,2184354,9242600,417697,897668,495235
625048,643500,Combust III (dot),12753.0,0,2197107,9242600,417697,897668,495235
644419,645489,Fall Malefic,33641.0,0,2197107,9276241,417697,897668,495235
645809,646341,Auto,0.0,0,2197107,9276241,417697,897668,495235
625048,646500,Combust III (dot),12753.0,0,2209860,9276241,417697,897668,495235
646729,647799,Fall Malefic,33627.0,0,2209860,9309868,417697,897668,495235
625048,649500,Combust III (dot),12753.0,0,2222613,9309868,417697,897668,495235
649539,650071,Auto,0.0,0,2222613,9309868,417697,897668,495235
649039,650109,Fall Malefic,33627.0,0,2222613,9343495,417697,897668,495235
651349,652419,Fall Malefic,33627.0,0,2222613,9377122,417697,897668,495235
625048,652500,Combust III (dot),12753.0,0,2235366,9377122,417697,897668,495235
652739,653271,Auto,0.0,0,2235366,9377122,417697,897668,495235
653659,654729,Fall Malefic,33627.0,0,2235366,9410749,417697,897668,495235
625048,655500,Combust III (dot),12753.0,0,2248119,9410749,417697,897668,495235
655939,656471,Auto,0.0,0,2248119,9410749,417697,897668,495235
655079,658500,Combust III (dot),9325.0,0,2257444,9410749,417697,897668,495235
658279,659349,Fall Malefic,33627.0,0,2257444,9444376,417697,897668,495235
659139,659671,Auto,0.0,0,2257444,9444376,417697,897668,495235
655079,661500,Combust III (dot),9325.0,0,2266769,9444376,417697,897668,495235
660589,661659,Fall Malefic,33627.0,0,2266769,9478003,417697,897668,495235
663399,663931,Auto,0.0,0,2266769,9478003,417697,897668,495235
662899,663969,Fall Malefic,33627.0,0,2266769,9511630,417697,897668,495235
655079,664500,Combust III (dot),9325.0,0,2276094,9511630,417697,897668,495235
665209,666279,Fall Malefic,33627.0,0,2276094,9545257,417697,897668,495235
666599,667131,Auto,0.0,0,2276094,9545257,417697,897668,495235
655079,667500,Combust III (dot),9325.0,0,2285419,9545257,417697,897668,495235
667519,668589,Fall Malefic,33627.0,0,2285419,9578884,417697,897668,495235
655079,670500,Combust III (dot),9325.0,0,2294744,9578884,417697,897668,495235
670329,670861,Auto,0.0,0,2294744,9578884,417697,897668,495235
669829,670899,Fall Malefic,33627.0,0,2294744,9612511,417697,897668,495235
671949,671949,Stellar Explosion (pet),36993.0,0,2294744,9612511,417697,897668,532228
672139,673209,Fall Malefic,33627.0,0,2294744,9646138,417697,897668,532228
655079,673500,Combust III (dot),9325.0,0,2304069,9646138,417697,897668,532228
673529,674061,Auto,0.0,0,2304069,9646138,417697,897668,532228
674449,675519,Fall Malefic,33627.0,0,2304069,9679765,417697,897668,532228
655079,676500,Combust III (dot),9325.0,0,2313394,9679765,417697,897668,532228
677259,677791,Auto,0.0,0,2313394,9679765,417697,897668,532228
676759,677829,Fall Malefic,33627.0,0,2313394,9713392,417697,897668,532228
655079,679500,Combust III (dot),9325.0,0,2322719,9713392,417697,897668,532228
679069,680139,Fall Malefic,33627.0,0,2322719,9747019,417697,897668,532228
680459,680991,Auto,0.0,0,2322719,9747019,417697,897668,532228
681379,682449,Fall Malefic,33627.0,0,2322719,9780646,417697,897668,532228
655079,682500,Combust III (dot),9325.0,0,2332044,9780646,417697,897668,532228
684189,684721,Auto,0.0,0,2332044,9780646,417697,897668,532228
683689,684759,Fall Malefic,33544.0,0,2332044,9814190,417697,897668,532228
655079,685500,Combust III (dot),9325.0,0,2341369,9814190,417697,897668,532228
687389,687921,Auto,0.0,0,2341369,9814190,417697,897668,532228
685109,688500,Combust III (dot),9302.0,0,2350671,9814190,417697,897668,532228
688309,689379,Fall Malefic,33544.0,0,2350671,9847734,417697,897668,532228
685109,691500,Combust III (dot),9302.0,0,2359973,9847734,417697,897668,532228
691119,691651,Auto,0.0,0,2359973,9847734,417697,897668,532228
690619,691689,Fall Malefic,33544.0,0,2359973,9881278,417697,897668,532228
692929,693999,Fall Malefic,33544.0,0,2359973,9914822,417697,897668,532228
685109,694500,Combust III (dot),9302.0,0,2369275,9914822,417697,897668,532228
694319,694851,Auto,0.0,0,2369275,9914822,417697,897668,532228
695239,696309,Fall Malefic,33544.0,0,2369275,9948366,417697,897668,532228
685109,697500,Combust III (dot),9302.0,0,2378577,9948366,417697,897668,532228
698049,698581,Auto,0.0,0,2378577,9948366,417697,897668,532228
697549,698619,Fall Malefic,33544.0,0,2378577,9981910,417697,897668,532228
685109,700500,Combust III (dot),9302.0,0,2387879,9981910,417697,897668,532228
699859,700929,Fall Malefic,33544.0,0,2387879,10015454,417697,897668,532228
701249,701781,Auto,0.0,0,2387879,10015454,417697,897668,532228
702169,703239,Fall Malefic,33544.0,0,2387879,10048998,417697,897668,532228
685109,703500,Combust III (dot),9302.0,0,2397181,10048998,417697,897668,532228
704979,705511,Auto,0.0,0,2397181,10048998,417697,897668,532228
704479,705549,Fall Malefic,33544.0,0,2397181,10082542,417697,897668,532228
685109,706500,Combust III (dot),9302.0,0,2406483,10082542,417697,897668,532228
706789,707859,Fall Malefic,33544.0,0,2406483,10116086,417697,897668,532228
708179,708711,Auto,0.0,0,2406483,10116086,417697,897668,532228
685109,709500,Combust III (dot),9302.0,0,2415785,10116086,417697,897668,532228
709099,710169,Fall Malefic,33544.0,0,2415785,10149630,417697,897668,532228
711910,712442,Auto,0.0,0,2415785,10149630,417697,897668,532228
711410,712480,Fall Malefic,33544.0,0,2415785,10183174,417697,897668,532228
685109,712500,Combust III (dot),9302.0,0,2425087,10183174,417697,897668,532228
713720,714790,Fall Malefic,33544.0,0,2425087,10216718,417697,897668,532228
685109,715500,Combust III (dot),9302.0,0,2434389,10216718,417697,897668,532228
715110,715642,Auto,0.0,0,2434389,10216718,417697,897668,532228
716030,717100,Fall Malefic,33544.0,0,2434389,10250262,417697,897668,532228
717450,718500,Combust III (dot),10068.0,0,2444457,10250262,417697,897668,532228
718310,718842,Auto,0.0,0,2444457,10250262,417697,897668,532228
719760,720830,Fall Malefic,36301.0,0,2444457,10286563,417697,897668,532228
717450,721500,Combust III (dot),10068.0,0,2454525,10286563,417697,897668,532228
721510,722042,Auto,0.0,0,2454525,10286563,417697,897668,532228
722070,723140,Fall Malefic,36406.0,0,2454525,10322969,417697,897668,532228
717450,724500,Combust III (dot),10068.0,0,2464593,10322969,417697,897668,532228
724710,725242,Auto,0.0,0,2464593,10322969,417697,897668,532228
724380,725450,Fall Malefic,36406.0,0,2464593,10359375,417697,897668,532228
717450,727500,Combust III (dot),10068.0,0,2474661,10359375,417697,897668,532228
726690,727760,Fall Malefic,42600.0,0,2474661,10401975,417697,897668,532228
727910,728442,Auto,0.0,0,2474661,10401975,417697,897668,532228
727930,728550,Lord of Crowns,73817.0,0,2474661,10401975,491514,897668,532228
729000,730070,Fall Malefic,49772.0,0,2474661,10451747,491514,897668,532228
717450,730500,Combust III (dot),10068.0,0,2484729,10451747,491514,897668,532228
731110,731642,Auto,0.0,0,2484729,10451747,491514,897668,532228
732010,732010,Stellar Explosion (pet),54984.0,0,2484729,10451747,491514,897668,587212
731310,732380,Fall Malefic,49772.0,0,2484729,10501519,491514,897668,587212
717450,733500,Combust III (dot),10068.0,0,2494797,10501519,491514,897668,587212
731930,733670,Oracle,158641.0,0,2494797,10501519,491514,1056309,587212
735010,735542,Auto,0.0,0,2494797,10501519,491514,1056309,587212
734510,735580,Fall Malefic,49772.0,0,2494797,10551291,491514,1056309,587212
717450,736500,Combust III (dot),10068.0,0,2504865,10551291,491514,1056309,587212
736820,737890,Fall Malefic,49772.0,0,2504865,10601063,491514,1056309,587212
738210,738742,Auto,0.0,0,2504865,10601063,491514,1056309,587212
717450,739500,Combust III (dot),10068.0,0,2514933,10601063,491514,1056309,587212
739130,740200,Fall Malefic,49772.0,0,2514933,10650835,491514,1056309,587212
741940,742472,Auto,0.0,0,2514933,10650835,491514,1056309,587212
717450,742500,Combust III (dot),10068.0,0,2525001,10650835,491514,1056309,587212
741440,742510,Fall Malefic,49772.0,0,2525001,10700607,491514,1056309,587212
743750,744820,Fall Malefic,49772.0,0,2525001,10750379,491514,1056309,587212
717450,745500,Combust III (dot),10068.0,0,2535069,10750379,491514,1056309,587212
745140,745672,Auto,0.0,0,2535069,10750379,491514,1056309,587212
745170,746240,Fall Malefic,49772.0,0,2535069,10800151,491514,1056309,587212
747480,748550,Fall Malefic,35322.0,0,2535069,10835473,491514,1056309,587212
748340,748872,Auto,0.0,0,2535069,10835473,491514,1056309,587212
749790,750860,Fall Malefic,33641.0,0,2535069,10869114,491514,1056309,587212
