sim_timestamp,sim_damage_timestamp,sim_name,sim_potency,sim_weight,Auto,Combust III (dot),Fall Malefic,Lord of Crowns,Oracle,Stellar Explosion (pet)
1310,4500,Combust III (dot),70,1.0,0,70,0,0,0,0
3620,4690,Fall Malefic,270,1.0,0,70,270,0,0,0
4500,5032,Auto,90,1.0,90,70,270,0,0,0
5960,7030,Fall Malefic,270,1.0,90,70,540,0,0,0
1310,7500,Combust III (dot),70,1.0,90,140,540,0,0,0
7200,7820,Lord of Crowns,400,1.0,90,140,540,400,0,0
8000,8000,Stellar Explosion (pet),310,1.0,90,140,540,400,0,310
7700,8232,Auto,90,1.0,180,140,540,400,0,310
8270,9340,Fall Malefic,270,1.0,180,140,810,400,0,310
1310,10500,Combust III (dot),70,1.0,180,210,810,400,0,310
10900,11432,Auto,90,1.0,270,210,810,400,0,310
10580,11650,Fall Malefic,270,1.0,270,210,1080,400,0,310
11200,12940,Oracle,860,1.0,270,210,1080,400,860,310
1310,13500,Combust III (dot),70,1.0,270,280,1080,400,860,310
12890,13960,Fall Malefic,270,1.0,270,280,1350,400,860,310
14100,14632,Auto,90,1.0,360,280,1350,400,860,310
1310,16500,Combust III (dot),70,1.0,360,350,1350,400,860,310
16090,17160,Fall Malefic,270,1.0,360,350,1620,400,860,310
17300,17832,Auto,90,1.0,450,350,1620,400,860,310
18400,19470,Fall Malefic,270,1.0,450,350,1890,400,860,310
1310,19500,Combust III (dot),70,1.0,450,420,1890,400,860,310
21210,21742,Auto,90,1.0,540,420,1890,400,860,310
20710,21780,Fall Malefic,270,1.0,540,420,2160,400,860,310
1310,22500,Combust III (dot),70,1.0,540,490,2160,400,860,310
23020,24090,Fall Malefic,270,1.0,540,490,2430,400,860,310
24410,24942,Auto,90,1.0,630,490,2430,400,860,310
24440,25500,Combust III (dot),70,1.0,630,560,2430,400,860,310
26750,27820,Fall Malefic,270,1.0,630,560,2700,400,860,310
27610,28142,Auto,90,1.0,720,560,2700,400,860,310
24440,28500,Combust III (dot),70,1.0,720,630,2700,400,860,310
29950,31020,Fall Malefic,270,1.0,720,630,2970,400,860,310
30810,31342,Auto,90,1.0,810,630,2970,400,860,310
24440,31500,Combust III (dot),70,1.0,810,700,2970,400,860,310
32260,33330,Fall Malefic,270,1.0,810,700,3240,400,860,310
24440,34500,Combust III (dot),70,1.0,810,770,3240,400,860,310
35070,35602,Auto,90,1.0,900,770,3240,400,860,310
34570,35640,Fall Malefic,270,1.0,900,770,3510,400,860,310
24440,37500,Combust III (dot),70,1.0,900,840,3510,400,860,310
36880,37950,Fall Malefic,270,1.0,900,840,3780,400,860,310
38270,38802,Auto,90,1.0,990,840,3780,400,860,310
39190,40260,Fall Malefic,270,1.0,990,840,4050,400,860,310
24440,40500,Combust III (dot),70,1.0,990,910,4050,400,860,310
42001,42533,Auto,90,1.0,1080,910,4050,400,860,310
41501,42571,Fall Malefic,270,1.0,1080,910,4320,400,860,310
24440,43500,Combust III (dot),70,1.0,1080,980,4320,400,860,310
43811,44881,Fall Malefic,270,1.0,1080,980,4590,400,860,310
45201,45733,Auto,90,1.0,1170,980,4590,400,860,310
24440,46500,Combust III (dot),70,1.0,1170,1050,4590,400,860,310
46121,47191,Fall Malefic,270,1.0,1170,1050,4860,400,860,310
48931,49463,Auto,90,1.0,1260,1050,4860,400,860,310
24440,49500,Combust III (dot),70,1.0,1260,1120,4860,400,860,310
48431,49501,Fall Malefic,270,1.0,1260,1120,5130,400,860,310
50741,51811,Fall Malefic,270,1.0,1260,1120,5400,400,860,310
24440,52500,Combust III (dot),70,1.0,1260,1190,5400,400,860,310
52131,52663,Auto,90,1.0,1350,1190,5400,400,860,310
53051,54121,Fall Malefic,270,1.0,1350,1190,5670,400,860,310
54471,55500,Combust III (dot),70,1.0,1350,1260,5670,400,860,310
55331,55863,Auto,90,1.0,1440,1260,5670,400,860,310
54471,58500,Combust III (dot),70,1.0,1440,1330,5670,400,860,310
57671,58741,Fall Malefic,270,1.0,1440,1330,5940,400,860,310
58531,59063,Auto,90,1.0,1530,1330,5940,400,860,310
59981,61051,Fall Malefic,270,1.0,1530,1330,6210,400,860,310
54471,61500,Combust III (dot),70,1.0,1530,1400,6210,400,860,310
62791,63323,Auto,90,1.0,1620,1400,6210,400,860,310
62291,63361,Fall Malefic,270,1.0,1620,1400,6480,400,860,310
54471,64500,Combust III (dot),70,1.0,1620,1470,6480,400,860,310
64601,65671,Fall Malefic,270,1.0,1620,1470,6750,400,860,310
65991,66523,Auto,90,1.0,1710,1470,6750,400,860,310
54471,67500,Combust III (dot),70,1.0,1710,1540,6750,400,860,310
66911,67981,Fall Malefic,270,1.0,1710,1540,7020,400,860,310
69031,69031,Stellar Explosion (pet),310,1.0,1710,1540,7020,400,860,620
69721,70253,Auto,90,1.0,1800,1540,7020,400,860,620
69221,70291,Fall Malefic,270,1.0,1800,1540,7290,400,860,620
54471,70500,Combust III (dot),70,1.0,1800,1610,7290,400,860,620
71531,72601,Fall Malefic,270,1.0,1800,1610,7560,400,860,620
72921,73453,Auto,90,1.0,1890,1610,7560,400,860,620
54471,73500,Combust III (dot),70,1.0,1890,1680,7560,400,860,620
73841,74911,Fall Malefic,270,1.0,1890,1680,7830,400,860,620
54471,76500,Combust III (dot),70,1.0,1890,1750,7830,400,860,620
76651,77183,Auto,90,1.0,1980,1750,7830,400,860,620
76151,77221,Fall Malefic,270,1.0,1980,1750,8100,400,860,620
54471,79500,Combust III (dot),70,1.0,1980,1820,8100,400,860,620
78461,79531,Fall Malefic,270,1.0,1980,1820,8370,400,860,620
79851,80383,Auto,90,1.0,2070,1820,8370,400,860,620
80771,81841,Fall Malefic,270,1.0,2070,1820,8640,400,860,620
54471,82500,Combust III (dot),70,1.0,2070,1890,8640,400,860,620
83581,84113,Auto,90,1.0,2160,1890,8640,400,860,620
83081,84151,Fall Malefic,270,1.0,2160,1890,8910,400,860,620
84501,85500,Combust III (dot),70,1.0,2160,1960,8910,400,860,620
86781,87313,Auto,90,1.0,2250,1960,8910,400,860,620
84501,88500,Combust III (dot),70,1.0,2250,2030,8910,400,860,620
87701,88771,Fall Malefic,270,1.0,2250,2030,9180,400,860,620
90511,91043,Auto,90,1.0,2340,2030,9180,400,860,620
90011,91081,Fall Malefic,270,1.0,2340,2030,9450,400,860,620
84501,91500,Combust III (dot),70,1.0,2340,2100,9450,400,860,620
92321,93391,Fall Malefic,270,1.0,2340,2100,9720,400,860,620
93711,94243,Auto,90,1.0,2430,2100,9720,400,860,620
84501,94500,Combust III (dot),70,1.0,2430,2170,9720,400,860,620
94631,95701,Fall Malefic,270,1.0,2430,2170,9990,400,860,620
84501,97500,Combust III (dot),70,1.0,2430,2240,9990,400,860,620
97441,97973,Auto,90,1.0,2520,2240,9990,400,860,620
96941,98011,Fall Malefic,270,1.0,2520,2240,10260,400,860,620
99251,100321,Fall Malefic,270,1.0,2520,2240,10530,400,860,620
84501,100500,Combust III (dot),70,1.0,2520,2310,10530,400,860,620
100641,101173,Auto,90,1.0,2610,2310,10530,400,860,620
101561,102631,Fall Malefic,270,1.0,2610,2310,10800,400,860,620
84501,103500,Combust III (dot),70,1.0,2610,2380,10800,400,860,620
104371,104903,Auto,90,1.0,2700,2380,10800,400,860,620
103871,104941,Fall Malefic,270,1.0,2700,2380,11070,400,860,620
84501,106500,Combust III (dot),70,1.0,2700,2450,11070,400,860,620
106181,107251,Fall Malefic,270,1.0,2700,2450,11340,400,860,620
107571,108103,Auto,90,1.0,2790,2450,11340,400,860,620
84501,109500,Combust III (dot),70,1.0,2790,2520,11340,400,860,620
108491,109561,Fall Malefic,270,1.0,2790,2520,11610,400,860,620
111301,111833,Auto,90,1.0,2880,2520,11610,400,860,620
110801,111871,Fall Malefic,270,1.0,2880,2520,11880,400,860,620
84501,112500,Combust III (dot),70,1.0,2880,2590,11880,400,860,620
113111,114181,Fall Malefic,270,1.0,2880,2590,12150,400,860,620
114501,115033,Auto,90,1.0,2970,2590,12150,400,860,620
114532,115500,Combust III (dot),70,1.0,2970,2660,12150,400,860,620
114532,118500,Combust III (dot),70,1.0,2970,2730,12150,400,860,620
118232,118764,Auto,90,1.0,3060,2730,12150,400,860,620
117732,118802,Fall Malefic,270,1.0,3060,2730,12420,400,860,620
119152,120222,Fall Malefic,270,1.0,3060,2730,12690,400,860,620
114532,121500,Combust III (dot),70,1.0,3060,2800,12690,400,860,620
121432,121964,Auto,90,1.0,3150,2800,12690,400,860,620
121462,122532,Fall Malefic,270,1.0,3150,2800,12960,400,860,620
114532,124500,Combust III (dot),70,1.0,3150,2870,12960,400,860,620
123772,124842,Fall Malefic,270,1.0,3150,2870,13230,400,860,620
124632,125164,Auto,90,1.0,3240,2870,13230,400,860,620
126082,127152,Fall Malefic,270,1.0,3240,2870,13500,400,860,620
114532,127500,Combust III (dot),70,1.0,3240,2940,13500,400,860,620
127322,127942,Lord of Crowns,400,1.0,3240,2940,13500,800,860,620
127832,128364,Auto,90,1.0,3330,2940,13500,800,860,620
129091,129091,Stellar Explosion (pet),310,1.0,3330,2940,13500,800,860,930
128392,129462,Fall Malefic,270,1.0,3330,2940,13770,800,860,930
114532,130500,Combust III (dot),70,1.0,3330,3010,13770,800,860,930
131032,131564,Auto,90,1.0,3420,3010,13770,800,860,930
130702,131772,Fall Malefic,270,1.0,3420,3010,14040,800,860,930
131322,133062,Oracle,860,1.0,3420,3010,14040,800,1720,930
114532,133500,Combust III (dot),70,1.0,3420,3080,14040,800,1720,930
133012,134082,Fall Malefic,270,1.0,3420,3080,14310,800,1720,930
134232,134764,Auto,90,1.0,3510,3080,14310,800,1720,930
114532,136500,Combust III (dot),70,1.0,3510,3150,14310,800,1720,930
136212,137282,Fall Malefic,270,1.0,3510,3150,14580,800,1720,930
137432,137964,Auto,90,1.0,3600,3150,14580,800,1720,930
114532,139500,Combust III (dot),70,1.0,3600,3220,14580,800,1720,930
138522,139592,Fall Malefic,270,1.0,3600,3220,14850,800,1720,930
141332,141864,Auto,90,1.0,3690,3220,14850,800,1720,930
140832,141902,Fall Malefic,270,1.0,3690,3220,15120,800,1720,930
114532,142500,Combust III (dot),70,1.0,3690,3290,15120,800,1720,930
142252,143322,Fall Malefic,270,1.0,3690,3290,15390,800,1720,930
144532,145064,Auto,90,1.0,3780,3290,15390,800,1720,930
144562,145500,Combust III (dot),70,1.0,3780,3360,15390,800,1720,930
144562,148500,Combust III (dot),70,1.0,3780,3430,15390,800,1720,930
148262,148794,Auto,90,1.0,3870,3430,15390,800,1720,930
147762,148832,Fall Malefic,270,1.0,3870,3430,15660,800,1720,930
150072,151142,Fall Malefic,270,1.0,3870,3430,15930,800,1720,930
144562,151500,Combust III (dot),70,1.0,3870,3500,15930,800,1720,930
151462,151994,Auto,90,1.0,3960,3500,15930,800,1720,930
152382,153452,Fall Malefic,270,1.0,3960,3500,16200,800,1720,930
144562,154500,Combust III (dot),70,1.0,3960,3570,16200,800,1720,930
155192,155724,Auto,90,1.0,4050,3570,16200,800,1720,930
154692,155762,Fall Malefic,270,1.0,4050,3570,16470,800,1720,930
144562,157500,Combust III (dot),70,1.0,4050,3640,16470,800,1720,930
157002,158072,Fall Malefic,270,1.0,4050,3640,16740,800,1720,930
158392,158924,Auto,90,1.0,4140,3640,16740,800,1720,930
159312,160382,Fall Malefic,270,1.0,4140,3640,17010,800,1720,930
144562,160500,Combust III (dot),70,1.0,4140,3710,17010,800,1720,930
162122,162654,Auto,90,1.0,4230,3710,17010,800,1720,930
161622,162692,Fall Malefic,270,1.0,4230,3710,17280,800,1720,930
144562,163500,Combust III (dot),70,1.0,4230,3780,17280,800,1720,930
163932,165002,Fall Malefic,270,1.0,4230,3780,17550,800,1720,930
165322,165854,Auto,90,1.0,4320,3780,17550,800,1720,930
144562,166500,Combust III (dot),70,1.0,4320,3850,17550,800,1720,930
166242,167312,Fall Malefic,270,1.0,4320,3850,17820,800,1720,930
144562,169500,Combust III (dot),70,1.0,4320,3920,17820,800,1720,930
169052,169584,Auto,90,1.0,4410,3920,17820,800,1720,930
168552,169622,Fall Malefic,270,1.0,4410,3920,18090,800,1720,930
170862,171932,Fall Malefic,270,1.0,4410,3920,18360,800,1720,930
144562,172500,Combust III (dot),70,1.0,4410,3990,18360,800,1720,930
172252,172784,Auto,90,1.0,4500,3990,18360,800,1720,930
173172,174242,Fall Malefic,270,1.0,4500,3990,18630,800,1720,930
174592,175500,Combust III (dot),70,1.0,4500,4060,18630,800,1720,930
175452,175984,Auto,90,1.0,4590,4060,18630,800,1720,930
174592,178500,Combust III (dot),70,1.0,4590,4130,18630,800,1720,930
177792,178862,Fall Malefic,270,1.0,4590,4130,18900,800,1720,930
178652,179184,Auto,90,1.0,4680,4130,18900,800,1720,930
180102,181172,Fall Malefic,270,1.0,4680,4130,19170,800,1720,930
174592,181500,Combust III (dot),70,1.0,4680,4200,19170,800,1720,930
182912,183444,Auto,90,1.0,4770,4200,19170,800,1720,930
182412,183482,Fall Malefic,270,1.0,4770,4200,19440,800,1720,930
174592,184500,Combust III (dot),70,1.0,4770,4270,19440,800,1720,930
184722,185792,Fall Malefic,270,1.0,4770,4270,19710,800,1720,930
186112,186644,Auto,90,1.0,4860,4270,19710,800,1720,930
174592,187500,Combust III (dot),70,1.0,4860,4340,19710,800,1720,930
187032,188102,Fall Malefic,270,1.0,4860,4340,19980,800,1720,930
189152,189152,Stellar Explosion (pet),310,1.0,4860,4340,19980,800,1720,1240
189843,190375,Auto,90,1.0,4950,4340,19980,800,1720,1240
189343,190413,Fall Malefic,270,1.0,4950,4340,20250,800,1720,1240
174592,190500,Combust III (dot),70,1.0,4950,4410,20250,800,1720,1240
191653,192723,Fall Malefic,270,1.0,4950,4410,20520,800,1720,1240
174592,193500,Combust III (dot),70,1.0,4950,4480,20520,800,1720,1240
193043,193575,Auto,90,1.0,5040,4480,20520,800,1720,1240
193963,195033,Fall Malefic,270,1.0,5040,4480,20790,800,1720,1240
174592,196500,Combust III (dot),70,1.0,5040,4550,20790,800,1720,1240
196773,197305,Auto,90,1.0,5130,4550,20790,800,1720,1240
196273,197343,Fall Malefic,270,1.0,5130,4550,21060,800,1720,1240
174592,199500,Combust III (dot),70,1.0,5130,4620,21060,800,1720,1240
198583,199653,Fall Malefic,270,1.0,5130,4620,21330,800,1720,1240
199973,200505,Auto,90,1.0,5220,4620,21330,800,1720,1240
200893,201963,Fall Malefic,270,1.0,5220,4620,21600,800,1720,1240
174592,202500,Combust III (dot),70,1.0,5220,4690,21600,800,1720,1240
203703,204235,Auto,90,1.0,5310,4690,21600,800,1720,1240
203203,204273,Fall Malefic,270,1.0,5310,4690,21870,800,1720,1240
204623,205500,Combust III (dot),70,1.0,5310,4760,21870,800,1720,1240
206903,207435,Auto,90,1.0,5400,4760,21870,800,1720,1240
204623,208500,Combust III (dot),70,1.0,5400,4830,21870,800,1720,1240
207823,208893,Fall Malefic,270,1.0,5400,4830,22140,800,1720,1240
210633,211165,Auto,90,1.0,5490,4830,22140,800,1720,1240
210133,211203,Fall Malefic,270,1.0,5490,4830,22410,800,1720,1240
204623,211500,Combust III (dot),70,1.0,5490,4900,22410,800,1720,1240
212443,213513,Fall Malefic,270,1.0,5490,4900,22680,800,1720,1240
213833,214365,Auto,90,1.0,5580,4900,22680,800,1720,1240
204623,214500,Combust III (dot),70,1.0,5580,4970,22680,800,1720,1240
214753,215823,Fall Malefic,270,1.0,5580,4970,22950,800,1720,1240
204623,217500,Combust III (dot),70,1.0,5580,5040,22950,800,1720,1240
217563,218095,Auto,90,1.0,5670,5040,22950,800,1720,1240
217063,218133,Fall Malefic,270,1.0,5670,5040,23220,800,1720,1240
219373,220443,Fall Malefic,270,1.0,5670,5040,23490,800,1720,1240
204623,220500,Combust III (dot),70,1.0,5670,5110,23490,800,1720,1240
220763,221295,Auto,90,1.0,5760,5110,23490,800,1720,1240
221683,222753,Fall Malefic,270,1.0,5760,5110,23760,800,1720,1240
204623,223500,Combust III (dot),70,1.0,5760,5180,23760,800,1720,1240
224493,225025,Auto,90,1.0,5850,5180,23760,800,1720,1240
223993,225063,Fall Malefic,270,1.0,5850,5180,24030,800,1720,1240
204623,226500,Combust III (dot),70,1.0,5850,5250,24030,800,1720,1240
226303,227373,Fall Malefic,270,1.0,5850,5250,24300,800,1720,1240
227693,228225,Auto,90,1.0,5940,5250,24300,800,1720,1240
204623,229500,Combust III (dot),70,1.0,5940,5320,24300,800,1720,1240
228613,229683,Fall Malefic,270,1.0,5940,5320,24570,800,1720,1240
231423,231955,Auto,90,1.0,6030,5320,24570,800,1720,1240
230923,231993,Fall Malefic,270,1.0,6030,5320,24840,800,1720,1240
204623,232500,Combust III (dot),70,1.0,6030,5390,24840,800,1720,1240
233233,234303,Fall Malefic,270,1.0,6030,5390,25110,800,1720,1240
234623,235155,Auto,90,1.0,6120,5390,25110,800,1720,1240
234653,235500,Combust III (dot),70,1.0,6120,5460,25110,800,1720,1240
234653,238500,Combust III (dot),70,1.0,6120,5530,25110,800,1720,1240
238353,238885,Auto,90,1.0,6210,5530,25110,800,1720,1240
237853,238923,Fall Malefic,270,1.0,6210,5530,25380,800,1720,1240
239273,240343,Fall Malefic,270,1.0,6210,5530,25650,800,1720,1240
234653,241500,Combust III (dot),70,1.0,6210,5600,25650,800,1720,1240
241553,242085,Auto,90,1.0,6300,5600,25650,800,1720,1240
241583,242653,Fall Malefic,270,1.0,6300,5600,25920,800,1720,1240
234653,244500,Combust III (dot),70,1.0,6300,5670,25920,800,1720,1240
243893,244963,Fall Malefic,270,1.0,6300,5670,26190,800,1720,1240
244753,245285,Auto,90,1.0,6390,5670,26190,800,1720,1240
246203,247273,Fall Malefic,270,1.0,6390,5670,26460,800,1720,1240
234653,247500,Combust III (dot),70,1.0,6390,5740,26460,800,1720,1240
247443,248063,Lord of Crowns,400,1.0,6390,5740,26460,1200,1720,1240
247953,248485,Auto,90,1.0,6480,5740,26460,1200,1720,1240
249213,249213,Stellar Explosion (pet),310,1.0,6480,5740,26460,1200,1720,1550
248513,249583,Fall Malefic,270,1.0,6480,5740,26730,1200,1720,1550
234653,250500,Combust III (dot),70,1.0,6480,5810,26730,1200,1720,1550
251153,251685,Auto,90,1.0,6570,5810,26730,1200,1720,1550
250823,251893,Fall Malefic,270,1.0,6570,5810,27000,1200,1720,1550
251443,253183,Oracle,860,1.0,6570,5810,27000,1200,2580,1550
234653,253500,Combust III (dot),70,1.0,6570,5880,27000,1200,2580,1550
253133,254203,Fall Malefic,270,1.0,6570,5880,27270,1200,2580,1550
254353,254885,Auto,90,1.0,6660,5880,27270,1200,2580,1550
234653,256500,Combust III (dot),70,1.0,6660,5950,27270,1200,2580,1550
256333,257403,Fall Malefic,270,1.0,6660,5950,27540,1200,2580,1550
257553,258085,Auto,90,1.0,6750,5950,27540,1200,2580,1550
234653,259500,Combust III (dot),70,1.0,6750,6020,27540,1200,2580,1550
258643,259713,Fall Malefic,270,1.0,6750,6020,27810,1200,2580,1550
261453,261985,Auto,90,1.0,6840,6020,27810,1200,2580,1550
260953,262023,Fall Malefic,270,1.0,6840,6020,28080,1200,2580,1550
234653,262500,Combust III (dot),70,1.0,6840,6090,28080,1200,2580,1550
262374,263444,Fall Malefic,270,1.0,6840,6090,28350,1200,2580,1550
264653,265185,Auto,90,1.0,6930,6090,28350,1200,2580,1550
264684,265500,Combust III (dot),70,1.0,6930,6160,28350,1200,2580,1550
264684,268500,Combust III (dot),70,1.0,6930,6230,28350,1200,2580,1550
268384,268916,Auto,90,1.0,7020,6230,28350,1200,2580,1550
267884,268954,Fall Malefic,270,1.0,7020,6230,28620,1200,2580,1550
270194,271264,Fall Malefic,270,1.0,7020,6230,28890,1200,2580,1550
264684,271500,Combust III (dot),70,1.0,7020,6300,28890,1200,2580,1550
271584,272116,Auto,90,1.0,7110,6300,28890,1200,2580,1550
272504,273574,Fall Malefic,270,1.0,7110,6300,29160,1200,2580,1550
264684,274500,Combust III (dot),70,1.0,7110,6370,29160,1200,2580,1550
275314,275846,Auto,90,1.0,7200,6370,29160,1200,2580,1550
274814,275884,Fall Malefic,270,1.0,7200,6370,29430,1200,2580,1550
264684,277500,Combust III (dot),70,1.0,7200,6440,29430,1200,2580,1550
277124,278194,Fall Malefic,270,1.0,7200,6440,29700,1200,2580,1550
278514,279046,Auto,90,1.0,7290,6440,29700,1200,2580,1550
264684,280500,Combust III (dot),70,1.0,7290,6510,29700,1200,2580,1550
279434,280504,Fall Malefic,270,1.0,7290,6510,29970,1200,2580,1550
282244,282776,Auto,90,1.0,7380,6510,29970,1200,2580,1550
281744,282814,Fall Malefic,270,1.0,7380,6510,30240,1200,2580,1550
264684,283500,Combust III (dot),70,1.0,7380,6580,30240,1200,2580,1550
284054,285124,Fall Malefic,270,1.0,7380,6580,30510,1200,2580,1550
285444,285976,Auto,90,1.0,7470,6580,30510,1200,2580,1550
264684,286500,Combust III (dot),70,1.0,7470,6650,30510,1200,2580,1550
286364,287434,Fall Malefic,270,1.0,7470,6650,30780,1200,2580,1550
264684,289500,Combust III (dot),70,1.0,7470,6720,30780,1200,2580,1550
289174,289706,Auto,90,1.0,7560,6720,30780,1200,2580,1550
288674,289744,Fall Malefic,270,1.0,7560,6720,31050,1200,2580,1550
290984,292054,Fall Malefic,270,1.0,7560,6720,31320,1200,2580,1550
264684,292500,Combust III (dot),70,1.0,7560,6790,31320,1200,2580,1550
292374,292906,Auto,90,1.0,7650,6790,31320,1200,2580,1550
293294,294364,Fall Malefic,270,1.0,7650,6790,31590,1200,2580,1550
294714,295500,Combust III (dot),70,1.0,7650,6860,31590,1200,2580,1550
295574,296106,Auto,90,1.0,7740,6860,31590,1200,2580,1550
294714,298500,Combust III (dot),70,1.0,7740,6930,31590,1200,2580,1550
297914,298984,Fall Malefic,270,1.0,7740,6930,31860,1200,2580,1550
298774,299306,Auto,90,1.0,7830,6930,31860,1200,2580,1550
300224,301294,Fall Malefic,270,1.0,7830,6930,32130,1200,2580,1550
294714,301500,Combust III (dot),70,1.0,7830,7000,32130,1200,2580,1550
303034,303566,Auto,90,1.0,7920,7000,32130,1200,2580,1550
302534,303604,Fall Malefic,270,1.0,7920,7000,32400,1200,2580,1550
294714,304500,Combust III (dot),70,1.0,7920,7070,32400,1200,2580,1550
304844,305914,Fall Malefic,270,1.0,7920,7070,32670,1200,2580,1550
306234,306766,Auto,90,1.0,8010,7070,32670,1200,2580,1550
294714,307500,Combust III (dot),70,1.0,8010,7140,32670,1200,2580,1550
307154,308224,Fall Malefic,270,1.0,8010,7140,32940,1200,2580,1550
309274,309274,Stellar Explosion (pet),310,1.0,8010,7140,32940,1200,2580,1860
309964,310496,Auto,90,1.0,8100,7140,32940,1200,2580,1860
294714,310500,Combust III (dot),70,1.0,8100,7210,32940,1200,2580,1860
309464,310534,Fall Malefic,270,1.0,8100,7210,33210,1200,2580,1860
311774,312844,Fall Malefic,270,1.0,8100,7210,33480,1200,2580,1860
294714,313500,Combust III (dot),70,1.0,8100,7280,33480,1200,2580,1860
313164,313696,Auto,90,1.0,8190,7280,33480,1200,2580,1860
314084,315154,Fall Malefic,270,1.0,8190,7280,33750,1200,2580,1860
294714,316500,Combust III (dot),70,1.0,8190,7350,33750,1200,2580,1860
316894,317426,Auto,90,1.0,8280,7350,33750,1200,2580,1860
316394,317464,Fall Malefic,270,1.0,8280,7350,34020,1200,2580,1860
294714,319500,Combust III (dot),70,1.0,8280,7420,34020,1200,2580,1860
318704,319774,Fall Malefic,270,1.0,8280,7420,34290,1200,2580,1860
320094,320626,Auto,90,1.0,8370,7420,34290,1200,2580,1860
321014,322084,Fall Malefic,270,1.0,8370,7420,34560,1200,2580,1860
294714,322500,Combust III (dot),70,1.0,8370,7490,34560,1200,2580,1860
323824,324356,Auto,90,1.0,8460,7490,34560,1200,2580,1860
323324,324394,Fall Malefic,270,1.0,8460,7490,34830,1200,2580,1860
324744,325500,Combust III (dot),70,1.0,8460,7560,34830,1200,2580,1860
327024,327556,Auto,90,1.0,8550,7560,34830,1200,2580,1860
324744,328500,Combust III (dot),70,1.0,8550,7630,34830,1200,2580,1860
327944,329014,Fall Malefic,270,1.0,8550,7630,35100,1200,2580,1860
330754,331286,Auto,90,1.0,8640,7630,35100,1200,2580,1860
330254,331324,Fall Malefic,270,1.0,8640,7630,35370,1200,2580,1860
324744,331500,Combust III (dot),70,1.0,8640,7700,35370,1200,2580,1860
332564,333634,Fall Malefic,270,1.0,8640,7700,35640,1200,2580,1860
333954,334486,Auto,90,1.0,8730,7700,35640,1200,2580,1860
324744,334500,Combust III (dot),70,1.0,8730,7770,35640,1200,2580,1860
334874,335944,Fall Malefic,270,1.0,8730,7770,35910,1200,2580,1860
324744,337500,Combust III (dot),70,1.0,8730,7840,35910,1200,2580,1860
337684,338216,Auto,90,1.0,8820,7840,35910,1200,2580,1860
337184,338254,Fall Malefic,270,1.0,8820,7840,36180,1200,2580,1860
324744,340500,Combust III (dot),70,1.0,8820,7910,36180,1200,2580,1860
339495,340565,Fall Malefic,270,1.0,8820,7910,36450,1200,2580,1860
340884,341416,Auto,90,1.0,8910,7910,36450,1200,2580,1860
341805,342875,Fall Malefic,270,1.0,8910,7910,36720,1200,2580,1860
324744,343500,Combust III (dot),70,1.0,8910,7980,36720,1200,2580,1860
344615,345147,Auto,90,1.0,9000,7980,36720,1200,2580,1860
344115,345185,Fall Malefic,270,1.0,9000,7980,36990,1200,2580,1860
324744,346500,Combust III (dot),70,1.0,9000,8050,36990,1200,2580,1860
346425,347495,Fall Malefic,270,1.0,9000,8050,37260,1200,2580,1860
347815,348347,Auto,90,1.0,9090,8050,37260,1200,2580,1860
324744,349500,Combust III (dot),70,1.0,9090,8120,37260,1200,2580,1860
348735,349805,Fall Malefic,270,1.0,9090,8120,37530,1200,2580,1860
351545,352077,Auto,90,1.0,9180,8120,37530,1200,2580,1860
351045,352115,Fall Malefic,270,1.0,9180,8120,37800,1200,2580,1860
324744,352500,Combust III (dot),70,1.0,9180,8190,37800,1200,2580,1860
353355,354425,Fall Malefic,270,1.0,9180,8190,38070,1200,2580,1860
354745,355277,Auto,90,1.0,9270,8190,38070,1200,2580,1860
354775,355500,Combust III (dot),70,1.0,9270,8260,38070,1200,2580,1860
354775,358500,Combust III (dot),70,1.0,9270,8330,38070,1200,2580,1860
358475,359007,Auto,90,1.0,9360,8330,38070,1200,2580,1860
357975,359045,Fall Malefic,270,1.0,9360,8330,38340,1200,2580,1860
359395,360465,Fall Malefic,270,1.0,9360,8330,38610,1200,2580,1860
354775,361500,Combust III (dot),70,1.0,9360,8400,38610,1200,2580,1860
361675,362207,Auto,90,1.0,9450,8400,38610,1200,2580,1860
361705,362775,Fall Malefic,270,1.0,9450,8400,38880,1200,2580,1860
354775,364500,Combust III (dot),70,1.0,9450,8470,38880,1200,2580,1860
364015,365085,Fall Malefic,270,1.0,9450,8470,39150,1200,2580,1860
364875,365407,Auto,90,1.0,9540,8470,39150,1200,2580,1860
366325,367395,Fall Malefic,270,1.0,9540,8470,39420,1200,2580,1860
354775,367500,Combust III (dot),70,1.0,9540,8540,39420,1200,2580,1860
367565,368185,Lord of Crowns,400,1.0,9540,8540,39420,1600,2580,1860
368075,368607,Auto,90,1.0,9630,8540,39420,1600,2580,1860
369335,369335,Stellar Explosion (pet),310,1.0,9630,8540,39420,1600,2580,2170
368635,369705,Fall Malefic,270,1.0,9630,8540,39690,1600,2580,2170
354775,370500,Combust III (dot),70,1.0,9630,8610,39690,1600,2580,2170
371275,371807,Auto,90,1.0,9720,8610,39690,1600,2580,2170
370945,372015,Fall Malefic,270,1.0,9720,8610,39960,1600,2580,2170
371565,373305,Oracle,860,1.0,9720,8610,39960,1600,3440,2170
354775,373500,Combust III (dot),70,1.0,9720,8680,39960,1600,3440,2170
373255,374325,Fall Malefic,270,1.0,9720,8680,40230,1600,3440,2170
374475,375007,Auto,90,1.0,9810,8680,40230,1600,3440,2170
354775,376500,Combust III (dot),70,1.0,9810,8750,40230,1600,3440,2170
376455,377525,Fall Malefic,270,1.0,9810,8750,40500,1600,3440,2170
377675,378207,Auto,90,1.0,9900,8750,40500,1600,3440,2170
354775,379500,Combust III (dot),70,1.0,9900,8820,40500,1600,3440,2170
378765,379835,Fall Malefic,270,1.0,9900,8820,40770,1600,3440,2170
381575,382107,Auto,90,1.0,9990,8820,40770,1600,3440,2170
381075,382145,Fall Malefic,270,1.0,9990,8820,41040,1600,3440,2170
354775,382500,Combust III (dot),70,1.0,9990,8890,41040,1600,3440,2170
383385,384455,Fall Malefic,270,1.0,9990,8890,41310,1600,3440,2170
384775,385307,Auto,90,1.0,10080,8890,41310,1600,3440,2170
384805,385500,Combust III (dot),70,1.0,10080,8960,41310,1600,3440,2170
387115,388185,Fall Malefic,270,1.0,10080,8960,41580,1600,3440,2170
384805,388500,Combust III (dot),70,1.0,10080,9030,41580,1600,3440,2170
387975,388507,Auto,90,1.0,10170,9030,41580,1600,3440,2170
390315,391385,Fall Malefic,270,1.0,10170,9030,41850,1600,3440,2170
384805,391500,Combust III (dot),70,1.0,10170,9100,41850,1600,3440,2170
391175,391707,Auto,90,1.0,10260,9100,41850,1600,3440,2170
392625,393695,Fall Malefic,270,1.0,10260,9100,42120,1600,3440,2170
384805,394500,Combust III (dot),70,1.0,10260,9170,42120,1600,3440,2170
395435,395967,Auto,90,1.0,10350,9170,42120,1600,3440,2170
394935,396005,Fall Malefic,270,1.0,10350,9170,42390,1600,3440,2170
384805,397500,Combust III (dot),70,1.0,10350,9240,42390,1600,3440,2170
397245,398315,Fall Malefic,270,1.0,10350,9240,42660,1600,3440,2170
398635,399167,Auto,90,1.0,10440,9240,42660,1600,3440,2170
384805,400500,Combust III (dot),70,1.0,10440,9310,42660,1600,3440,2170
399555,400625,Fall Malefic,270,1.0,10440,9310,42930,1600,3440,2170
402365,402897,Auto,90,1.0,10530,9310,42930,1600,3440,2170
401865,402935,Fall Malefic,270,1.0,10530,9310,43200,1600,3440,2170
384805,403500,Combust III (dot),70,1.0,10530,9380,43200,1600,3440,2170
404175,405245,Fall Malefic,270,1.0,10530,9380,43470,1600,3440,2170
405565,406097,Auto,90,1.0,10620,9380,43470,1600,3440,2170
384805,406500,Combust III (dot),70,1.0,10620,9450,43470,1600,3440,2170
406485,407555,Fall Malefic,270,1.0,10620,9450,43740,1600,3440,2170
384805,409500,Combust III (dot),70,1.0,10620,9520,43740,1600,3440,2170
409295,409827,Auto,90,1.0,10710,9520,43740,1600,3440,2170
408795,409865,Fall Malefic,270,1.0,10710,9520,44010,1600,3440,2170
411105,412175,Fall Malefic,270,1.0,10710,9520,44280,1600,3440,2170
384805,412500,Combust III (dot),70,1.0,10710,9590,44280,1600,3440,2170
412495,413027,Auto,90,1.0,10800,9590,44280,1600,3440,2170
413416,414486,Fall Malefic,270,1.0,10800,9590,44550,1600,3440,2170
414836,415500,Combust III (dot),70,1.0,10800,9660,44550,1600,3440,2170
415695,416227,Auto,90,1.0,10890,9660,44550,1600,3440,2170
414836,418500,Combust III (dot),70,1.0,10890,9730,44550,1600,3440,2170
418036,419106,Fall Malefic,270,1.0,10890,9730,44820,1600,3440,2170
418895,419427,Auto,90,1.0,10980,9730,44820,1600,3440,2170
420346,421416,Fall Malefic,270,1.0,10980,9730,45090,1600,3440,2170
414836,421500,Combust III (dot),70,1.0,10980,9800,45090,1600,3440,2170
423156,423688,Auto,90,1.0,11070,9800,45090,1600,3440,2170
422656,423726,Fall Malefic,270,1.0,11070,9800,45360,1600,3440,2170
414836,424500,Combust III (dot),70,1.0,11070,9870,45360,1600,3440,2170
424966,426036,Fall Malefic,270,1.0,11070,9870,45630,1600,3440,2170
426356,426888,Auto,90,1.0,11160,9870,45630,1600,3440,2170
414836,427500,Combust III (dot),70,1.0,11160,9940,45630,1600,3440,2170
427276,428346,Fall Malefic,270,1.0,11160,9940,45900,1600,3440,2170
414836,430500,Combust III (dot),70,1.0,11160,10010,45900,1600,3440,2170
430086,430618,Auto,90,1.0,11250,10010,45900,1600,3440,2170
429586,430656,Fall Malefic,270,1.0,11250,10010,46170,1600,3440,2170
431706,431706,Stellar Explosion (pet),310,1.0,11250,10010,46170,1600,3440,2480
431896,432966,Fall Malefic,270,1.0,11250,10010,46440,1600,3440,2480
414836,433500,Combust III (dot),70,1.0,11250,10080,46440,1600,3440,2480
433286,433818,Auto,90,1.0,11340,10080,46440,1600,3440,2480
434206,435276,Fall Malefic,270,1.0,11340,10080,46710,1600,3440,2480
414836,436500,Combust III (dot),70,1.0,11340,10150,46710,1600,3440,2480
437016,437548,Auto,90,1.0,11430,10150,46710,1600,3440,2480
436516,437586,Fall Malefic,270,1.0,11430,10150,46980,1600,3440,2480
414836,439500,Combust III (dot),70,1.0,11430,10220,46980,1600,3440,2480
438826,439896,Fall Malefic,270,1.0,11430,10220,47250,1600,3440,2480
440216,440748,Auto,90,1.0,11520,10220,47250,1600,3440,2480
441136,442206,Fall Malefic,270,1.0,11520,10220,47520,1600,3440,2480
414836,442500,Combust III (dot),70,1.0,11520,10290,47520,1600,3440,2480
443946,444478,Auto,90,1.0,11610,10290,47520,1600,3440,2480
443446,444516,Fall Malefic,270,1.0,11610,10290,47790,1600,3440,2480
444866,445500,Combust III (dot),70,1.0,11610,10360,47790,1600,3440,2480
447146,447678,Auto,90,1.0,11700,10360,47790,1600,3440,2480
444866,448500,Combust III (dot),70,1.0,11700,10430,47790,1600,3440,2480
448066,449136,Fall Malefic,270,1.0,11700,10430,48060,1600,3440,2480
450876,451408,Auto,90,1.0,11790,10430,48060,1600,3440,2480
450376,451446,Fall Malefic,270,1.0,11790,10430,48330,1600,3440,2480
444866,451500,Combust III (dot),70,1.0,11790,10500,48330,1600,3440,2480
452686,453756,Fall Malefic,270,1.0,11790,10500,48600,1600,3440,2480
444866,454500,Combust III (dot),70,1.0,11790,10570,48600,1600,3440,2480
454076,454608,Auto,90,1.0,11880,10570,48600,1600,3440,2480
454996,456066,Fall Malefic,270,1.0,11880,10570,48870,1600,3440,2480
444866,457500,Combust III (dot),70,1.0,11880,10640,48870,1600,3440,2480
457806,458338,Auto,90,1.0,11970,10640,48870,1600,3440,2480
457306,458376,Fall Malefic,270,1.0,11970,10640,49140,1600,3440,2480
444866,460500,Combust III (dot),70,1.0,11970,10710,49140,1600,3440,2480
459616,460686,Fall Malefic,270,1.0,11970,10710,49410,1600,3440,2480
461006,461538,Auto,90,1.0,12060,10710,49410,1600,3440,2480
461926,462996,Fall Malefic,270,1.0,12060,10710,49680,1600,3440,2480
444866,463500,Combust III (dot),70,1.0,12060,10780,49680,1600,3440,2480
464736,465268,Auto,90,1.0,12150,10780,49680,1600,3440,2480
464236,465306,Fall Malefic,270,1.0,12150,10780,49950,1600,3440,2480
444866,466500,Combust III (dot),70,1.0,12150,10850,49950,1600,3440,2480
466546,467616,Fall Malefic,270,1.0,12150,10850,50220,1600,3440,2480
467936,468468,Auto,90,1.0,12240,10850,50220,1600,3440,2480
444866,469500,Combust III (dot),70,1.0,12240,10920,50220,1600,3440,2480
468856,469926,Fall Malefic,270,1.0,12240,10920,50490,1600,3440,2480
471666,472198,Auto,90,1.0,12330,10920,50490,1600,3440,2480
471166,472236,Fall Malefic,270,1.0,12330,10920,50760,1600,3440,2480
444866,472500,Combust III (dot),70,1.0,12330,10990,50760,1600,3440,2480
473476,474546,Fall Malefic,270,1.0,12330,10990,51030,1600,3440,2480
474866,475398,Auto,90,1.0,12420,10990,51030,1600,3440,2480
474896,478500,Combust III (dot),70,1.0,12420,11060,51030,1600,3440,2480
478596,479128,Auto,90,1.0,12510,11060,51030,1600,3440,2480
478096,479166,Fall Malefic,270,1.0,12510,11060,51300,1600,3440,2480
479516,480586,Fall Malefic,270,1.0,12510,11060,51570,1600,3440,2480
474896,481500,Combust III (dot),70,1.0,12510,11130,51570,1600,3440,2480
481796,482328,Auto,90,1.0,12600,11130,51570,1600,3440,2480
481826,482896,Fall Malefic,270,1.0,12600,11130,51840,1600,3440,2480
474896,484500,Combust III (dot),70,1.0,12600,11200,51840,1600,3440,2480
484136,485206,Fall Malefic,270,1.0,12600,11200,52110,1600,3440,2480
484996,485528,Auto,90,1.0,12690,11200,52110,1600,3440,2480
474896,487500,Combust III (dot),70,1.0,12690,11270,52110,1600,3440,2480
486447,487517,Fall Malefic,270,1.0,12690,11270,52380,1600,3440,2480
487687,488307,Lord of Crowns,400,1.0,12690,11270,52380,2000,3440,2480
488196,488728,Auto,90,1.0,12780,11270,52380,2000,3440,2480
488757,489827,Fall Malefic,270,1.0,12780,11270,52650,2000,3440,2480
474896,490500,Combust III (dot),70,1.0,12780,11340,52650,2000,3440,2480
491766,491766,Stellar Explosion (pet),310,1.0,12780,11340,52650,2000,3440,2790
491396,491928,Auto,90,1.0,12870,11340,52650,2000,3440,2790
491067,492137,Fall Malefic,270,1.0,12870,11340,52920,2000,3440,2790
491687,493427,Oracle,860,1.0,12870,11340,52920,2000,4300,2790
474896,493500,Combust III (dot),70,1.0,12870,11410,52920,2000,4300,2790
493377,494447,Fall Malefic,270,1.0,12870,11410,53190,2000,4300,2790
494596,495128,Auto,90,1.0,12960,11410,53190,2000,4300,2790
474896,496500,Combust III (dot),70,1.0,12960,11480,53190,2000,4300,2790
496577,497647,Fall Malefic,270,1.0,12960,11480,53460,2000,4300,2790
497796,498328,Auto,90,1.0,13050,11480,53460,2000,4300,2790
474896,499500,Combust III (dot),70,1.0,13050,11550,53460,2000,4300,2790
498887,499957,Fall Malefic,270,1.0,13050,11550,53730,2000,4300,2790
501697,502229,Auto,90,1.0,13140,11550,53730,2000,4300,2790
501197,502267,Fall Malefic,270,1.0,13140,11550,54000,2000,4300,2790
474896,502500,Combust III (dot),70,1.0,13140,11620,54000,2000,4300,2790
503507,504577,Fall Malefic,270,1.0,13140,11620,54270,2000,4300,2790
504897,505429,Auto,90,1.0,13230,11620,54270,2000,4300,2790
474896,505500,Combust III (dot),70,1.0,13230,11690,54270,2000,4300,2790
507237,508307,Fall Malefic,270,1.0,13230,11690,54540,2000,4300,2790
504927,508500,Combust III (dot),70,1.0,13230,11760,54540,2000,4300,2790
508097,508629,Auto,90,1.0,13320,11760,54540,2000,4300,2790
504927,511500,Combust III (dot),70,1.0,13320,11830,54540,2000,4300,2790
510437,511507,Fall Malefic,270,1.0,13320,11830,54810,2000,4300,2790
511297,511829,Auto,90,1.0,13410,11830,54810,2000,4300,2790
512747,513817,Fall Malefic,270,1.0,13410,11830,55080,2000,4300,2790
504927,514500,Combust III (dot),70,1.0,13410,11900,55080,2000,4300,2790
515557,516089,Auto,90,1.0,13500,11900,55080,2000,4300,2790
515057,516127,Fall Malefic,270,1.0,13500,11900,55350,2000,4300,2790
504927,517500,Combust III (dot),70,1.0,13500,11970,55350,2000,4300,2790
517367,518437,Fall Malefic,270,1.0,13500,11970,55620,2000,4300,2790
518757,519289,Auto,90,1.0,13590,11970,55620,2000,4300,2790
504927,520500,Combust III (dot),70,1.0,13590,12040,55620,2000,4300,2790
519677,520747,Fall Malefic,270,1.0,13590,12040,55890,2000,4300,2790
522487,523019,Auto,90,1.0,13680,12040,55890,2000,4300,2790
521987,523057,Fall Malefic,270,1.0,13680,12040,56160,2000,4300,2790
504927,523500,Combust III (dot),70,1.0,13680,12110,56160,2000,4300,2790
524297,525367,Fall Malefic,270,1.0,13680,12110,56430,2000,4300,2790
525687,526219,Auto,90,1.0,13770,12110,56430,2000,4300,2790
504927,526500,Combust III (dot),70,1.0,13770,12180,56430,2000,4300,2790
526607,527677,Fall Malefic,270,1.0,13770,12180,56700,2000,4300,2790
504927,529500,Combust III (dot),70,1.0,13770,12250,56700,2000,4300,2790
529417,529949,Auto,90,1.0,13860,12250,56700,2000,4300,2790
528917,529987,Fall Malefic,270,1.0,13860,12250,56970,2000,4300,2790
531227,532297,Fall Malefic,270,1.0,13860,12250,57240,2000,4300,2790
504927,532500,Combust III (dot),70,1.0,13860,12320,57240,2000,4300,2790
532617,533149,Auto,90,1.0,13950,12320,57240,2000,4300,2790
533537,534607,Fall Malefic,270,1.0,13950,12320,57510,2000,4300,2790
504927,535500,Combust III (dot),70,1.0,13950,12390,57510,2000,4300,2790
535817,536349,Auto,90,1.0,14040,12390,57510,2000,4300,2790
534957,538500,Combust III (dot),70,1.0,14040,12460,57510,2000,4300,2790
538157,539227,Fall Malefic,270,1.0,14040,12460,57780,2000,4300,2790
539017,539549,Auto,90,1.0,14130,12460,57780,2000,4300,2790
534957,541500,Combust III (dot),70,1.0,14130,12530,57780,2000,4300,2790
540467,541537,Fall Malefic,270,1.0,14130,12530,58050,2000,4300,2790
543277,543809,Auto,90,1.0,14220,12530,58050,2000,4300,2790
542777,543847,Fall Malefic,270,1.0,14220,12530,58320,2000,4300,2790
534957,544500,Combust III (dot),70,1.0,14220,12600,58320,2000,4300,2790
545087,546157,Fall Malefic,270,1.0,14220,12600,58590,2000,4300,2790
546477,547009,Auto,90,1.0,14310,12600,58590,2000,4300,2790
534957,547500,Combust III (dot),70,1.0,14310,12670,58590,2000,4300,2790
547397,548467,Fall Malefic,270,1.0,14310,12670,58860,2000,4300,2790
534957,550500,Combust III (dot),70,1.0,14310,12740,58860,2000,4300,2790
550207,550739,Auto,90,1.0,14400,12740,58860,2000,4300,2790
549707,550777,Fall Malefic,270,1.0,14400,12740,59130,2000,4300,2790
551827,551827,Stellar Explosion (pet),310,1.0,14400,12740,59130,2000,4300,3100
552017,553087,Fall Malefic,270,1.0,14400,12740,59400,2000,4300,3100
534957,553500,Combust III (dot),70,1.0,14400,12810,59400,2000,4300,3100
553407,553939,Auto,90,1.0,14490,12810,59400,2000,4300,3100
554327,555397,Fall Malefic,270,1.0,14490,12810,59670,2000,4300,3100
534957,556500,Combust III (dot),70,1.0,14490,12880,59670,2000,4300,3100
557137,557669,Auto,90,1.0,14580,12880,59670,2000,4300,3100
556637,557707,Fall Malefic,270,1.0,14580,12880,59940,2000,4300,3100
534957,559500,Combust III (dot),70,1.0,14580,12950,59940,2000,4300,3100
558947,560017,Fall Malefic,270,1.0,14580,12950,60210,2000,4300,3100
560337,560869,Auto,90,1.0,14670,12950,60210,2000,4300,3100
561258,562328,Fall Malefic,270,1.0,14670,12950,60480,2000,4300,3100
534957,562500,Combust III (dot),70,1.0,14670,13020,60480,2000,4300,3100
564068,564600,Auto,90,1.0,14760,13020,60480,2000,4300,3100
563568,564638,Fall Malefic,270,1.0,14760,13020,60750,2000,4300,3100
534957,565500,Combust III (dot),70,1.0,14760,13090,60750,2000,4300,3100
567268,567800,Auto,90,1.0,14850,13090,60750,2000,4300,3100
564988,568500,Combust III (dot),70,1.0,14850,13160,60750,2000,4300,3100
568188,569258,Fall Malefic,270,1.0,14850,13160,61020,2000,4300,3100
564988,571500,Combust III (dot),70,1.0,14850,13230,61020,2000,4300,3100
570998,571530,Auto,90,1.0,14940,13230,61020,2000,4300,3100
570498,571568,Fall Malefic,270,1.0,14940,13230,61290,2000,4300,3100
572808,573878,Fall Malefic,270,1.0,14940,13230,61560,2000,4300,3100
564988,574500,Combust III (dot),70,1.0,14940,13300,61560,2000,4300,3100
574198,574730,Auto,90,1.0,15030,13300,61560,2000,4300,3100
575118,576188,Fall Malefic,270,1.0,15030,13300,61830,2000,4300,3100
564988,577500,Combust III (dot),70,1.0,15030,13370,61830,2000,4300,3100
577928,578460,Auto,90,1.0,15120,13370,61830,2000,4300,3100
577428,578498,Fall Malefic,270,1.0,15120,13370,62100,2000,4300,3100
564988,580500,Combust III (dot),70,1.0,15120,13440,62100,2000,4300,3100
579738,580808,Fall Malefic,270,1.0,15120,13440,62370,2000,4300,3100
581128,581660,Auto,90,1.0,15210,13440,62370,2000,4300,3100
582048,583118,Fall Malefic,270,1.0,15210,13440,62640,2000,4300,3100
564988,583500,Combust III (dot),70,1.0,15210,13510,62640,2000,4300,3100
584858,585390,Auto,90,1.0,15300,13510,62640,2000,4300,3100
584358,585428,Fall Malefic,270,1.0,15300,13510,62910,2000,4300,3100
564988,586500,Combust III (dot),70,1.0,15300,13580,62910,2000,4300,3100
586668,587738,Fall Malefic,270,1.0,15300,13580,63180,2000,4300,3100
588058,588590,Auto,90,1.0,15390,13580,63180,2000,4300,3100
564988,589500,Combust III (dot),70,1.0,15390,13650,63180,2000,4300,3100
588978,590048,Fall Malefic,270,1.0,15390,13650,63450,2000,4300,3100
591788,592320,Auto,90,1.0,15480,13650,63450,2000,4300,3100
591288,592358,Fall Malefic,270,1.0,15480,13650,63720,2000,4300,3100
564988,592500,Combust III (dot),70,1.0,15480,13720,63720,2000,4300,3100
593598,594668,Fall Malefic,270,1.0,15480,13720,63990,2000,4300,3100
564988,595500,Combust III (dot),70,1.0,15480,13790,63990,2000,4300,3100
594988,595520,Auto,90,1.0,15570,13790,63990,2000,4300,3100
595018,598500,Combust III (dot),70,1.0,15570,13860,63990,2000,4300,3100
598718,599250,Auto,90,1.0,15660,13860,63990,2000,4300,3100
598218,599288,Fall Malefic,270,1.0,15660,13860,64260,2000,4300,3100
599638,600708,Fall Malefic,270,1.0,15660,13860,64530,2000,4300,3100
595018,601500,Combust III (dot),70,1.0,15660,13930,64530,2000,4300,3100
601918,602450,Auto,90,1.0,15750,13930,64530,2000,4300,3100
601948,603018,Fall Malefic,270,1.0,15750,13930,64800,2000,4300,3100
595018,604500,Combust III (dot),70,1.0,15750,14000,64800,2000,4300,3100
604258,605328,Fall Malefic,270,1.0,15750,14000,65070,2000,4300,3100
605118,605650,Auto,90,1.0,15840,14000,65070,2000,4300,3100
595018,607500,Combust III (dot),70,1.0,15840,14070,65070,2000,4300,3100
606568,607638,Fall Malefic,270,1.0,15840,14070,65340,2000,4300,3100
607808,608428,Lord of Crowns,400,1.0,15840,14070,65340,2400,4300,3100
608318,608850,Auto,90,1.0,15930,14070,65340,2400,4300,3100
608878,609948,Fall Malefic,270,1.0,15930,14070,65610,2400,4300,3100
595018,610500,Combust III (dot),70,1.0,15930,14140,65610,2400,4300,3100
611888,611888,Stellar Explosion (pet),310,1.0,15930,14140,65610,2400,4300,3410
611518,612050,Auto,90,1.0,16020,14140,65610,2400,4300,3410
611188,612258,Fall Malefic,270,1.0,16020,14140,65880,2400,4300,3410
595018,613500,Combust III (dot),70,1.0,16020,14210,65880,2400,4300,3410
611808,613548,Oracle,860,1.0,16020,14210,65880,2400,5160,3410
613498,614568,Fall Malefic,270,1.0,16020,14210,66150,2400,5160,3410
614718,615250,Auto,90,1.0,16110,14210,66150,2400,5160,3410
595018,616500,Combust III (dot),70,1.0,16110,14280,66150,2400,5160,3410
616698,617768,Fall Malefic,270,1.0,16110,14280,66420,2400,5160,3410
617918,618450,Auto,90,1.0,16200,14280,66420,2400,5160,3410
595018,619500,Combust III (dot),70,1.0,16200,14350,66420,2400,5160,3410
619008,620078,Fall Malefic,270,1.0,16200,14350,66690,2400,5160,3410
621818,622350,Auto,90,1.0,16290,14350,66690,2400,5160,3410
621318,622388,Fall Malefic,270,1.0,16290,14350,66960,2400,5160,3410
595018,622500,Combust III (dot),70,1.0,16290,14420,66960,2400,5160,3410
623628,624698,Fall Malefic,270,1.0,16290,14420,67230,2400,5160,3410
595018,625500,Combust III (dot),70,1.0,16290,14490,67230,2400,5160,3410
625018,625550,Auto,90,1.0,16380,14490,67230,2400,5160,3410
627358,628428,Fall Malefic,270,1.0,16380,14490,67500,2400,5160,3410
625048,628500,Combust III (dot),70,1.0,16380,14560,67500,2400,5160,3410
628218,628750,Auto,90,1.0,16470,14560,67500,2400,5160,3410
625048,631500,Combust III (dot),70,1.0,16470,14630,67500,2400,5160,3410
630558,631628,Fall Malefic,270,1.0,16470,14630,67770,2400,5160,3410
631418,631950,Auto,90,1.0,16560,14630,67770,2400,5160,3410
632868,633938,Fall Malefic,270,1.0,16560,14630,68040,2400,5160,3410
625048,634500,Combust III (dot),70,1.0,16560,14700,68040,2400,5160,3410
635678,636210,Auto,90,1.0,16650,14700,68040,2400,5160,3410
635178,636248,Fall Malefic,270,1.0,16650,14700,68310,2400,5160,3410
625048,637500,Combust III (dot),70,1.0,16650,14770,68310,2400,5160,3410
637489,638559,Fall Malefic,270,1.0,16650,14770,68580,2400,5160,3410
638878,639410,Auto,90,1.0,16740,14770,68580,2400,5160,3410
625048,640500,Combust III (dot),70,1.0,16740,14840,68580,2400,5160,3410
639799,640869,Fall Malefic,270,1.0,16740,14840,68850,2400,5160,3410
642609,643141,Auto,90,1.0,16830,14840,68850,2400,5160,3410
642109,643179,Fall Malefic,270,1.0,16830,14840,69120,2400,5160,3410
625048,643500,Combust III (dot),70,1.0,16830,14910,69120,2400,5160,3410
644419,645489,Fall Malefic,270,1.0,16830,14910,69390,2400,5160,3410
645809,646341,Auto,90,1.0,16920,14910,69390,2400,5160,3410
625048,646500,Combust III (dot),70,1.0,16920,14980,69390,2400,5160,3410
646729,647799,Fall Malefic,270,1.0,16920,14980,69660,2400,5160,3410
625048,649500,Combust III (dot),70,1.0,16920,15050,69660,2400,5160,3410
649539,650071,Auto,90,1.0,17010,15050,69660,2400,5160,3410
649039,650109,Fall Malefic,270,1.0,17010,15050,69930,2400,5160,3410
651349,652419,Fall Malefic,270,1.0,17010,15050,70200,2400,5160,3410
625048,652500,Combust III (dot),70,1.0,17010,15120,70200,2400,5160,3410
652739,653271,Auto,90,1.0,17100,15120,70200,2400,5160,3410
653659,654729,Fall Malefic,270,1.0,17100,15120,70470,2400,5160,3410
625048,655500,Combust III (dot),70,1.0,17100,15190,70470,2400,5160,3410
655939,656471,Auto,90,1.0,17190,15190,70470,2400,5160,3410
655079,658500,Combust III (dot),70,1.0,17190,15260,70470,2400,5160,3410
658279,659349,Fall Malefic,270,1.0,17190,15260,70740,2400,5160,3410
659139,659671,Auto,90,1.0,17280,15260,70740,2400,5160,3410
655079,661500,Combust III (dot),70,1.0,17280,15330,70740,2400,5160,3410
660589,661659,Fall Malefic,270,1.0,17280,15330,71010,2400,5160,3410
663399,663931,Auto,90,1.0,17370,15330,71010,2400,5160,3410
662899,663969,Fall Malefic,270,1.0,17370,15330,71280,2400,5160,3410
655079,664500,Combust III (dot),70,1.0,17370,15400,71280,2400,5160,3410
665209,666279,Fall Malefic,270,1.0,17370,15400,71550,2400,5160,3410
666599,667131,Auto,90,1.0,17460,15400,71550,2400,5160,3410
655079,667500,Combust III (dot),70,1.0,17460,15470,71550,2400,5160,3410
667519,668589,Fall Malefic,270,1.0,17460,15470,71820,2400,5160,3410
655079,670500,Combust III (dot),70,1.0,17460,15540,71820,2400,5160,3410
670329,670861,Auto,90,1.0,17550,15540,71820,2400,5160,3410
669829,670899,Fall Malefic,270,1.0,17550,15540,72090,2400,5160,3410
671949,671949,Stellar Explosion (pet),310,1.0,17550,15540,72090,2400,5160,3720
672139,673209,Fall Malefic,270,1.0,17550,15540,72360,2400,5160,3720
655079,673500,Combust III (dot),70,1.0,17550,15610,72360,2400,5160,3720
673529,674061,Auto,90,1.0,17640,15610,72360,2400,5160,3720
674449,675519,Fall Malefic,270,1.0,17640,15610,72630,2400,5160,3720
655079,676500,Combust III (dot),70,1.0,17640,15680,72630,2400,5160,3720
677259,677791,Auto,90,1.0,17730,15680,72630,2400,5160,3720
676759,677829,Fall Malefic,270,1.0,17730,15680,72900,2400,5160,3720
655079,679500,Combust III (dot),70,1.0,17730,15750,72900,2400,5160,3720
679069,680139,Fall Malefic,270,1.0,17730,15750,73170,2400,5160,3720
680459,680991,Auto,90,1.0,17820,15750,73170,2400,5160,3720
681379,682449,Fall Malefic,270,1.0,17820,15750,73440,2400,5160,3720
655079,682500,Combust III (dot),70,1.0,17820,15820,73440,2400,5160,3720
684189,684721,Auto,90,1.0,17910,15820,73440,2400,5160,3720
683689,684759,Fall Malefic,270,1.0,17910,15820,73710,2400,5160,3720
655079,685500,Combust III (dot),70,1.0,17910,15890,73710,2400,5160,3720
687389,687921,Auto,90,1.0,18000,15890,73710,2400,5160,3720
685109,688500,Combust III (dot),70,1.0,18000,15960,73710,2400,5160,3720
688309,689379,Fall Malefic,270,1.0,18000,15960,73980,2400,5160,3720
685109,691500,Combust III (dot),70,1.0,18000,16030,73980,2400,5160,3720
691119,691651,Auto,90,1.0,18090,16030,73980,2400,5160,3720
690619,691689,Fall Malefic,270,1.0,18090,16030,74250,2400,5160,3720
692929,693999,Fall Malefic,270,1.0,18090,16030,74520,2400,5160,3720
685109,694500,Combust III (dot),70,1.0,18090,16100,74520,2400,5160,3720
694319,694851,Auto,90,1.0,18180,16100,74520,2400,5160,3720
695239,696309,Fall Malefic,270,1.0,18180,16100,74790,2400,5160,3720
685109,697500,Combust III (dot),70,1.0,18180,16170,74790,2400,5160,3720
698049,698581,Auto,90,1.0,18270,16170,74790,2400,5160,3720
697549,698619,Fall Malefic,270,1.0,18270,16170,75060,2400,5160,3720
685109,700500,Combust III (dot),70,1.0,18270,16240,75060,2400,5160,3720
699859,700929,Fall Malefic,270,1.0,18270,16240,75330,2400,5160,3720
701249,701781,Auto,90,1.0,18360,16240,75330,2400,5160,3720
702169,703239,Fall Malefic,270,1.0,18360,16240,75600,2400,5160,3720
685109,703500,Combust III (dot),70,1.0,18360,16310,75600,2400,5160,3720
704979,705511,Auto,90,1.0,18450,16310,75600,2400,5160,3720
704479,705549,Fall Malefic,270,1.0,18450,16310,75870,2400,5160,3720
685109,706500,Combust III (dot),70,1.0,18450,16380,75870,2400,5160,3720
706789,707859,Fall Malefic,270,1.0,18450,16380,76140,2400,5160,3720
708179,708711,Auto,90,1.0,18540,16380,76140,2400,5160,3720
685109,709500,Combust III (dot),70,1.0,18540,16450,76140,2400,5160,3720
709099,710169,Fall Malefic,270,1.0,18540,16450,76410,2400,5160,3720
711910,712442,Auto,90,1.0,18630,16450,76410,2400,5160,3720
711410,712480,Fall Malefic,270,1.0,18630,16450,76680,2400,5160,3720
685109,712500,Combust III (dot),70,1.0,18630,16520,76680,2400,5160,3720
713720,714790,Fall Malefic,270,1.0,18630,16520,76950,2400,5160,3720
685109,715500,Combust III (dot),70,1.0,18630,16590,76950,2400,5160,3720
715110,715642,Auto,90,1.0,18720,16590,76950,2400,5160,3720
716030,717100,Fall Malefic,270,1.0,18720,16590,77220,2400,5160,3720
717450,718500,Combust III (dot),70,1.0,18720,16660,77220,2400,5160,3720
718310,718842,Auto,90,1.0,18810,16660,77220,2400,5160,3720
719760,720830,Fall Malefic,270,1.0,18810,16660,77490,2400,5160,3720
717450,721500,Combust III (dot),70,1.0,18810,16730,77490,2400,5160,3720
721510,722042,Auto,90,1.0,18900,16730,77490,2400,5160,3720
722070,723140,Fall Malefic,270,1.0,18900,16730,77760,2400,5160,3720
717450,724500,Combust III (dot),70,1.0,18900,16800,77760,2400,5160,3720
724710,725242,Auto,90,1.0,18990,16800,77760,2400,5160,3720
724380,725450,Fall Malefic,270,1.0,18990,16800,78030,2400,5160,3720
717450,727500,Combust III (dot),70,1.0,18990,16870,78030,2400,5160,3720
726690,727760,Fall Malefic,270,1.0,18990,16870,78300,2400,5160,3720
727910,728442,Auto,90,1.0,19080,16870,78300,2400,5160,3720
727930,728550,Lord of Crowns,400,1.0,19080,16870,78300,2800,5160,3720
729000,730070,Fall Malefic,270,1.0,19080,16870,78570,2800,5160,3720
717450,730500,Combust III (dot),70,1.0,19080,16940,78570,2800,5160,3720
731110,731642,Auto,90,1.0,19170,16940,78570,2800,5160,3720
732010,732010,Stellar Explosion (pet),310,1.0,19170,16940,78570,2800,5160,4030
731310,732380,Fall Malefic,270,1.0,19170,16940,78840,2800,5160,4030
717450,733500,Combust III (dot),70,1.0,19170,17010,78840,2800,5160,4030
731930,733670,Oracle,860,1.0,19170,17010,78840,2800,6020,4030
735010,735542,Auto,90,1.0,19260,17010,78840,2800,6020,4030
734510,735580,Fall Malefic,270,1.0,19260,17010,79110,2800,6020,4030
717450,736500,Combust III (dot),70,1.0,19260,17080,79110,2800,6020,4030
736820,737890,Fall Malefic,270,1.0,19260,17080,79380,2800,6020,4030
738210,738742,Auto,90,1.0,19350,17080,79380,2800,6020,4030
717450,739500,Combust III (dot),70,1.0,19350,17150,79380,2800,6020,4030
739130,740200,Fall Malefic,270,1.0,19350,17150,79650,2800,6020,4030
741940,742472,Auto,90,1.0,19440,17150,79650,2800,6020,4030
717450,742500,Combust III (dot),70,1.0,19440,17220,79650,2800,6020,4030
741440,742510,Fall Malefic,270,1.0,19440,17220,79920,2800,6020,4030
743750,744820,Fall Malefic,270,1.0,19440,17220,80190,2800,6020,4030
717450,745500,Combust III (dot),70,1.0,19440,17290,80190,2800,6020,4030
745140,745672,Auto,90,1.0,19530,17290,80190,2800,6020,4030
745170,746240,Fall Malefic,270,1.0,19530,17290,80460,2800,6020,4030
747480,748550,Fall Malefic,270,1.0,19530,17290,80730,2800,6020,4030
748340,748872,Auto,90,1.0,19620,17290,80730,2800,6020,4030
749790,750860,Fall Malefic,270,1.0,19620,17290,81000,2800,6020,4030
